OrderID,OrderDate,CustomerName,CustomerType,Gender,Age,Region,State,City,Category,SubCategory,Quantity,UnitPrice,Discount,Sales,Profit,ServiceCharge_INR,DeliveryDays,PaymentMode,Rating
ORD94079,2023-01-09,Priya Pillai,Regular,Male,32,West,Gujarat,Ahmedabad,Suite,Presidential Suite,2,20122.75,0.05,38233.22,3854.74,1939.4,0,Net Banking,4.0
ORD10847,2024-06-08,Pari Sharma,Premium,Male,41,West,Maharashtra,Mumbai,Banquet/Event,Small Meeting Room,1,137759.3,0.05,130871.33,34232.7,1030.13,1,Wallet,4.0
ORD23417,2023-05-16,Aman Das,Regular,Male,65,North,Haryana,Faridabad,Banquet/Event,Wedding Hall,1,142493.07,0.1,128243.76,10755.57,426.79,1,Debit Card,3.0
ORD44383,2024-02-21,Nisha Sharma,Regular,Male,53,East,Odisha,Cuttack,Villa,Beach Villa,1,51612.61,0.15,43870.72,8054.97,1259.65,3,Credit Card,5.0
ORD97457,2023-02-09,Kabir Gupta,New,Male,39,West,Maharashtra,Pune,Banquet/Event,Rooftop Party,1,123199.73,0.05,117039.74,38377.58,1735.33,3,UPI,5.0
ORD19724,2024-11-23,Meera Chopra,Regular,Male,38,East,West Bengal,Kolkata,Suite,Honeymoon Suite,3,23444.18,0.15,59782.66,7275.23,1921.58,3,Wallet,2.0
ORD90161,2023-03-16,Aarav Pillai,Premium,Male,24,East,Bihar,Patna,Banquet/Event,Small Meeting Room,1,144189.67,0.15,122561.22,17487.67,727.72,2,UPI,4.0
ORD55338,2024-01-30,Vivaan Rao,Regular,Female,28,South,Telangana,Warangal,Banquet/Event,Wedding Hall,1,54338.34,0.1,48904.51,11144.97,1379.31,3,Credit Card,4.0
ORD89831,2024-12-29,Reyansh Mehta,Premium,Female,51,North,Delhi,New Delhi,Deluxe Room,City View,4,3512.1,0.1,12643.56,4000.81,1132.47,3,Debit Card,4.0
ORD99677,2024-09-21,Aman Mehta,New,Male,48,South,Karnataka,Mysuru,Suite,Luxury Suite,2,24079.99,0.05,45751.98,11714.17,417.7,3,UPI,1.0
ORD27067,2023-01-09,Ishaan Das,Premium,Male,24,South,Tamil Nadu,Chennai,Banquet/Event,Conference Hall,1,78019.47,0.15,66316.55,9512.4,891.53,3,Credit Card,3.0
ORD69930,2024-10-31,Dev Agarwal,Regular,Male,55,South,Karnataka,Bengaluru,Standard Room,Double,2,2126.97,0.2,3403.15,679.1,1962.6,3,Debit Card,2.0
ORD21855,2023-04-20,Zara Singh,Regular,Male,55,West,Gujarat,Ahmedabad,Suite,Junior Suite,2,8769.74,0.2,14031.58,3111.23,753.25,3,Credit Card,4.0
ORD90006,2023-05-10,Aarav Iyer,New,Female,65,South,Kerala,Thiruvananthapuram,Deluxe Room,Garden View,3,4926.71,0.15,12563.11,3646.86,873.62,3,Wallet,3.0
ORD71564,2023-02-23,Sneha Bhatt,New,Male,22,South,Kerala,Kochi,Villa,1BHK Villa,1,21029.55,0.15,17875.12,2524.91,1870.84,3,Debit Card,3.0
ORD53746,2023-05-31,Anika Bhatt,Regular,Male,19,West,Maharashtra,Mumbai,Standard Room,Non-AC,1,2464.08,0.05,2340.88,475.37,355.26,2,Credit Card,3.0
ORD70633,2023-09-26,Meera Kulkarni,New,Male,42,South,Karnataka,Mysuru,Deluxe Room,Pool View,2,4323.66,0.0,8647.32,1394.54,1590.07,0,Credit Card,4.0
ORD45441,2023-11-19,Kavya Iyer,New,Female,18,North,Punjab,Ludhiana,Standard Room,Non-AC,2,3954.99,0.15,6723.48,1959.37,1736.74,2,Net Banking,1.0
ORD65452,2024-07-11,Aryan Iyer,New,Female,28,East,Odisha,Bhubaneswar,Standard Room,AC,4,2779.95,0.1,10007.82,2947.64,647.33,2,Debit Card,5.0
ORD15871,2024-08-04,Neha Chopra,New,Female,25,North,Delhi,New Delhi,Deluxe Room,Pool View,3,6743.46,0.05,19218.86,2616.76,1785.4,2,Credit Card,4.0
ORD26073,2023-02-08,Kabir Sharma,Premium,Female,42,North,Uttar Pradesh,Noida,Villa,1BHK Villa,2,49995.24,0.1,89991.43,10745.15,891.92,1,Wallet,1.0
ORD74027,2023-10-01,Tanya Chopra,New,Male,41,East,Jharkhand,Ranchi,Deluxe Room,City View,2,7616.53,0.0,15233.06,2900.54,1227.79,2,Net Banking,3.0
ORD39849,2024-03-11,Vivaan Singh,Premium,Female,29,North,Uttar Pradesh,Lucknow,Standard Room,AC,1,2755.12,0.15,2341.85,611.92,1386.3,3,Wallet,3.0
ORD77440,2023-06-17,Rohan Verma,New,Female,43,South,Kerala,Thiruvananthapuram,Deluxe Room,Executive,3,5698.01,0.15,14529.93,3953.01,1680.35,3,UPI,3.0
ORD15343,2024-01-30,Krishna Pillai,New,Female,24,East,Bihar,Gaya,Standard Room,Double,3,1590.65,0.2,3817.56,579.0,289.87,1,UPI,5.0
ORD40755,2023-04-05,Priya Kapoor,Premium,Female,56,West,Rajasthan,Udaipur,Banquet/Event,Poolside Event,1,100799.59,0.1,90719.63,21733.24,742.38,3,Credit Card,1.0
ORD53748,2024-12-29,Dev Das,Regular,Female,39,East,Odisha,Bhubaneswar,Villa,Beach Villa,2,41607.72,0.2,66572.35,16522.35,1860.17,1,Debit Card,2.0
ORD53879,2023-05-23,Diya Iyer,New,Male,22,South,Kerala,Kochi,Standard Room,Double,2,3760.71,0.2,6017.14,1313.82,1724.53,1,Wallet,1.0
ORD22555,2023-10-23,Ananya Chopra,Regular,Female,21,East,Jharkhand,Jamshedpur,Suite,Junior Suite,3,21252.5,0.15,54193.88,9859.49,1556.1,3,UPI,2.0
ORD86210,2023-01-20,Meera Joshi,New,Male,37,East,Odisha,Bhubaneswar,Standard Room,AC,1,2029.26,0.2,1623.41,154.12,580.23,2,Net Banking,4.0
ORD94882,2024-12-25,Simran Iyer,New,Female,60,South,Kerala,Kochi,Suite,Family Suite,2,21762.83,0.1,39173.09,4868.78,1946.86,2,Debit Card,3.0
ORD88983,2023-09-11,Pooja Verma,Regular,Female,54,South,Tamil Nadu,Coimbatore,Deluxe Room,Garden View,3,6362.78,0.15,16225.09,1485.34,1837.36,3,Wallet,1.0
ORD80052,2023-06-24,Myra Kapoor,Regular,Female,56,South,Telangana,Warangal,Deluxe Room,Business,1,6893.56,0.15,5859.53,1641.8,1038.42,2,UPI,2.0
ORD51857,2023-10-28,Ayaan Kulkarni,Regular,Female,30,North,Punjab,Ludhiana,Banquet/Event,Poolside Event,1,119132.51,0.2,95306.01,17553.91,868.48,1,Debit Card,3.0
ORD97963,2024-10-17,Vivaan Gupta,New,Male,44,North,Delhi,New Delhi,Villa,1BHK Villa,2,22679.98,0.05,43091.96,12140.61,680.11,2,Net Banking,1.0
ORD28152,2023-08-07,Yash Kapoor,Regular,Female,22,West,Gujarat,Ahmedabad,Deluxe Room,Pool View,3,7786.32,0.0,23358.96,7684.99,543.7,1,UPI,5.0
ORD66829,2023-05-02,Myra Singh,New,Female,53,West,Maharashtra,Mumbai,Standard Room,Twin Sharing,2,2696.18,0.15,4583.51,1482.24,433.17,0,Credit Card,5.0
ORD98207,2023-11-20,Kiara Agarwal,Regular,Male,48,South,Kerala,Thiruvananthapuram,Standard Room,Twin Sharing,5,2765.67,0.2,11062.68,2350.22,453.11,3,Wallet,5.0
ORD82209,2023-12-31,Ishaan Patel,Regular,Male,65,East,Jharkhand,Jamshedpur,Banquet/Event,Poolside Event,1,47718.16,0.2,38174.53,3376.96,425.02,0,UPI,3.0
ORD86670,2023-05-28,Myra Bhatt,New,Male,52,East,Bihar,Gaya,Banquet/Event,Rooftop Party,1,42260.81,0.05,40147.77,5216.48,973.46,3,UPI,1.0
ORD40566,2023-01-12,Pari Nair,New,Female,31,North,Haryana,Gurugram,Deluxe Room,Business,4,5462.96,0.15,18574.06,1956.96,1088.42,1,Debit Card,2.0
ORD73198,2024-03-11,Kiara Das,Regular,Female,30,West,Goa,Panaji,Banquet/Event,Small Meeting Room,1,51879.83,0.1,46691.85,7422.29,1518.1,2,Debit Card,1.0
ORD30803,2023-06-15,Pooja Sharma,Regular,Male,52,North,Uttar Pradesh,Noida,Standard Room,Single,1,2674.5,0.1,2407.05,783.02,1281.73,0,UPI,1.0
ORD39181,2024-04-20,Priya Verma,Regular,Female,24,West,Goa,Panaji,Suite,Luxury Suite,3,13782.53,0.1,37212.83,10848.29,801.38,3,UPI,5.0
ORD98632,2024-02-29,Myra Chopra,New,Male,63,South,Tamil Nadu,Chennai,Deluxe Room,Business,4,7876.43,0.15,26779.86,5952.43,443.08,0,Wallet,2.0
ORD47605,2023-10-17,Rahul Mehta,Regular,Male,45,East,Jharkhand,Jamshedpur,Suite,Luxury Suite,2,10154.39,0.15,17262.46,1813.17,321.61,2,Debit Card,4.0
ORD98292,2023-11-27,Yash Malhotra,New,Female,21,South,Karnataka,Bengaluru,Suite,Family Suite,1,16418.6,0.0,16418.6,4001.94,1339.76,2,Wallet,2.0
ORD62455,2023-02-12,Ananya Khan,Premium,Male,44,West,Gujarat,Surat,Standard Room,AC,1,3961.77,0.0,3961.77,358.53,486.83,3,Credit Card,4.0
ORD51279,2023-05-06,Ananya Chopra,New,Female,60,North,Uttar Pradesh,Noida,Deluxe Room,Executive,3,4157.76,0.0,12473.28,3618.87,1150.14,2,UPI,4.0
ORD26660,2024-03-13,Arjun Kapoor,New,Female,48,East,West Bengal,Howrah,Villa,Pool Villa,1,42468.01,0.2,33974.41,4782.01,1117.2,2,UPI,4.0
ORD14612,2024-03-26,Meera Mehta,Regular,Female,64,West,Goa,Panaji,Villa,1BHK Villa,1,36662.86,0.0,36662.86,11781.37,455.63,3,Credit Card,4.0
ORD58198,2023-12-19,Kabir Reddy,Premium,Male,34,South,Telangana,Hyderabad,Standard Room,Twin Sharing,1,3086.04,0.05,2931.74,332.8,1076.57,0,Wallet,3.0
ORD51752,2023-11-04,Pari Joshi,Regular,Male,18,South,Tamil Nadu,Chennai,Banquet/Event,Conference Hall,1,99086.39,0.1,89177.75,30010.63,847.01,3,Debit Card,4.0
ORD82058,2023-09-23,Anika Kulkarni,Premium,Male,33,North,Uttar Pradesh,Noida,Banquet/Event,Small Meeting Room,1,72480.38,0.2,57984.3,19641.89,1446.47,3,Net Banking,3.0
ORD86550,2024-03-02,Yash Kulkarni,Premium,Female,45,North,Uttar Pradesh,Noida,Villa,2BHK Villa,2,52239.95,0.0,104479.9,22308.01,223.54,0,Wallet,5.0
ORD71301,2023-06-05,Aman Chopra,Regular,Male,28,South,Karnataka,Mysuru,Banquet/Event,Small Meeting Room,1,59877.56,0.2,47902.05,12811.43,550.55,2,Wallet,1.0
ORD73507,2024-09-06,Saanvi Kapoor,Premium,Female,53,West,Maharashtra,Mumbai,Villa,2BHK Villa,1,40005.6,0.1,36005.04,10984.08,320.58,1,Wallet,2.0
ORD10912,2024-07-01,Vivaan Mehta,Regular,Male,63,West,Maharashtra,Pune,Standard Room,Non-AC,2,1541.92,0.05,2929.65,652.34,234.82,1,Credit Card,3.0
ORD72194,2024-10-02,Pooja Iyer,Regular,Female,56,East,West Bengal,Howrah,Suite,Honeymoon Suite,1,12359.66,0.15,10505.71,1470.76,1554.84,1,Debit Card,4.0
ORD90780,2023-10-09,Priya Khan,New,Female,49,South,Tamil Nadu,Coimbatore,Villa,Beach Villa,1,46523.25,0.2,37218.6,5605.79,1242.41,3,Wallet,5.0
ORD84967,2023-09-28,Vihaan Chopra,Regular,Female,64,South,Kerala,Kochi,Deluxe Room,Executive,3,6572.33,0.15,16759.44,4339.32,1015.53,3,UPI,5.0
ORD20792,2023-07-17,Varun Pillai,Regular,Male,65,West,Gujarat,Surat,Standard Room,Double,4,3296.3,0.2,10548.16,1904.14,1352.12,1,UPI,4.0
ORD94300,2024-04-17,Tanya Chopra,Regular,Female,32,North,Haryana,Gurugram,Deluxe Room,Pool View,2,3996.48,0.15,6794.02,2172.76,1880.5,1,Wallet,2.0
ORD56521,2024-01-29,Yash Mehta,Regular,Male,22,North,Uttar Pradesh,Lucknow,Standard Room,Twin Sharing,1,2269.64,0.1,2042.68,695.56,1300.59,2,Wallet,2.0
ORD62808,2024-01-06,Aman Reddy,Regular,Female,54,South,Tamil Nadu,Chennai,Villa,2BHK Villa,2,27884.75,0.1,50192.55,4635.8,779.46,1,UPI,5.0
ORD55876,2024-04-08,Unknown,Regular,Male,40,North,Punjab,Ludhiana,Deluxe Room,City View,2,4887.51,0.2,7820.02,2223.71,731.63,0,Wallet,5.0
ORD82010,2023-03-14,Kiara Rao,Premium,Male,42,South,Kerala,Kochi,Banquet/Event,Small Meeting Room,1,60951.19,0.05,57903.63,8122.67,1534.09,0,Credit Card,3.0
ORD49830,2024-08-28,Kabir Sharma,Regular,Female,24,East,West Bengal,Howrah,Banquet/Event,Rooftop Party,1,52648.21,0.2,42118.57,12955.35,299.22,0,Net Banking,4.0
ORD27917,2024-05-02,Priya Singh,Premium,Male,51,North,Punjab,Amritsar,Suite,Honeymoon Suite,1,14215.46,0.1,12793.91,2076.84,492.38,2,Debit Card,2.0
ORD83372,2024-11-11,Kiara Singh,Regular,Male,49,North,Uttar Pradesh,Noida,Banquet/Event,Poolside Event,1,98496.34,0.1,88646.71,19371.94,611.22,2,Net Banking,5.0
ORD78562,2023-11-17,Advait Chopra,New,Female,44,North,Delhi,New Delhi,Villa,Hillside Villa,2,59184.75,0.05,112451.02,22406.86,332.25,1,Credit Card,5.0
ORD17619,2023-03-09,Krishna Reddy,Regular,Female,31,South,Tamil Nadu,Coimbatore,Villa,1BHK Villa,2,40726.33,0.15,69234.76,7441.74,904.41,1,Credit Card,3.0
ORD75678,2023-12-13,Isha Khan,New,Male,42,South,Telangana,Hyderabad,Villa,Hillside Villa,2,52476.01,0.0,104952.02,30194.9,1862.01,2,Wallet,3.0
ORD55939,2024-04-13,Diya Kulkarni,New,Male,24,South,Kerala,Kochi,Deluxe Room,Pool View,3,6570.52,0.1,17740.4,5931.51,1364.45,0,UPI,3.0
ORD90283,2023-04-07,Varun Agarwal,Premium,Male,36,South,Kerala,Thiruvananthapuram,Banquet/Event,Conference Hall,1,41533.1,0.1,37379.79,9230.66,1417.38,1,Debit Card,2.0
ORD17688,2023-11-25,Aman Nair,Premium,Female,57,North,Punjab,Ludhiana,Suite,Family Suite,2,8354.88,0.1,15038.78,4792.18,707.52,0,UPI,3.0
ORD28645,2023-12-15,Zara Patel,Regular,Male,27,North,Punjab,Amritsar,Standard Room,Twin Sharing,5,3574.57,0.2,14298.28,3938.68,539.61,2,Net Banking,4.0
ORD57596,2023-06-02,Unknown,Premium,Female,62,East,Bihar,Gaya,Banquet/Event,Conference Hall,1,112146.56,0.2,89717.25,29741.34,1340.22,0,UPI,1.0
ORD79127,2024-02-15,Dev Patel,New,Female,62,South,Kerala,Thiruvananthapuram,Villa,2BHK Villa,1,46120.41,0.0,46120.41,15304.12,1855.26,3,UPI,2.0
ORD51991,2023-06-02,Aditya Iyer,Regular,Male,33,East,Jharkhand,Jamshedpur,Standard Room,Single,4,3369.85,0.0,13479.4,2297.22,727.86,3,Debit Card,2.0
ORD19740,2024-11-01,Unknown,Premium,Male,62,South,Telangana,Hyderabad,Standard Room,Single,3,1897.74,0.05,5408.56,1589.58,1962.29,1,Credit Card,3.0
ORD73153,2024-09-19,Unknown,Regular,Female,55,West,Rajasthan,Jaipur,Standard Room,Twin Sharing,1,3734.76,0.1,3361.28,1146.28,706.77,3,Credit Card,3.0
ORD94056,2023-08-12,Nisha Agarwal,New,Female,35,West,Rajasthan,Jaipur,Deluxe Room,Garden View,2,5257.42,0.0,10514.84,1269.15,1954.05,0,UPI,2.0
ORD71763,2023-08-01,Rohan Gupta,New,Female,53,East,Bihar,Patna,Banquet/Event,Poolside Event,1,140481.84,0.2,112385.47,23132.41,1616.76,1,Credit Card,1.0
ORD94719,2023-10-02,Riya Sharma,New,Male,59,East,Jharkhand,Ranchi,Banquet/Event,Conference Hall,1,130976.16,0.0,130976.16,42601.88,580.22,3,Credit Card,4.0
ORD76997,2024-06-24,Pari Chopra,Regular,Male,48,West,Goa,Panaji,Banquet/Event,Rooftop Party,1,60447.43,0.0,60447.43,13554.22,768.04,3,Credit Card,2.0
ORD93987,2023-07-28,Aditya Malhotra,Premium,Male,21,West,Gujarat,Surat,Suite,Honeymoon Suite,1,15792.41,0.2,12633.93,379.27,721.29,0,Wallet,3.0
ORD48001,2024-08-11,Rahul Rao,New,Female,64,North,Punjab,Amritsar,Villa,2BHK Villa,2,38894.66,0.2,62231.46,18521.12,1621.84,2,Credit Card,2.0
ORD79636,2023-03-08,Rohan Singh,Regular,Male,39,East,Odisha,Cuttack,Standard Room,Double,3,2889.1,0.1,7800.57,299.09,1418.05,3,Debit Card,3.0
ORD67905,2023-12-04,Arjun Iyer,New,Female,50,South,Tamil Nadu,Chennai,Villa,Beach Villa,2,58716.95,0.05,111562.2,19001.81,1269.34,3,Wallet,3.0
ORD90279,2024-09-30,Zara Agarwal,Regular,Female,61,West,Rajasthan,Udaipur,Deluxe Room,Executive,1,6492.08,0.0,6492.08,1830.45,880.56,2,Wallet,1.0
ORD80078,2023-06-25,Yash Kulkarni,New,Female,40,West,Gujarat,Ahmedabad,Standard Room,Single,2,2139.9,0.0,4279.8,613.07,1992.94,0,Credit Card,1.0
ORD55383,2023-12-23,Reyansh Verma,New,Male,29,North,Uttar Pradesh,Lucknow,Suite,Junior Suite,2,20877.43,0.05,39667.12,-658.83,261.46,0,Credit Card,2.0
ORD47244,2024-10-08,Ananya Rao,Premium,Male,44,West,Maharashtra,Pune,Deluxe Room,Executive,4,5422.85,0.2,17353.12,4687.29,226.12,1,Wallet,5.0
ORD36331,2024-03-22,Pari Nair,Regular,Male,34,West,Gujarat,Surat,Villa,Beach Villa,2,27957.27,0.1,50323.09,4426.18,1216.04,0,Credit Card,4.0
ORD47016,2024-05-18,Simran Pillai,Premium,Female,58,West,Gujarat,Ahmedabad,Deluxe Room,City View,3,4955.41,0.15,12636.3,3706.7,1878.1,3,Credit Card,2.0
ORD60022,2024-06-29,Ayaan Joshi,Regular,Female,39,North,Uttar Pradesh,Noida,Villa,Hillside Villa,2,43133.77,0.15,73327.41,19128.13,296.76,0,Credit Card,2.0
ORD37438,2023-11-09,Aarav Chopra,Regular,Male,53,South,Telangana,Warangal,Villa,Beach Villa,1,50216.33,0.1,45194.7,13939.73,808.72,0,Wallet,1.0
ORD27661,2023-01-15,Priya Verma,Regular,Male,58,North,Delhi,New Delhi,Standard Room,Non-AC,5,2022.21,0.0,10111.05,2511.37,410.7,3,Credit Card,4.0
ORD92474,2024-11-01,Krishna Khan,New,Male,27,North,Punjab,Amritsar,Deluxe Room,Garden View,1,5109.66,0.05,4854.18,841.8,822.19,0,UPI,2.0
ORD49158,2024-05-25,Myra Agarwal,Premium,Male,65,South,Tamil Nadu,Coimbatore,Suite,Honeymoon Suite,2,15637.49,0.05,29711.23,5350.18,364.35,2,Net Banking,5.0
ORD20766,2023-05-04,Vikram Rao,Regular,Female,34,West,Goa,Panaji,Standard Room,Single,4,3164.47,0.1,11392.09,2475.45,1064.86,0,Credit Card,2.0
ORD24445,2023-09-20,Kabir Nair,Regular,Male,19,South,Telangana,Hyderabad,Deluxe Room,Business,1,3679.37,0.1,3311.43,531.79,776.13,3,UPI,3.0
ORD54520,2023-01-06,Krishna Malhotra,Regular,Female,48,South,Kerala,Thiruvananthapuram,Banquet/Event,Wedding Hall,1,96261.83,0.15,81822.56,16113.18,1079.08,3,Wallet,1.0
ORD54752,2024-08-19,Tanya Mehta,Regular,Male,22,East,Bihar,Gaya,Standard Room,Single,5,2633.33,0.05,12508.32,3880.12,551.1,3,Credit Card,2.0
ORD24712,2024-11-01,Sneha Bhatt,Regular,Female,44,East,Bihar,Gaya,Villa,2BHK Villa,2,20318.52,0.1,36573.34,5087.03,1814.63,1,Net Banking,3.0
ORD94544,2023-09-25,Ananya Sharma,New,Female,51,South,Karnataka,Mysuru,Standard Room,Single,1,3747.63,0.05,3560.25,1207.22,308.17,1,Credit Card,3.0
ORD57136,2023-09-08,Riya Gupta,Regular,Female,53,South,Karnataka,Bengaluru,Deluxe Room,Pool View,4,3815.24,0.1,13734.86,2324.68,1730.94,2,Debit Card,2.0
ORD21389,2023-09-21,Dev Gupta,Regular,Female,28,South,Kerala,Kochi,Standard Room,Twin Sharing,5,3808.63,0.1,17138.84,1946.26,996.99,1,UPI,4.0
ORD77665,2024-11-05,Vikram Mehta,Regular,Female,53,East,West Bengal,Howrah,Villa,2BHK Villa,2,32160.06,0.0,64320.12,22272.18,628.95,2,Net Banking,3.0
ORD57047,2023-05-22,Advait Rao,New,Female,49,South,Kerala,Thiruvananthapuram,Standard Room,Double,1,2208.74,0.2,1766.99,499.55,1419.8,1,Debit Card,3.0
ORD68131,2024-03-30,Saanvi Sharma,Regular,Female,32,North,Uttar Pradesh,Noida,Banquet/Event,Small Meeting Room,1,52662.18,0.1,47395.96,5647.42,282.43,0,Debit Card,3.0
ORD17684,2024-10-31,Krishna Joshi,New,Female,57,South,Tamil Nadu,Coimbatore,Standard Room,Double,2,3398.51,0.15,5777.47,532.65,1109.1,2,Net Banking,2.0
ORD64619,2024-12-13,Kiara Bhatt,Regular,Male,38,South,Kerala,Kochi,Villa,Beach Villa,1,56707.91,0.15,48201.72,11142.54,1964.89,0,Credit Card,1.0
ORD73212,2023-10-19,Kabir Sharma,Regular,Male,47,East,Odisha,Cuttack,Banquet/Event,Wedding Hall,1,38223.08,0.05,36311.93,3792.39,874.02,1,Net Banking,3.0
ORD33926,2023-11-20,Riya Das,Regular,Female,53,South,Kerala,Thiruvananthapuram,Suite,Luxury Suite,3,19870.29,0.1,53649.78,17713.05,450.01,3,Wallet,3.0
ORD66366,2024-03-09,Meera Iyer,Regular,Male,28,South,Karnataka,Bengaluru,Suite,Junior Suite,1,8557.78,0.2,6846.22,1216.32,1664.21,2,UPI,3.0
ORD79863,2024-08-22,Simran Patel,Regular,Male,27,East,Jharkhand,Jamshedpur,Standard Room,Double,5,3751.67,0.0,18758.35,1911.55,1683.39,1,Wallet,5.0
ORD97027,2024-08-12,Pooja Rao,Regular,Female,33,East,West Bengal,Howrah,Deluxe Room,Pool View,2,5738.44,0.05,10903.04,1166.47,1303.06,2,UPI,5.0
ORD86534,2024-02-29,Aditya Pillai,Regular,Female,43,North,Punjab,Ludhiana,Deluxe Room,Garden View,4,7187.22,0.0,28748.88,8218.22,815.83,0,Net Banking,3.0
ORD39726,2023-10-27,Rohan Sharma,Regular,Male,30,West,Gujarat,Surat,Suite,Junior Suite,2,21192.15,0.1,38145.87,11194.36,1260.72,3,Debit Card,5.0
ORD41989,2023-07-06,Vihaan Kulkarni,Premium,Male,27,South,Telangana,Hyderabad,Standard Room,AC,1,2053.86,0.1,1848.47,472.48,723.42,2,Debit Card,4.0
ORD44450,2023-07-16,Priya Joshi,Regular,Male,47,East,Jharkhand,Ranchi,Standard Room,Double,4,2479.46,0.2,7934.27,1819.08,825.27,0,Net Banking,4.0
ORD95099,2024-05-11,Myra Iyer,Regular,Female,54,West,Gujarat,Ahmedabad,Banquet/Event,Conference Hall,1,96869.59,0.15,82339.15,9370.63,553.36,3,Wallet,4.0
ORD19344,2024-01-23,Advait Reddy,New,Male,61,South,Tamil Nadu,Coimbatore,Standard Room,Non-AC,5,2514.55,0.2,10058.2,1742.55,1602.79,2,Net Banking,2.0
ORD89759,2024-01-31,Diya Kapoor,New,Male,25,West,Gujarat,Surat,Villa,Pool Villa,1,42482.51,0.2,33986.01,5300.3,673.27,1,Credit Card,2.0
ORD79250,2023-02-23,Diya Gupta,Regular,Female,63,East,Jharkhand,Ranchi,Suite,Honeymoon Suite,2,20227.01,0.05,38431.32,10196.86,1422.64,0,Credit Card,3.0
ORD79111,2023-11-10,Priya Iyer,Regular,Male,39,North,Delhi,New Delhi,Banquet/Event,Small Meeting Room,1,127094.33,0.15,108030.18,23499.95,1930.69,3,Debit Card,2.0
ORD47096,2024-02-10,Vikram Rao,Regular,Male,44,South,Tamil Nadu,Chennai,Suite,Honeymoon Suite,3,16082.14,0.1,43421.78,7363.24,1837.78,1,Net Banking,1.0
ORD58288,2023-02-14,Aryan Pillai,New,Male,51,South,Tamil Nadu,Coimbatore,Standard Room,Non-AC,4,3297.96,0.05,12532.25,2895.74,579.63,2,Net Banking,5.0
ORD78794,2024-02-25,Ishaan Kapoor,Premium,Female,63,East,Bihar,Gaya,Villa,Hillside Villa,2,24316.78,0.15,41338.53,8461.36,898.83,1,Wallet,2.0
ORD27640,2023-07-21,Varun Pillai,Regular,Male,62,North,Delhi,New Delhi,Villa,Beach Villa,2,39580.42,0.05,75202.8,20647.02,1618.18,3,Wallet,5.0
ORD29767,2024-06-26,Priya Kapoor,Regular,Male,42,East,West Bengal,Kolkata,Villa,1BHK Villa,2,21703.4,0.15,36895.78,6672.2,229.34,0,Wallet,3.0
ORD80358,2024-09-12,Unknown,Regular,Female,56,South,Karnataka,Mysuru,Villa,Hillside Villa,1,26294.18,0.2,21035.34,5482.9,776.21,3,Debit Card,3.0
ORD81594,2024-12-19,Pooja Joshi,Regular,Female,45,North,Uttar Pradesh,Lucknow,Villa,1BHK Villa,1,40864.28,0.2,32691.42,7481.51,412.78,1,UPI,5.0
ORD42312,2023-02-08,Ishaan Sharma,Regular,Male,52,West,Gujarat,Surat,Banquet/Event,Wedding Hall,1,61941.24,0.2,49552.99,15486.71,543.5,0,Wallet,2.0
ORD40680,2023-11-26,Advait Singh,Regular,Female,36,East,Bihar,Gaya,Deluxe Room,Business,3,5286.35,0.05,15066.1,4129.96,1672.8,3,Net Banking,3.0
ORD71889,2024-08-09,Myra Gupta,Regular,Male,33,West,Goa,Panaji,Deluxe Room,Business,2,6475.53,0.2,10360.85,3146.47,571.69,2,Wallet,5.0
ORD80211,2024-09-09,Ishaan Singh,Regular,Female,18,West,Rajasthan,Jaipur,Villa,2BHK Villa,2,27113.0,0.0,54226.0,11011.91,940.63,3,UPI,5.0
ORD36300,2024-06-26,Varun Kulkarni,Regular,Male,48,North,Uttar Pradesh,Lucknow,Standard Room,AC,3,3104.03,0.2,7449.67,1233.85,1547.78,2,UPI,2.0
ORD59273,2024-10-13,Tanya Pillai,Regular,Female,33,South,Kerala,Thiruvananthapuram,Villa,Hillside Villa,2,52901.59,0.2,84642.54,8680.0,1542.72,0,Debit Card,2.0
ORD53678,2023-04-23,Ira Malhotra,Regular,Female,27,West,Maharashtra,Mumbai,Suite,Family Suite,3,23584.13,0.1,63677.15,19993.96,851.46,0,Net Banking,1.0
ORD88846,2024-04-20,Meera Agarwal,Regular,Female,47,North,Uttar Pradesh,Lucknow,Suite,Honeymoon Suite,2,15820.56,0.05,30059.06,9068.64,249.54,0,UPI,5.0
ORD28850,2024-11-24,Unknown,Premium,Female,39,North,Haryana,Gurugram,Banquet/Event,Small Meeting Room,1,70851.11,0.1,63766.0,10230.02,756.3,3,Net Banking,4.0
ORD81024,2024-04-02,Zara Verma,Regular,Female,48,West,Rajasthan,Jaipur,Suite,Luxury Suite,1,12222.07,0.15,10388.76,3413.32,1531.6,1,Debit Card,3.0
ORD61211,2023-02-09,Tanya Patel,Regular,Male,28,West,Gujarat,Surat,Deluxe Room,City View,3,4699.48,0.1,12688.6,3741.84,1828.67,1,Wallet,5.0
ORD35308,2023-12-31,Sneha Patel,New,Female,49,East,Odisha,Bhubaneswar,Standard Room,Twin Sharing,2,3058.51,0.2,4893.62,1304.51,565.45,1,Net Banking,1.0
ORD48214,2023-07-24,Isha Agarwal,Premium,Male,33,South,Karnataka,Mysuru,Suite,Honeymoon Suite,2,20504.87,0.05,38959.25,7216.79,1518.9,1,Wallet,4.0
ORD17341,2024-06-03,Unknown,Premium,Female,51,South,Tamil Nadu,Coimbatore,Suite,Junior Suite,3,16123.31,0.2,38695.94,13106.78,1455.32,1,Wallet,5.0
ORD41421,2024-06-24,Priya Reddy,Regular,Female,60,West,Rajasthan,Jaipur,Deluxe Room,Pool View,4,7918.0,0.15,26921.2,4544.25,1233.85,1,UPI,2.0
ORD32008,2024-06-13,Aditya Das,Regular,Male,44,West,Rajasthan,Udaipur,Suite,Honeymoon Suite,2,9119.31,0.0,18238.62,2068.68,1901.47,1,Wallet,1.0
ORD55405,2023-08-26,Reyansh Verma,Regular,Male,27,West,Gujarat,Ahmedabad,Standard Room,Double,1,2368.95,0.2,1895.16,286.36,657.15,2,UPI,1.0
ORD93356,2024-12-19,Aditya Singh,Regular,Female,46,East,Bihar,Patna,Banquet/Event,Poolside Event,1,126164.44,0.1,113548.0,28510.36,568.33,3,Debit Card,2.0
ORD46183,2023-10-03,Advait Sharma,Premium,Female,51,West,Gujarat,Ahmedabad,Suite,Presidential Suite,1,10508.09,0.2,8406.47,738.55,1588.15,3,UPI,4.0
ORD74943,2023-01-22,Kiara Iyer,Regular,Female,63,North,Haryana,Faridabad,Suite,Presidential Suite,1,21532.86,0.0,21532.86,7510.7,1414.89,1,Credit Card,5.0
ORD62181,2024-06-06,Varun Verma,Regular,Female,56,South,Karnataka,Bengaluru,Deluxe Room,Garden View,2,4185.77,0.15,7115.81,1203.93,1354.61,3,Debit Card,3.0
ORD40209,2023-04-25,Ananya Rao,New,Female,65,South,Karnataka,Mysuru,Deluxe Room,Garden View,2,4520.3,0.2,7232.48,2265.88,604.15,0,Wallet,5.0
ORD72003,2024-07-24,Rohan Nair,Regular,Male,63,East,Jharkhand,Jamshedpur,Standard Room,Non-AC,2,1609.11,0.1,2896.4,803.85,1188.37,2,Net Banking,4.0
ORD87521,2023-07-29,Pari Gupta,Premium,Female,29,North,Uttar Pradesh,Noida,Villa,2BHK Villa,2,52908.65,0.05,100526.43,3076.44,1343.14,0,Wallet,2.0
ORD29962,2024-05-16,Pooja Sharma,Premium,Female,29,South,Kerala,Kochi,Villa,Hillside Villa,2,46930.37,0.05,89167.7,18066.59,1700.76,1,Wallet,2.0
ORD84503,2024-01-01,Krishna Singh,Regular,Male,43,East,West Bengal,Howrah,Suite,Honeymoon Suite,2,11913.73,0.1,21444.71,6596.19,669.59,3,Net Banking,4.0
ORD77648,2024-05-11,Anika Kulkarni,Regular,Male,56,North,Uttar Pradesh,Lucknow,Villa,Beach Villa,1,29586.21,0.2,23668.97,3677.9,731.15,3,Debit Card,3.0
ORD42748,2023-04-29,Rahul Kapoor,Premium,Female,47,East,Bihar,Gaya,Villa,Pool Villa,1,33089.74,0.05,31435.25,7578.96,936.75,0,Debit Card,2.0
ORD48299,2023-02-28,Aditya Bhatt,New,Male,41,South,Kerala,Thiruvananthapuram,Villa,Pool Villa,2,53244.42,0.1,95839.96,31504.54,968.27,2,Debit Card,5.0
ORD21927,2023-04-09,Diya Chopra,Regular,Female,31,North,Uttar Pradesh,Noida,Deluxe Room,City View,1,3900.44,0.05,3705.42,823.6,1849.46,1,Credit Card,1.0
ORD92717,2024-04-13,Meera Singh,Premium,Male,64,South,Karnataka,Bengaluru,Standard Room,Single,2,3269.99,0.2,5231.98,1394.44,1708.61,0,Net Banking,5.0
ORD11781,2023-10-03,Aarav Malhotra,Regular,Male,40,South,Tamil Nadu,Coimbatore,Banquet/Event,Poolside Event,1,73540.39,0.2,58832.31,7809.11,1249.06,1,Net Banking,4.0
ORD80554,2024-07-09,Isha Rao,New,Female,30,South,Telangana,Hyderabad,Standard Room,Double,2,2774.6,0.1,4994.28,892.19,1871.84,0,Net Banking,3.0
ORD64809,2023-02-14,Kavya Joshi,Regular,Male,52,North,Uttar Pradesh,Lucknow,Villa,Pool Villa,2,49212.81,0.05,93504.34,13715.76,1248.62,2,Wallet,1.0
ORD49811,2023-11-13,Isha Kapoor,Premium,Female,63,North,Uttar Pradesh,Lucknow,Deluxe Room,City View,1,4780.03,0.1,4302.03,139.12,1805.3,3,Wallet,5.0
ORD73241,2023-08-03,Yash Reddy,Premium,Male,49,West,Rajasthan,Udaipur,Standard Room,Double,1,2273.66,0.05,2159.98,539.66,1656.51,3,Debit Card,3.0
ORD49335,2024-11-12,Aarav Gupta,New,Male,36,South,Telangana,Warangal,Deluxe Room,City View,1,7308.19,0.1,6577.37,205.26,1708.85,0,Net Banking,2.0
ORD97688,2024-10-24,Nisha Mehta,Regular,Female,39,North,Punjab,Amritsar,Deluxe Room,Business,2,4749.18,0.2,7598.69,1964.29,572.97,3,Wallet,3.0
ORD14066,2024-11-16,Vikram Agarwal,Regular,Male,52,East,Bihar,Patna,Suite,Family Suite,2,18238.32,0.0,36476.64,9535.99,1193.63,1,UPI,4.0
ORD61915,2024-09-26,Kavya Iyer,Regular,Female,57,North,Uttar Pradesh,Noida,Suite,Luxury Suite,1,9478.97,0.2,7583.18,2145.9,1740.78,0,Credit Card,2.0
ORD77660,2024-01-31,Aditya Agarwal,Regular,Female,56,West,Goa,Panaji,Deluxe Room,Garden View,2,7462.9,0.1,13433.22,4110.47,1136.02,0,Debit Card,4.0
ORD56756,2023-10-31,Aryan Agarwal,Regular,Male,36,North,Haryana,Gurugram,Deluxe Room,Business,4,5411.87,0.15,18400.36,2107.05,1924.55,3,Debit Card,1.0
ORD42240,2024-04-22,Saanvi Iyer,Regular,Male,27,East,Jharkhand,Jamshedpur,Villa,Pool Villa,1,23760.82,0.1,21384.74,6966.19,469.8,3,UPI,2.0
ORD87489,2024-03-13,Advait Kulkarni,Premium,Male,31,South,Tamil Nadu,Chennai,Suite,Junior Suite,1,8875.63,0.1,7988.07,1658.46,739.73,1,Debit Card,1.0
ORD37735,2023-08-15,Aman Mehta,Premium,Female,49,South,Telangana,Hyderabad,Villa,2BHK Villa,2,30495.31,0.1,54891.56,6222.91,1638.25,0,Debit Card,4.0
ORD30496,2023-05-21,Ananya Kapoor,Premium,Female,25,South,Kerala,Kochi,Villa,Beach Villa,1,58910.68,0.1,53019.61,17352.23,1510.41,3,Debit Card,2.0
ORD86145,2023-11-26,Arjun Gupta,New,Female,22,South,Tamil Nadu,Chennai,Banquet/Event,Poolside Event,1,98910.43,0.0,98910.43,26405.23,219.3,1,Debit Card,4.0
ORD38811,2024-01-18,Advait Malhotra,Premium,Male,47,North,Punjab,Amritsar,Banquet/Event,Rooftop Party,1,27520.38,0.15,23392.32,5461.47,1253.63,0,UPI,3.0
ORD64132,2023-08-25,Anika Nair,New,Male,25,South,Telangana,Hyderabad,Standard Room,AC,5,3959.37,0.0,19796.85,2491.53,968.56,1,Net Banking,5.0
ORD57666,2024-01-14,Isha Khan,Regular,Male,64,East,West Bengal,Kolkata,Villa,1BHK Villa,1,45738.1,0.15,38877.38,9232.82,1802.2,3,Wallet,2.0
ORD62014,2023-08-26,Pari Kulkarni,Regular,Male,61,East,West Bengal,Kolkata,Villa,1BHK Villa,2,37283.98,0.1,67111.16,-2471.32,1925.47,2,Net Banking,5.0
ORD17791,2024-06-25,Kiara Pillai,New,Female,64,East,Odisha,Bhubaneswar,Banquet/Event,Small Meeting Room,1,95919.72,0.0,95919.72,22135.16,319.54,0,Credit Card,5.0
ORD33430,2024-03-21,Diya Sharma,Regular,Female,28,East,Odisha,Bhubaneswar,Standard Room,Non-AC,1,3628.27,0.05,3446.86,677.94,1217.1,0,Credit Card,5.0
ORD79237,2024-01-09,Aryan Patel,Regular,Male,26,East,Odisha,Bhubaneswar,Deluxe Room,Garden View,3,6419.0,0.05,18294.15,1799.75,1212.25,3,UPI,3.0
ORD65997,2023-12-14,Neha Singh,Regular,Female,35,East,Odisha,Cuttack,Villa,Pool Villa,1,18349.19,0.05,17431.73,239.22,909.04,3,UPI,3.0
ORD22767,2023-05-13,Aditya Gupta,Regular,Male,57,North,Haryana,Faridabad,Suite,Honeymoon Suite,3,8841.05,0.0,26523.15,5278.99,778.78,0,UPI,5.0
ORD88742,2024-11-09,Aditya Singh,Regular,Female,57,West,Maharashtra,Pune,Standard Room,Single,4,3597.71,0.2,11512.67,2262.95,764.22,1,Credit Card,3.0
ORD22872,2024-10-03,Simran Bhatt,Premium,Male,33,East,Jharkhand,Ranchi,Villa,1BHK Villa,1,26164.85,0.2,20931.88,5480.63,595.18,0,Debit Card,4.0
ORD48372,2024-06-30,Myra Verma,Premium,Male,23,North,Haryana,Faridabad,Deluxe Room,Pool View,2,5050.81,0.0,10101.62,2943.81,1296.07,1,Wallet,1.0
ORD41274,2024-11-10,Neha Chopra,New,Female,34,East,Odisha,Cuttack,Standard Room,AC,5,3990.89,0.2,15963.56,3627.62,361.87,0,UPI,3.0
ORD81382,2024-10-06,Ayaan Gupta,Regular,Male,33,North,Haryana,Faridabad,Villa,Pool Villa,1,49529.71,0.1,44576.74,7777.16,1294.71,3,Net Banking,2.0
ORD77261,2024-10-23,Vihaan Khan,Regular,Male,50,East,Bihar,Patna,Suite,Honeymoon Suite,2,11075.61,0.0,22151.22,951.53,993.58,1,UPI,1.0
ORD64083,2024-05-15,Ananya Singh,Premium,Male,53,West,Rajasthan,Jaipur,Deluxe Room,Garden View,1,4402.34,0.0,4402.34,437.02,1907.64,1,UPI,3.0
ORD76926,2024-09-04,Myra Agarwal,Regular,Female,54,North,Haryana,Faridabad,Deluxe Room,Pool View,2,5671.96,0.15,9642.33,798.12,1079.57,0,Wallet,5.0
ORD57318,2024-09-04,Aarav Nair,Premium,Female,58,West,Goa,Panaji,Villa,1BHK Villa,2,55698.07,0.15,94686.72,13079.95,338.59,0,Net Banking,2.0
ORD66003,2023-02-07,Vivaan Malhotra,Regular,Female,45,South,Telangana,Hyderabad,Banquet/Event,Rooftop Party,1,40579.38,0.2,32463.5,7044.95,1366.37,3,UPI,1.0
ORD35400,2024-02-06,Priya Agarwal,Regular,Male,57,West,Rajasthan,Jaipur,Deluxe Room,City View,3,5014.77,0.1,13539.88,2503.21,1634.88,0,Credit Card,1.0
ORD89110,2024-11-12,Tanya Nair,Regular,Female,48,East,West Bengal,Kolkata,Banquet/Event,Conference Hall,1,81683.84,0.0,81683.84,9553.49,780.04,2,UPI,4.0
ORD87353,2023-12-04,Pooja Pillai,Regular,Female,45,North,Haryana,Gurugram,Deluxe Room,Pool View,3,6452.91,0.0,19358.73,3389.47,568.64,1,Credit Card,2.0
ORD46777,2023-05-26,Kabir Chopra,Regular,Female,57,South,Telangana,Hyderabad,Standard Room,Twin Sharing,2,3826.96,0.0,7653.92,1708.24,1145.16,2,Debit Card,1.0
ORD34436,2024-07-30,Aarav Singh,New,Male,50,North,Uttar Pradesh,Lucknow,Suite,Junior Suite,3,14078.91,0.05,40124.89,13506.58,481.49,0,Wallet,4.0
ORD17317,2023-09-10,Vivaan Kapoor,New,Male,40,North,Haryana,Faridabad,Villa,2BHK Villa,2,52980.02,0.2,84768.03,16783.39,686.73,0,UPI,4.0
ORD13654,2023-02-12,Nisha Chopra,Regular,Male,45,North,Punjab,Amritsar,Deluxe Room,Garden View,3,7685.56,0.2,18445.34,4982.2,987.33,3,Net Banking,2.0
ORD28543,2023-08-03,Vivaan Kapoor,Regular,Male,39,East,Odisha,Cuttack,Standard Room,AC,3,3660.34,0.05,10431.97,881.83,672.0,1,Debit Card,1.0
ORD72835,2024-07-06,Rohan Kulkarni,New,Female,29,East,Jharkhand,Ranchi,Deluxe Room,Executive,4,6493.11,0.15,22076.57,3248.3,988.86,1,Wallet,3.0
ORD96000,2023-10-27,Rohan Iyer,Regular,Male,43,West,Maharashtra,Pune,Villa,Hillside Villa,1,51028.6,0.15,43374.31,14263.32,785.94,2,Debit Card,1.0
ORD91554,2024-05-30,Kavya Mehta,Regular,Female,41,South,Kerala,Thiruvananthapuram,Suite,Family Suite,3,17541.49,0.2,42099.58,5772.94,1182.26,2,Debit Card,5.0
ORD93916,2024-04-12,Anika Agarwal,Premium,Female,60,West,Maharashtra,Pune,Suite,Junior Suite,2,10445.83,0.2,16713.33,3720.78,1892.91,2,Debit Card,1.0
ORD18698,2024-04-07,Saanvi Pillai,Regular,Female,65,East,Odisha,Cuttack,Banquet/Event,Wedding Hall,1,49229.71,0.05,46768.22,16252.41,695.48,1,Wallet,5.0
ORD55600,2024-09-23,Meera Patel,Premium,Female,51,East,Odisha,Cuttack,Deluxe Room,Business,3,5636.36,0.0,16909.08,5147.39,1870.68,3,Net Banking,3.0
ORD82579,2024-03-23,Aditya Khan,Premium,Female,35,East,Jharkhand,Ranchi,Suite,Luxury Suite,2,10208.18,0.05,19395.54,2434.13,1984.1,0,Net Banking,1.0
ORD23068,2024-10-08,Isha Iyer,Premium,Male,60,North,Uttar Pradesh,Lucknow,Standard Room,Double,5,3657.02,0.15,15542.33,4083.74,1450.4,1,Debit Card,5.0
ORD30045,2024-07-24,Priya Chopra,New,Female,55,West,Rajasthan,Udaipur,Suite,Luxury Suite,2,9393.03,0.0,18786.06,5827.14,591.26,1,Debit Card,1.0
ORD99386,2024-01-09,Riya Bhatt,Regular,Male,20,West,Rajasthan,Jaipur,Banquet/Event,Conference Hall,1,133225.23,0.15,113241.45,16244.13,1958.88,2,Net Banking,5.0
ORD57411,2024-03-18,Krishna Mehta,Premium,Male,56,South,Tamil Nadu,Coimbatore,Banquet/Event,Rooftop Party,1,79884.2,0.05,75889.99,18015.0,1228.32,2,Net Banking,3.0
ORD28252,2024-12-02,Unknown,Premium,Female,53,West,Rajasthan,Udaipur,Deluxe Room,Garden View,4,7359.91,0.2,23551.71,287.76,1577.38,2,UPI,5.0
ORD98338,2024-06-11,Vivaan Das,Regular,Female,40,East,Bihar,Patna,Suite,Luxury Suite,1,11113.5,0.1,10002.15,1288.43,1552.56,3,Debit Card,4.0
ORD71779,2024-01-15,Dev Mehta,Regular,Female,37,South,Karnataka,Mysuru,Suite,Honeymoon Suite,1,22924.18,0.15,19485.55,6429.83,690.68,1,Wallet,1.0
ORD88409,2023-03-24,Meera Kulkarni,Regular,Female,58,East,Bihar,Gaya,Villa,2BHK Villa,2,32312.47,0.1,58162.45,14516.72,1343.15,3,Debit Card,4.0
ORD60480,2024-04-14,Krishna Das,Regular,Male,64,South,Tamil Nadu,Coimbatore,Banquet/Event,Small Meeting Room,1,65844.74,0.0,65844.74,16772.0,501.89,1,Wallet,5.0
ORD19522,2024-07-29,Priya Gupta,Regular,Male,32,East,Bihar,Patna,Suite,Honeymoon Suite,2,14049.3,0.2,22478.88,5296.7,369.17,1,UPI,3.0
ORD80324,2023-07-12,Vihaan Mehta,Regular,Male,35,South,Telangana,Warangal,Villa,2BHK Villa,1,59482.51,0.15,50560.13,13603.1,622.5,3,Credit Card,3.0
ORD56730,2024-10-17,Neha Malhotra,Regular,Female,35,West,Gujarat,Surat,Suite,Luxury Suite,3,23740.09,0.1,64098.24,18283.06,1537.72,0,Debit Card,1.0
ORD34012,2023-09-16,Vikram Das,Premium,Male,20,South,Karnataka,Mysuru,Suite,Family Suite,1,19428.02,0.15,16513.82,5246.1,1839.76,2,Net Banking,5.0
ORD58919,2024-02-07,Aman Joshi,Regular,Male,57,North,Uttar Pradesh,Noida,Banquet/Event,Poolside Event,1,82257.87,0.05,78144.98,27343.81,760.96,0,Credit Card,5.0
ORD28427,2023-11-22,Diya Sharma,Regular,Male,33,East,Jharkhand,Ranchi,Villa,Hillside Villa,1,26103.43,0.2,20882.74,1980.91,1580.34,1,Wallet,2.0
ORD15307,2023-05-01,Varun Pillai,Regular,Female,49,West,Rajasthan,Jaipur,Villa,Hillside Villa,1,17216.15,0.05,16355.34,-686.17,544.71,2,Net Banking,2.0
ORD67192,2023-07-26,Neha Rao,Premium,Female,63,East,West Bengal,Howrah,Standard Room,Twin Sharing,3,1746.64,0.05,4977.92,860.57,794.38,2,Net Banking,1.0
ORD41170,2023-06-16,Zara Reddy,New,Male,25,South,Telangana,Hyderabad,Villa,2BHK Villa,1,20068.66,0.2,16054.93,3338.81,1984.35,2,Net Banking,4.0
ORD56148,2024-10-21,Aryan Kulkarni,Regular,Male,35,South,Telangana,Warangal,Banquet/Event,Wedding Hall,1,114705.15,0.0,114705.15,20475.27,1440.39,0,Debit Card,1.0
ORD24700,2024-08-29,Saanvi Iyer,Regular,Male,37,East,Jharkhand,Ranchi,Banquet/Event,Conference Hall,1,29830.15,0.15,25355.63,2525.26,1588.35,1,Net Banking,2.0
ORD84354,2023-01-24,Aditya Agarwal,Regular,Female,25,West,Gujarat,Surat,Suite,Luxury Suite,1,15406.08,0.2,12324.86,1553.15,631.27,2,Debit Card,4.0
ORD96340,2023-01-14,Ishaan Kulkarni,Regular,Male,27,East,West Bengal,Kolkata,Suite,Honeymoon Suite,3,21732.37,0.05,61937.25,9879.98,473.92,0,Wallet,5.0
ORD75874,2024-06-01,Priya Singh,Regular,Female,21,North,Uttar Pradesh,Noida,Suite,Family Suite,2,10157.59,0.0,20315.18,4489.27,1522.5,3,UPI,4.0
ORD81697,2024-04-29,Priya Kulkarni,New,Male,28,East,Odisha,Bhubaneswar,Deluxe Room,Garden View,3,5455.06,0.1,14728.66,2092.13,679.92,3,Wallet,3.0
ORD71428,2024-09-15,Priya Mehta,New,Female,59,South,Tamil Nadu,Chennai,Villa,Beach Villa,1,50228.03,0.1,45205.23,309.39,1996.83,3,Debit Card,1.0
ORD39248,2023-04-15,Krishna Joshi,Premium,Male,18,West,Gujarat,Ahmedabad,Standard Room,AC,1,2045.18,0.0,2045.18,-97.36,1521.06,3,Net Banking,5.0
ORD45528,2024-03-03,Ayaan Agarwal,Regular,Female,43,South,Karnataka,Bengaluru,Deluxe Room,City View,4,4762.06,0.2,15238.59,2241.01,1781.74,2,Credit Card,2.0
ORD75183,2024-11-13,Neha Rao,Regular,Male,19,West,Gujarat,Ahmedabad,Banquet/Event,Small Meeting Room,1,112748.48,0.0,112748.48,3519.11,1257.01,1,Wallet,1.0
ORD31722,2023-04-21,Pari Malhotra,Regular,Male,45,West,Maharashtra,Pune,Standard Room,Single,5,3070.92,0.1,13819.14,2237.41,735.06,0,Net Banking,5.0
ORD88714,2023-01-11,Riya Mehta,New,Female,59,East,Jharkhand,Ranchi,Villa,Hillside Villa,1,44828.96,0.1,40346.06,8817.55,1855.5,3,Debit Card,3.0
ORD48358,2023-11-03,Isha Kapoor,Regular,Male,47,West,Maharashtra,Pune,Banquet/Event,Wedding Hall,1,56328.95,0.0,56328.95,12823.13,1435.1,1,Debit Card,2.0
ORD94591,2024-03-12,Pooja Verma,Premium,Female,18,East,West Bengal,Kolkata,Suite,Presidential Suite,1,20367.57,0.15,17312.43,4748.38,1043.45,1,Net Banking,5.0
ORD99588,2023-02-10,Vivaan Mehta,New,Female,34,East,Odisha,Bhubaneswar,Suite,Junior Suite,1,15429.32,0.2,12343.46,2747.43,1978.62,1,Wallet,3.0
ORD74453,2024-01-14,Saanvi Iyer,Regular,Female,30,East,Jharkhand,Ranchi,Villa,2BHK Villa,2,19044.54,0.05,36184.63,3743.43,1942.2,0,Credit Card,4.0
ORD70375,2023-01-21,Kiara Malhotra,Regular,Female,50,West,Goa,Panaji,Standard Room,Non-AC,4,1979.6,0.15,6730.64,1383.29,1084.1,2,Wallet,1.0
ORD41802,2024-09-03,Rohan Pillai,Premium,Female,43,West,Maharashtra,Pune,Suite,Presidential Suite,1,24805.68,0.0,24805.68,5008.5,1822.57,3,Debit Card,5.0
ORD79628,2024-03-27,Arjun Kulkarni,Premium,Male,20,East,Odisha,Bhubaneswar,Banquet/Event,Rooftop Party,1,62212.09,0.15,52880.28,-708.98,1232.06,2,UPI,4.0
ORD30738,2024-05-03,Rahul Das,Premium,Male,28,North,Uttar Pradesh,Noida,Deluxe Room,City View,1,6702.03,0.15,5696.73,1837.9,1878.97,2,UPI,2.0
ORD60414,2024-05-23,Priya Pillai,Premium,Female,26,East,Bihar,Gaya,Banquet/Event,Wedding Hall,1,145242.66,0.05,137980.53,39797.74,1369.9,1,Net Banking,4.0
ORD25687,2023-01-04,Anika Mehta,Premium,Female,32,North,Punjab,Ludhiana,Deluxe Room,Executive,3,3932.93,0.2,9439.03,2009.45,1576.26,0,Net Banking,1.0
ORD94729,2024-03-31,Vihaan Singh,Premium,Female,64,East,Odisha,Cuttack,Deluxe Room,City View,4,5927.56,0.1,21339.22,5432.13,1555.34,2,UPI,5.0
ORD65534,2024-09-16,Kabir Reddy,Regular,Female,50,East,Jharkhand,Jamshedpur,Banquet/Event,Conference Hall,1,64986.76,0.2,51989.41,10711.71,1296.57,3,UPI,1.0
ORD39690,2023-11-11,Riya Nair,Regular,Male,50,South,Karnataka,Bengaluru,Suite,Luxury Suite,3,13514.4,0.2,32434.56,3405.52,354.24,0,Wallet,1.0
ORD19897,2024-11-28,Kiara Joshi,Regular,Male,29,North,Uttar Pradesh,Lucknow,Banquet/Event,Poolside Event,1,106273.94,0.05,100960.24,32880.17,269.96,2,Wallet,1.0
ORD87052,2024-09-05,Unknown,Regular,Male,57,South,Tamil Nadu,Chennai,Villa,Hillside Villa,1,59359.6,0.15,50455.66,11858.51,601.59,1,Net Banking,1.0
ORD85077,2024-02-06,Sneha Verma,New,Female,62,West,Gujarat,Surat,Suite,Presidential Suite,1,10282.66,0.15,8740.26,827.78,257.77,3,Net Banking,2.0
ORD66967,2024-04-24,Zara Kulkarni,Regular,Male,35,West,Rajasthan,Jaipur,Banquet/Event,Small Meeting Room,1,68432.39,0.1,61589.15,9945.17,666.42,1,Credit Card,4.0
ORD96057,2024-09-17,Dev Mehta,Regular,Female,40,East,Jharkhand,Jamshedpur,Villa,2BHK Villa,1,18601.04,0.0,18601.04,5861.01,1941.65,1,Wallet,3.0
ORD28777,2024-06-03,Anika Gupta,Regular,Female,38,North,Haryana,Faridabad,Standard Room,Double,2,2713.34,0.0,5426.68,1420.96,1752.89,2,UPI,2.0
ORD72526,2023-03-27,Vihaan Gupta,Regular,Male,26,North,Uttar Pradesh,Lucknow,Villa,2BHK Villa,1,46610.4,0.2,37288.32,7607.83,379.01,2,Net Banking,5.0
ORD74485,2024-11-23,Aditya Malhotra,Premium,Male,51,East,Bihar,Patna,Villa,1BHK Villa,2,56986.1,0.0,113972.2,36779.44,1999.08,0,Credit Card,4.0
ORD87653,2023-10-19,Kavya Joshi,Premium,Female,31,South,Telangana,Warangal,Banquet/Event,Rooftop Party,1,103795.37,0.1,93415.83,20250.37,347.44,3,UPI,1.0
ORD30019,2023-09-14,Ishaan Pillai,Regular,Female,21,South,Karnataka,Mysuru,Standard Room,AC,5,2625.72,0.0,13128.6,2351.2,1153.61,1,Wallet,5.0
ORD28550,2024-08-30,Aditya Malhotra,Regular,Female,57,East,Odisha,Cuttack,Standard Room,AC,2,1983.34,0.05,3768.35,1194.24,330.81,1,UPI,1.0
ORD77226,2024-04-13,Riya Agarwal,New,Male,65,East,Odisha,Cuttack,Suite,Family Suite,2,10907.51,0.05,20724.27,3027.19,546.06,1,UPI,1.0
ORD93908,2023-03-24,Advait Sharma,Regular,Female,49,South,Kerala,Kochi,Deluxe Room,Garden View,3,6068.66,0.1,16385.38,3411.5,1369.55,1,Credit Card,2.0
ORD18939,2023-06-28,Ayaan Iyer,Regular,Male,42,North,Punjab,Ludhiana,Suite,Honeymoon Suite,1,20710.7,0.1,18639.63,5364.94,437.44,2,Wallet,3.0
ORD44438,2023-10-03,Neha Rao,Premium,Male,40,East,Bihar,Gaya,Villa,2BHK Villa,2,36494.23,0.15,62040.19,6747.91,227.79,0,Wallet,4.0
ORD42494,2024-06-11,Aryan Kapoor,Regular,Male,33,East,Jharkhand,Jamshedpur,Suite,Family Suite,3,17386.15,0.0,52158.45,13475.77,529.78,0,Credit Card,4.0
ORD59384,2023-07-18,Rohan Patel,New,Male,46,North,Uttar Pradesh,Noida,Deluxe Room,Pool View,1,6108.98,0.15,5192.63,1456.48,481.83,0,Debit Card,3.0
ORD69784,2024-11-21,Vivaan Verma,Regular,Male,46,West,Maharashtra,Mumbai,Villa,2BHK Villa,2,46061.53,0.1,82910.75,12895.42,1830.06,2,Wallet,3.0
ORD38009,2023-02-06,Pooja Gupta,Regular,Female,40,East,West Bengal,Howrah,Standard Room,Non-AC,2,3171.23,0.05,6025.34,-143.62,1865.47,3,Net Banking,3.0
ORD82946,2024-08-22,Sneha Joshi,New,Male,57,South,Telangana,Hyderabad,Banquet/Event,Conference Hall,1,145645.2,0.1,131080.68,33214.28,1568.32,2,Credit Card,2.0
ORD51778,2024-07-19,Aditya Das,Premium,Male,42,South,Tamil Nadu,Coimbatore,Banquet/Event,Poolside Event,1,112373.74,0.0,112373.74,34631.73,1900.45,2,Wallet,2.0
ORD70354,2023-03-16,Advait Singh,New,Male,51,North,Uttar Pradesh,Noida,Standard Room,AC,3,1778.07,0.15,4534.08,882.12,265.58,1,Debit Card,4.0
ORD98886,2024-12-26,Pari Khan,Premium,Female,57,South,Tamil Nadu,Chennai,Deluxe Room,Garden View,4,7663.72,0.1,27589.39,6344.24,1411.72,1,Credit Card,2.0
ORD52402,2024-04-10,Ananya Khan,Premium,Female,51,West,Rajasthan,Udaipur,Suite,Honeymoon Suite,1,16036.02,0.2,12828.82,2366.45,1867.71,3,Credit Card,1.0
ORD54677,2023-10-21,Zara Das,New,Female,18,West,Gujarat,Ahmedabad,Standard Room,AC,1,3039.96,0.1,2735.96,321.31,714.52,0,Credit Card,1.0
ORD60770,2024-11-25,Pari Joshi,Regular,Male,60,West,Maharashtra,Mumbai,Villa,Hillside Villa,1,47071.22,0.1,42364.1,14264.46,1892.39,1,Net Banking,4.0
ORD83774,2024-06-15,Simran Nair,Regular,Male,26,North,Punjab,Amritsar,Suite,Junior Suite,3,14239.69,0.0,42719.07,10201.14,1936.78,0,Credit Card,5.0
ORD89719,2024-12-03,Kavya Patel,Regular,Female,25,East,Bihar,Gaya,Suite,Luxury Suite,3,13019.09,0.05,37104.41,8887.5,429.9,1,Debit Card,1.0
ORD99243,2023-10-06,Anika Pillai,Premium,Female,24,North,Uttar Pradesh,Noida,Villa,2BHK Villa,1,59490.07,0.05,56515.57,16672.08,549.19,3,Net Banking,2.0
ORD36024,2023-11-01,Pooja Kapoor,Premium,Female,59,West,Gujarat,Surat,Banquet/Event,Wedding Hall,1,53864.39,0.2,43091.51,14719.52,1914.61,2,Net Banking,4.0
ORD71168,2024-02-07,Isha Malhotra,Regular,Male,60,East,Odisha,Bhubaneswar,Suite,Family Suite,1,24661.65,0.0,24661.65,5768.4,618.81,1,Net Banking,4.0
ORD54874,2024-07-24,Sneha Joshi,Premium,Male,36,South,Telangana,Hyderabad,Deluxe Room,Executive,4,3906.47,0.15,13282.0,3516.1,204.98,0,Credit Card,5.0
ORD99577,2024-03-07,Reyansh Das,Regular,Female,18,South,Tamil Nadu,Coimbatore,Suite,Luxury Suite,1,19166.48,0.1,17249.83,2871.57,358.37,3,Wallet,2.0
ORD69196,2024-08-03,Reyansh Gupta,Regular,Male,43,South,Telangana,Hyderabad,Standard Room,Non-AC,5,3917.02,0.0,19585.1,4110.23,1855.64,0,Net Banking,2.0
ORD46087,2024-07-13,Aarav Joshi,New,Female,23,North,Uttar Pradesh,Lucknow,Villa,1BHK Villa,1,22611.97,0.15,19220.17,1976.69,1890.49,0,Wallet,3.0
ORD83747,2023-01-08,Aman Patel,New,Male,22,West,Rajasthan,Udaipur,Deluxe Room,Business,3,5258.99,0.0,15776.97,2424.27,1641.12,2,Wallet,3.0
ORD65812,2024-09-04,Aryan Mehta,Regular,Male,51,East,Odisha,Bhubaneswar,Standard Room,Non-AC,4,3964.76,0.0,15859.04,3576.01,625.97,2,Wallet,2.0
ORD25508,2024-06-08,Vivaan Chopra,Premium,Female,52,West,Maharashtra,Mumbai,Banquet/Event,Poolside Event,1,60874.79,0.1,54787.31,17472.09,1242.27,3,UPI,3.0
ORD70260,2024-09-30,Ira Joshi,Regular,Female,39,North,Haryana,Faridabad,Standard Room,Double,5,2220.94,0.2,8883.76,3023.62,1296.28,3,Wallet,4.0
ORD81783,2024-11-07,Ananya Das,Regular,Male,32,South,Telangana,Hyderabad,Deluxe Room,Pool View,1,4068.41,0.0,4068.41,1155.03,1789.7,3,Credit Card,4.0
ORD74757,2023-09-23,Ananya Gupta,Regular,Male,58,East,Odisha,Bhubaneswar,Deluxe Room,Garden View,4,5695.24,0.1,20502.86,3817.25,396.42,2,Net Banking,1.0
ORD54174,2024-06-21,Kabir Malhotra,Regular,Male,36,North,Delhi,New Delhi,Standard Room,Twin Sharing,2,2013.23,0.05,3825.14,940.88,1394.28,0,Debit Card,3.0
ORD22446,2024-11-08,Kavya Kapoor,New,Male,36,North,Haryana,Gurugram,Standard Room,Single,3,2280.36,0.1,6156.97,1355.14,1645.36,1,Credit Card,5.0
ORD68477,2024-09-03,Neha Nair,New,Male,18,West,Rajasthan,Udaipur,Villa,Beach Villa,1,25761.69,0.1,23185.52,3759.78,555.79,1,Credit Card,3.0
ORD43132,2023-01-28,Ishaan Mehta,Regular,Female,37,South,Telangana,Hyderabad,Suite,Presidential Suite,2,21525.31,0.15,36593.03,584.55,1527.34,0,Credit Card,2.0
ORD12795,2024-06-13,Pooja Khan,Regular,Male,55,South,Telangana,Hyderabad,Deluxe Room,Garden View,1,3863.46,0.0,3863.46,1175.55,1089.93,2,Debit Card,5.0
ORD78838,2023-03-11,Aarav Reddy,Regular,Male,62,East,Odisha,Bhubaneswar,Standard Room,Twin Sharing,3,1895.02,0.2,4548.05,1556.39,569.63,2,Wallet,2.0
ORD14749,2023-09-25,Anika Singh,New,Male,55,South,Tamil Nadu,Coimbatore,Standard Room,AC,2,1801.43,0.05,3422.72,596.23,1492.01,1,Net Banking,4.0
ORD54540,2023-11-28,Diya Reddy,Premium,Male,51,East,Bihar,Gaya,Villa,Beach Villa,2,46866.87,0.0,93733.74,19462.35,1422.85,0,UPI,4.0
ORD10587,2024-07-16,Simran Kapoor,Regular,Female,41,North,Uttar Pradesh,Noida,Villa,Hillside Villa,1,25596.65,0.05,24316.82,6085.09,1984.43,0,Debit Card,1.0
ORD14369,2023-10-12,Simran Kapoor,Regular,Male,28,West,Goa,Panaji,Villa,Hillside Villa,2,21315.25,0.2,34104.4,9340.05,1991.03,3,Net Banking,2.0
ORD75956,2024-07-01,Zara Sharma,Premium,Male,50,West,Maharashtra,Pune,Suite,Luxury Suite,3,17271.15,0.15,44041.43,3796.41,462.71,2,Net Banking,5.0
ORD57075,2023-09-03,Pooja Pillai,New,Female,52,North,Uttar Pradesh,Lucknow,Suite,Family Suite,2,24436.54,0.1,43985.77,11627.04,1507.87,3,Credit Card,5.0
ORD68268,2024-10-24,Karan Sharma,Regular,Female,51,South,Karnataka,Mysuru,Suite,Presidential Suite,1,11872.93,0.2,9498.34,771.89,1656.46,0,Debit Card,2.0
ORD68444,2024-03-27,Vikram Verma,New,Female,63,East,Odisha,Bhubaneswar,Suite,Family Suite,3,13990.33,0.05,39872.44,8259.7,1245.78,2,Credit Card,1.0
ORD11850,2023-01-30,Ayaan Agarwal,Premium,Male,49,North,Punjab,Ludhiana,Standard Room,Non-AC,3,1857.04,0.2,4456.9,1070.11,1693.41,3,Credit Card,2.0
ORD88672,2023-04-05,Meera Joshi,New,Male,60,South,Tamil Nadu,Chennai,Villa,1BHK Villa,1,59717.67,0.0,59717.67,10305.77,1578.72,3,Net Banking,3.0
ORD28655,2024-08-07,Riya Kapoor,Regular,Female,23,South,Kerala,Thiruvananthapuram,Suite,Honeymoon Suite,2,18457.04,0.15,31376.97,6473.86,807.83,1,Credit Card,3.0
ORD63959,2023-10-17,Karan Reddy,Regular,Male,34,West,Gujarat,Ahmedabad,Standard Room,Double,2,2634.98,0.2,4215.97,494.66,949.42,2,Net Banking,3.0
ORD81457,2023-06-08,Anika Chopra,Regular,Male,48,North,Uttar Pradesh,Lucknow,Villa,Hillside Villa,1,52025.82,0.15,44221.95,5971.75,918.89,1,UPI,4.0
ORD62917,2023-04-08,Rohan Mehta,Premium,Male,51,West,Rajasthan,Udaipur,Banquet/Event,Conference Hall,1,30076.6,0.05,28572.77,2813.25,1051.56,3,Credit Card,2.0
ORD95952,2024-10-29,Zara Reddy,Premium,Male,23,South,Karnataka,Mysuru,Standard Room,Single,1,1938.48,0.0,1938.48,235.63,1437.95,1,UPI,3.0
ORD28897,2024-12-27,Riya Verma,New,Male,24,South,Kerala,Thiruvananthapuram,Suite,Family Suite,1,23213.58,0.0,23213.58,3836.62,1620.1,1,Debit Card,3.0
ORD14567,2023-11-16,Simran Chopra,Regular,Male,55,West,Rajasthan,Jaipur,Suite,Junior Suite,2,12427.5,0.2,19884.0,1914.7,207.55,0,Credit Card,2.0
ORD41841,2023-06-12,Rahul Pillai,Premium,Female,60,South,Tamil Nadu,Coimbatore,Standard Room,Double,4,1632.86,0.1,5878.3,867.66,591.24,1,Wallet,3.0
ORD19660,2024-06-13,Pari Iyer,Premium,Male,25,West,Rajasthan,Udaipur,Standard Room,Twin Sharing,1,1912.43,0.05,1816.81,523.88,1923.68,2,UPI,1.0
ORD51407,2024-05-06,Aarav Bhatt,Regular,Male,25,North,Haryana,Faridabad,Suite,Honeymoon Suite,3,21598.46,0.05,61555.61,17712.2,407.75,2,Wallet,5.0
ORD13959,2024-03-21,Nisha Khan,Regular,Female,40,East,Odisha,Cuttack,Deluxe Room,Executive,3,4568.1,0.2,10963.44,3743.9,1862.85,0,Debit Card,4.0
ORD44328,2023-02-19,Ishaan Reddy,Premium,Female,64,North,Uttar Pradesh,Noida,Villa,Hillside Villa,2,47222.86,0.15,80278.86,22267.05,1808.79,0,Net Banking,4.0
ORD79309,2023-11-07,Kavya Gupta,New,Female,59,North,Haryana,Faridabad,Villa,1BHK Villa,1,39471.33,0.15,33550.63,11203.34,1725.07,1,Credit Card,3.0
ORD75796,2024-03-23,Ayaan Pillai,Premium,Male,58,East,Bihar,Gaya,Banquet/Event,Rooftop Party,1,56294.56,0.05,53479.83,6043.01,1237.76,2,Debit Card,3.0
ORD35670,2024-12-27,Vihaan Malhotra,Regular,Male,23,West,Rajasthan,Jaipur,Villa,Beach Villa,2,57198.73,0.15,97237.84,15659.97,1400.16,0,Wallet,1.0
ORD40794,2024-03-24,Pari Rao,Premium,Female,27,East,West Bengal,Howrah,Standard Room,Single,4,3372.39,0.15,11466.13,1813.89,766.93,2,Credit Card,4.0
ORD28643,2024-05-17,Pari Rao,Premium,Male,41,North,Haryana,Faridabad,Villa,Beach Villa,1,19842.98,0.15,16866.53,1428.72,1402.83,3,Wallet,1.0
ORD22757,2023-03-13,Meera Kulkarni,Regular,Female,60,West,Goa,Panaji,Suite,Presidential Suite,2,20156.18,0.0,40312.36,7745.12,976.44,1,UPI,1.0
ORD28658,2023-06-18,Aryan Joshi,Regular,Male,24,East,Jharkhand,Ranchi,Villa,1BHK Villa,1,42308.4,0.15,35962.14,3220.56,712.82,1,Net Banking,3.0
ORD37826,2024-09-20,Priya Verma,Premium,Female,38,West,Gujarat,Surat,Deluxe Room,Business,4,7788.29,0.2,24922.53,3742.33,882.21,3,Wallet,2.0
ORD59415,2024-03-21,Riya Agarwal,Premium,Female,49,West,Maharashtra,Pune,Villa,2BHK Villa,1,47775.14,0.1,42997.63,13214.34,1346.24,3,UPI,4.0
ORD26887,2024-12-18,Varun Malhotra,Regular,Female,24,North,Uttar Pradesh,Noida,Banquet/Event,Small Meeting Room,1,132753.33,0.2,106202.66,14068.69,360.15,0,Credit Card,2.0
ORD78511,2023-01-03,Krishna Agarwal,New,Female,32,West,Rajasthan,Udaipur,Suite,Luxury Suite,2,22411.32,0.1,40340.38,6538.85,1528.1,0,Debit Card,4.0
ORD83959,2024-02-29,Pari Mehta,Regular,Male,33,East,West Bengal,Howrah,Suite,Honeymoon Suite,2,18807.71,0.15,31973.11,8523.16,464.52,1,UPI,2.0
ORD81736,2023-03-15,Aman Mehta,Regular,Male,29,South,Kerala,Kochi,Deluxe Room,Pool View,2,3888.75,0.0,7777.5,1953.99,1846.57,1,Wallet,5.0
ORD68195,2023-01-18,Saanvi Reddy,New,Male,27,West,Goa,Panaji,Banquet/Event,Wedding Hall,1,54504.17,0.1,49053.75,8542.27,648.3,1,UPI,4.0
ORD43999,2024-08-17,Pooja Reddy,Premium,Female,21,East,Jharkhand,Jamshedpur,Suite,Luxury Suite,1,15839.21,0.0,15839.21,5237.67,1985.08,1,Debit Card,4.0
ORD46965,2023-03-15,Ishaan Chopra,Regular,Female,40,North,Punjab,Amritsar,Deluxe Room,Pool View,1,4051.8,0.15,3444.03,1077.49,1341.1,0,UPI,4.0
ORD78292,2024-03-05,Pari Sharma,Regular,Male,21,East,Jharkhand,Jamshedpur,Banquet/Event,Rooftop Party,1,25791.59,0.1,23212.43,3207.19,295.94,1,UPI,2.0
ORD37108,2024-11-15,Aman Chopra,New,Female,28,North,Punjab,Amritsar,Villa,Beach Villa,1,48478.76,0.1,43630.88,14890.71,639.14,1,Credit Card,3.0
ORD85173,2023-08-29,Myra Das,New,Female,52,South,Telangana,Hyderabad,Suite,Presidential Suite,1,8817.29,0.0,8817.29,2187.67,1020.97,1,Debit Card,4.0
ORD58282,2023-09-23,Neha Patel,New,Male,47,North,Delhi,New Delhi,Standard Room,Twin Sharing,3,2438.7,0.15,6218.68,860.0,695.21,3,Credit Card,3.0
ORD27455,2024-09-10,Zara Joshi,Premium,Female,35,North,Punjab,Ludhiana,Banquet/Event,Rooftop Party,1,68639.5,0.05,65207.52,12830.06,1803.16,1,Wallet,3.0
ORD37226,2023-07-17,Dev Verma,Premium,Male,51,North,Punjab,Amritsar,Deluxe Room,Garden View,3,4156.14,0.2,9974.74,1448.95,850.99,3,UPI,1.0
ORD29916,2024-06-03,Myra Das,Regular,Female,36,East,West Bengal,Kolkata,Standard Room,Single,1,2241.94,0.1,2017.75,475.24,1327.78,2,Debit Card,1.0
ORD41273,2024-02-08,Varun Iyer,Premium,Male,60,North,Haryana,Gurugram,Villa,Beach Villa,1,33633.29,0.05,31951.63,6462.53,1338.87,1,Credit Card,4.0
ORD71544,2024-03-26,Unknown,Regular,Male,20,South,Karnataka,Mysuru,Banquet/Event,Wedding Hall,1,69484.61,0.2,55587.69,7840.07,357.29,1,UPI,1.0
ORD58938,2024-09-16,Zara Patel,Premium,Male,63,East,West Bengal,Kolkata,Villa,Hillside Villa,1,24529.38,0.0,24529.38,2497.77,1467.73,1,Wallet,2.0
ORD55406,2024-10-04,Priya Pillai,Regular,Female,65,South,Kerala,Thiruvananthapuram,Suite,Family Suite,2,20535.2,0.2,32856.32,9381.4,1365.6,1,Net Banking,3.0
ORD78657,2023-01-11,Anika Khan,Regular,Male,55,South,Tamil Nadu,Coimbatore,Deluxe Room,Pool View,1,4798.01,0.15,4078.31,361.03,1500.75,3,Credit Card,3.0
ORD65738,2024-08-23,Krishna Mehta,Regular,Female,61,South,Karnataka,Bengaluru,Deluxe Room,Pool View,2,5975.78,0.2,9561.25,1565.43,1505.48,3,UPI,5.0
ORD33344,2024-03-16,Arjun Joshi,Regular,Female,25,North,Uttar Pradesh,Lucknow,Deluxe Room,Business,1,6341.83,0.15,5390.56,567.69,1677.26,2,Debit Card,3.0
ORD87083,2024-06-09,Rahul Chopra,Premium,Male,47,East,Odisha,Cuttack,Standard Room,Twin Sharing,3,1943.52,0.05,5539.03,1197.36,1765.14,0,Credit Card,5.0
ORD42375,2023-02-17,Vikram Reddy,Premium,Male,18,South,Tamil Nadu,Chennai,Suite,Presidential Suite,2,24583.34,0.05,46708.35,7311.82,509.79,0,UPI,3.0
ORD29897,2024-11-28,Rohan Mehta,New,Female,27,North,Uttar Pradesh,Lucknow,Deluxe Room,Executive,3,6592.04,0.15,16809.7,3502.45,1391.29,2,Credit Card,4.0
ORD93010,2024-07-15,Saanvi Malhotra,New,Female,48,East,Odisha,Cuttack,Banquet/Event,Conference Hall,1,135162.95,0.0,135162.95,36880.9,332.93,2,Net Banking,4.0
ORD20330,2023-08-23,Varun Kulkarni,Regular,Male,18,North,Punjab,Amritsar,Deluxe Room,City View,1,5964.92,0.2,4771.94,528.53,409.78,1,Wallet,1.0
ORD24221,2023-07-13,Nisha Bhatt,Premium,Male,24,West,Goa,Panaji,Banquet/Event,Conference Hall,1,68951.73,0.15,58608.97,12339.02,1147.63,0,Wallet,5.0
ORD14785,2023-05-30,Kavya Patel,Premium,Female,55,West,Maharashtra,Mumbai,Banquet/Event,Small Meeting Room,1,125592.99,0.1,113033.69,20270.08,1269.87,0,Wallet,3.0
ORD11247,2024-10-26,Vivaan Agarwal,Regular,Female,65,West,Rajasthan,Jaipur,Suite,Family Suite,1,20696.67,0.05,19661.84,2336.86,494.24,0,Wallet,3.0
ORD42583,2024-08-30,Advait Nair,Regular,Female,62,East,Bihar,Patna,Banquet/Event,Conference Hall,1,80768.52,0.0,80768.52,8009.36,973.4,1,Net Banking,2.0
ORD31286,2024-10-08,Aryan Malhotra,Premium,Male,29,South,Tamil Nadu,Coimbatore,Banquet/Event,Conference Hall,1,43219.33,0.1,38897.4,11932.0,937.42,2,Wallet,5.0
ORD74002,2024-02-17,Riya Chopra,New,Female,24,West,Gujarat,Ahmedabad,Villa,Hillside Villa,1,20816.28,0.0,20816.28,3597.29,1375.18,3,Debit Card,4.0
ORD36928,2024-07-09,Vihaan Das,Regular,Female,55,East,Bihar,Gaya,Suite,Junior Suite,2,18434.73,0.0,36869.46,5079.41,1124.96,2,UPI,4.0
ORD28917,2024-09-24,Kiara Bhatt,Premium,Female,24,West,Gujarat,Ahmedabad,Suite,Junior Suite,1,12527.55,0.05,11901.17,2219.18,917.17,1,Debit Card,2.0
ORD31292,2024-07-07,Kiara Rao,New,Female,61,West,Maharashtra,Pune,Villa,2BHK Villa,2,30467.58,0.1,54841.64,10564.57,608.48,2,Debit Card,4.0
ORD86261,2023-11-02,Riya Gupta,New,Female,32,North,Delhi,New Delhi,Suite,Family Suite,3,11824.85,0.0,35474.55,6452.44,1594.41,2,Wallet,4.0
ORD41186,2023-07-01,Karan Iyer,New,Male,24,South,Telangana,Warangal,Suite,Junior Suite,3,14067.76,0.0,42203.28,13271.09,1790.89,1,Debit Card,3.0
ORD94695,2024-05-29,Krishna Mehta,Regular,Male,64,North,Delhi,New Delhi,Deluxe Room,City View,1,6781.62,0.05,6442.54,1083.89,1366.26,2,UPI,4.0
ORD52326,2024-06-11,Advait Nair,New,Male,34,East,Odisha,Bhubaneswar,Standard Room,Single,3,2673.78,0.15,6818.14,2180.68,1395.43,3,Debit Card,4.0
ORD93686,2024-04-02,Krishna Khan,Regular,Female,60,East,Odisha,Bhubaneswar,Deluxe Room,Executive,4,4567.01,0.2,14614.43,3431.68,1403.19,3,Wallet,3.0
ORD13737,2023-02-18,Rohan Iyer,New,Male,30,South,Kerala,Thiruvananthapuram,Deluxe Room,City View,3,7376.8,0.1,19917.36,5642.16,320.09,0,Wallet,2.0
ORD43359,2024-12-11,Ishaan Gupta,Regular,Male,26,South,Kerala,Kochi,Standard Room,Non-AC,2,2013.04,0.2,3220.86,576.68,302.36,3,Net Banking,1.0
ORD81335,2023-01-27,Aman Chopra,Regular,Male,35,West,Gujarat,Ahmedabad,Standard Room,AC,1,1903.33,0.2,1522.66,291.48,706.3,1,Debit Card,1.0
ORD50216,2023-11-23,Anika Verma,Regular,Male,34,South,Karnataka,Mysuru,Standard Room,Double,3,3284.62,0.1,8868.47,1499.2,585.63,0,Net Banking,2.0
ORD53699,2023-12-24,Meera Malhotra,Premium,Female,19,West,Gujarat,Surat,Standard Room,Double,2,1964.14,0.2,3142.62,289.35,249.63,2,Credit Card,1.0
ORD75413,2024-11-18,Rahul Iyer,Regular,Male,41,West,Rajasthan,Udaipur,Deluxe Room,Executive,2,6335.26,0.15,10769.94,2927.02,1160.76,0,Credit Card,2.0
ORD41196,2023-01-18,Isha Patel,Regular,Female,18,North,Punjab,Amritsar,Suite,Family Suite,2,12520.1,0.0,25040.2,8490.56,265.23,3,Net Banking,2.0
ORD52783,2023-02-24,Kabir Iyer,Regular,Male,23,South,Tamil Nadu,Coimbatore,Suite,Family Suite,1,12984.35,0.05,12335.13,1873.0,1528.65,2,UPI,1.0
ORD28540,2024-07-02,Pooja Joshi,Premium,Female,43,West,Maharashtra,Pune,Standard Room,Twin Sharing,1,3734.01,0.1,3360.61,896.45,1049.04,1,Debit Card,2.0
ORD44230,2023-07-22,Ayaan Chopra,Regular,Male,41,North,Uttar Pradesh,Lucknow,Standard Room,Twin Sharing,3,1676.53,0.1,4526.63,588.11,1209.8,2,Wallet,1.0
ORD13090,2024-03-05,Rahul Sharma,Premium,Female,54,East,Odisha,Cuttack,Deluxe Room,City View,4,7337.39,0.15,24947.13,4525.06,609.71,1,Wallet,3.0
ORD85039,2024-01-11,Aman Sharma,New,Female,48,West,Rajasthan,Udaipur,Deluxe Room,Executive,4,6685.54,0.0,26742.16,6975.09,1884.02,2,Debit Card,3.0
ORD76582,2023-05-04,Priya Gupta,Premium,Female,46,West,Gujarat,Ahmedabad,Banquet/Event,Conference Hall,1,110322.6,0.0,110322.6,17798.98,1792.35,0,Wallet,4.0
ORD49651,2023-03-20,Aman Reddy,New,Female,65,North,Haryana,Gurugram,Banquet/Event,Wedding Hall,1,114815.13,0.05,109074.37,9674.62,720.36,0,Net Banking,5.0
ORD27887,2023-01-07,Anika Khan,Premium,Male,32,North,Haryana,Gurugram,Standard Room,Double,5,3793.76,0.1,17071.92,4119.83,1152.96,2,Credit Card,4.0
ORD83540,2024-08-29,Yash Iyer,Premium,Female,58,West,Maharashtra,Mumbai,Deluxe Room,Garden View,4,7151.49,0.2,22884.77,5233.82,1795.0,2,Wallet,2.0
ORD52489,2023-07-31,Vihaan Singh,New,Female,46,West,Rajasthan,Jaipur,Villa,Hillside Villa,1,36997.98,0.0,36997.98,8125.56,1229.8,2,Net Banking,3.0
ORD17685,2024-02-16,Pari Malhotra,Regular,Male,42,East,Bihar,Patna,Suite,Junior Suite,3,18801.74,0.1,50764.7,7090.32,892.6,1,Net Banking,4.0
ORD40736,2024-11-02,Krishna Bhatt,New,Male,28,East,Odisha,Cuttack,Deluxe Room,Garden View,2,7887.77,0.05,14986.76,1646.04,625.52,0,Debit Card,4.0
ORD34642,2024-03-08,Reyansh Kulkarni,Premium,Male,54,North,Uttar Pradesh,Noida,Suite,Family Suite,2,10631.34,0.05,20199.55,4154.22,1914.2,0,Net Banking,3.0
ORD19615,2024-02-15,Pari Nair,Regular,Male,64,West,Gujarat,Ahmedabad,Deluxe Room,City View,1,3652.37,0.05,3469.75,934.16,605.06,1,Wallet,3.0
ORD74427,2023-05-29,Tanya Mehta,Regular,Male,39,North,Uttar Pradesh,Noida,Suite,Presidential Suite,2,8438.38,0.05,16032.92,1946.71,1631.82,0,Credit Card,1.0
ORD68591,2023-04-05,Yash Patel,Premium,Female,40,West,Goa,Panaji,Villa,1BHK Villa,2,19561.27,0.05,37166.41,11433.33,209.54,2,Wallet,5.0
ORD46071,2023-10-21,Neha Mehta,Regular,Male,56,South,Karnataka,Bengaluru,Villa,2BHK Villa,1,15328.31,0.1,13795.48,2433.49,1880.98,1,Net Banking,2.0
ORD93791,2023-04-18,Saanvi Chopra,Regular,Male,32,South,Kerala,Thiruvananthapuram,Villa,Beach Villa,2,36701.32,0.1,66062.38,-2526.1,1682.17,2,Wallet,1.0
ORD33442,2023-06-02,Pooja Joshi,Regular,Male,24,South,Tamil Nadu,Coimbatore,Deluxe Room,Garden View,4,4907.94,0.2,15705.41,3837.18,1895.97,1,Debit Card,3.0
ORD77831,2023-09-25,Aryan Pillai,New,Female,37,North,Uttar Pradesh,Noida,Suite,Honeymoon Suite,3,11347.6,0.1,30638.52,8639.34,603.06,2,Credit Card,3.0
ORD20142,2024-05-30,Vihaan Malhotra,Regular,Female,43,South,Kerala,Kochi,Suite,Family Suite,1,15565.37,0.05,14787.1,1900.13,1214.26,1,UPI,5.0
ORD74356,2024-11-02,Vikram Sharma,Regular,Male,28,West,Gujarat,Surat,Villa,2BHK Villa,2,30253.58,0.05,57481.8,17088.41,1351.7,3,Net Banking,2.0
ORD98458,2023-04-10,Arjun Kulkarni,New,Female,28,West,Maharashtra,Pune,Suite,Honeymoon Suite,1,22587.33,0.15,19199.23,6405.38,474.08,2,Net Banking,2.0
ORD96791,2024-01-16,Aditya Reddy,Regular,Male,22,West,Maharashtra,Mumbai,Suite,Luxury Suite,3,8813.32,0.2,21151.97,7147.62,1831.21,1,Net Banking,5.0
ORD13047,2023-11-23,Varun Nair,Premium,Female,21,South,Karnataka,Bengaluru,Villa,Pool Villa,1,17697.18,0.05,16812.32,1770.83,1671.92,0,Debit Card,1.0
ORD63909,2024-03-12,Rohan Patel,Regular,Male,24,North,Haryana,Faridabad,Suite,Family Suite,3,23411.29,0.1,63210.48,14962.74,1801.24,1,Credit Card,1.0
ORD86374,2024-04-09,Aman Kulkarni,Premium,Female,23,East,West Bengal,Howrah,Standard Room,Single,3,3520.38,0.0,10561.14,3693.84,1313.1,0,Net Banking,1.0
ORD39682,2024-12-20,Kiara Khan,New,Female,22,West,Maharashtra,Pune,Standard Room,Non-AC,4,2215.76,0.0,8863.04,1964.21,1481.72,2,Net Banking,4.0
ORD22627,2023-01-15,Myra Mehta,Premium,Female,23,East,Jharkhand,Ranchi,Deluxe Room,City View,3,3822.4,0.15,9747.12,2694.26,966.58,3,Debit Card,3.0
ORD54562,2023-11-12,Vihaan Chopra,New,Male,23,East,Odisha,Bhubaneswar,Banquet/Event,Small Meeting Room,1,113753.83,0.0,113753.83,15519.93,377.96,1,Credit Card,1.0
ORD12274,2023-10-18,Neha Verma,Regular,Female,52,South,Tamil Nadu,Coimbatore,Banquet/Event,Wedding Hall,1,45205.24,0.2,36164.19,5067.38,1120.71,2,UPI,4.0
ORD96961,2023-07-06,Ananya Kulkarni,Regular,Male,49,South,Tamil Nadu,Chennai,Villa,Pool Villa,2,21588.2,0.1,38858.76,7003.76,1179.13,1,Wallet,3.0
ORD14741,2024-07-19,Rahul Gupta,Regular,Male,36,East,West Bengal,Howrah,Standard Room,Single,2,2314.16,0.15,3934.07,613.02,1533.14,3,Credit Card,5.0
ORD11019,2024-07-07,Priya Malhotra,Premium,Male,28,North,Punjab,Ludhiana,Suite,Honeymoon Suite,3,13951.47,0.0,41854.41,4522.14,1023.5,2,Net Banking,2.0
ORD80584,2024-11-27,Pooja Nair,Regular,Female,46,West,Maharashtra,Pune,Deluxe Room,City View,4,7453.31,0.15,25341.25,4124.1,803.72,2,Debit Card,1.0
ORD72419,2023-01-24,Vikram Pillai,Regular,Female,20,South,Tamil Nadu,Chennai,Suite,Honeymoon Suite,3,19246.52,0.05,54852.58,18858.92,220.04,3,Net Banking,4.0
ORD52699,2024-08-09,Unknown,New,Male,27,South,Karnataka,Mysuru,Suite,Family Suite,2,20172.14,0.1,36309.85,8624.81,1374.46,3,Wallet,4.0
ORD60178,2024-11-06,Anika Kapoor,New,Male,19,North,Delhi,New Delhi,Suite,Presidential Suite,1,15329.1,0.05,14562.65,3959.85,1333.19,2,Credit Card,1.0
ORD85235,2023-06-20,Kabir Mehta,Regular,Male,63,South,Tamil Nadu,Chennai,Deluxe Room,Garden View,2,3616.6,0.1,6509.88,1676.74,1297.53,1,Net Banking,1.0
ORD90328,2024-10-28,Sneha Pillai,Regular,Female,55,South,Karnataka,Bengaluru,Deluxe Room,Executive,2,5214.97,0.2,8343.95,2665.93,700.24,3,Wallet,5.0
ORD94148,2023-01-26,Priya Bhatt,New,Male,58,East,Jharkhand,Ranchi,Standard Room,Non-AC,3,3155.47,0.1,8519.77,864.49,1773.57,1,Net Banking,4.0
ORD25672,2024-10-17,Anika Joshi,Premium,Female,50,West,Gujarat,Surat,Villa,Pool Villa,2,53780.34,0.2,86048.54,25726.76,1110.41,0,UPI,2.0
ORD68763,2024-08-15,Aarav Agarwal,Regular,Female,40,East,Odisha,Cuttack,Banquet/Event,Poolside Event,1,114028.87,0.05,108327.43,15139.54,675.65,3,Wallet,4.0
ORD34213,2024-07-03,Zara Chopra,New,Male,60,West,Gujarat,Ahmedabad,Standard Room,Non-AC,3,1839.93,0.0,5519.79,582.78,1613.34,2,Net Banking,2.0
ORD77829,2024-01-24,Vivaan Sharma,Regular,Male,41,South,Karnataka,Bengaluru,Standard Room,Non-AC,5,2596.47,0.05,12333.23,3023.84,1300.64,0,UPI,1.0
ORD67848,2024-02-03,Reyansh Iyer,Regular,Female,23,East,Jharkhand,Ranchi,Standard Room,Twin Sharing,3,2822.56,0.2,6774.14,1478.73,583.09,0,Net Banking,4.0
ORD20521,2023-08-25,Kiara Kulkarni,Regular,Male,64,East,Bihar,Patna,Standard Room,Double,1,3179.3,0.15,2702.41,675.82,357.84,0,UPI,1.0
ORD13255,2023-03-24,Sneha Rao,New,Female,40,West,Gujarat,Surat,Banquet/Event,Conference Hall,1,88101.43,0.1,79291.29,20738.42,1096.86,2,Credit Card,2.0
ORD42189,2024-03-01,Vivaan Chopra,Premium,Female,35,North,Delhi,New Delhi,Standard Room,Twin Sharing,1,2483.02,0.05,2358.87,252.47,916.22,0,Net Banking,5.0
ORD93448,2023-11-24,Vihaan Agarwal,Regular,Male,59,North,Punjab,Amritsar,Villa,Beach Villa,1,33902.05,0.05,32206.95,8231.57,764.63,2,UPI,5.0
ORD26333,2023-05-04,Zara Khan,Regular,Female,43,South,Kerala,Thiruvananthapuram,Banquet/Event,Conference Hall,1,109836.22,0.05,104344.41,16583.6,904.18,3,Credit Card,2.0
ORD34774,2023-07-22,Isha Das,Regular,Male,31,South,Tamil Nadu,Coimbatore,Suite,Junior Suite,3,23255.63,0.1,62790.2,18158.5,1018.13,2,Debit Card,1.0
ORD25381,2023-09-02,Vikram Kapoor,Regular,Female,48,North,Delhi,New Delhi,Deluxe Room,City View,4,4122.06,0.05,15663.83,4169.27,430.81,0,Credit Card,2.0
ORD87469,2023-01-29,Rohan Iyer,New,Male,56,North,Punjab,Ludhiana,Standard Room,AC,3,3866.2,0.05,11018.67,882.59,1751.96,1,Net Banking,2.0
ORD23779,2024-01-22,Ishaan Bhatt,Regular,Male,57,East,West Bengal,Howrah,Suite,Presidential Suite,3,17880.21,0.2,42912.5,14061.56,1933.93,2,Debit Card,5.0
ORD60422,2024-04-15,Sneha Joshi,Regular,Male,20,East,Bihar,Gaya,Deluxe Room,Garden View,1,5205.87,0.15,4424.99,903.08,1443.26,3,Wallet,2.0
ORD40797,2023-01-17,Rahul Chopra,Premium,Male,35,East,West Bengal,Kolkata,Banquet/Event,Poolside Event,1,36002.15,0.1,32401.94,8350.74,1737.84,1,Credit Card,4.0
ORD15249,2024-09-26,Reyansh Patel,Regular,Male,61,East,Odisha,Cuttack,Villa,Beach Villa,1,26240.29,0.1,23616.26,438.44,273.6,1,Wallet,1.0
ORD89631,2023-10-11,Ira Chopra,Regular,Female,38,South,Kerala,Thiruvananthapuram,Deluxe Room,City View,4,4770.33,0.2,15265.06,1675.19,561.98,3,Debit Card,5.0
ORD17695,2023-11-27,Zara Agarwal,Premium,Male,56,South,Telangana,Warangal,Banquet/Event,Poolside Event,1,144452.08,0.0,144452.08,47802.11,1155.72,1,Wallet,3.0
ORD89638,2024-03-15,Ira Patel,Regular,Male,40,South,Telangana,Hyderabad,Deluxe Room,Business,3,4430.17,0.0,13290.51,2771.99,1911.77,0,Debit Card,4.0
ORD32925,2023-10-20,Riya Reddy,Regular,Female,46,South,Tamil Nadu,Coimbatore,Banquet/Event,Conference Hall,1,49569.34,0.15,42133.94,4337.43,772.32,2,UPI,3.0
ORD88307,2023-05-31,Priya Bhatt,New,Male,38,South,Kerala,Kochi,Suite,Honeymoon Suite,2,16661.3,0.15,28324.21,8610.01,912.93,2,Debit Card,3.0
ORD59405,2024-08-01,Arjun Bhatt,Regular,Male,36,West,Maharashtra,Pune,Villa,1BHK Villa,2,42319.26,0.05,80406.59,7020.15,721.06,3,Net Banking,2.0
ORD48611,2024-08-06,Vihaan Joshi,New,Female,18,South,Karnataka,Mysuru,Suite,Junior Suite,3,22850.79,0.2,54841.9,7898.23,996.66,3,Credit Card,3.0
ORD42432,2023-07-19,Priya Mehta,Regular,Male,27,North,Uttar Pradesh,Noida,Standard Room,Twin Sharing,5,3141.53,0.0,15707.65,-53.76,551.22,1,Credit Card,3.0
ORD16689,2024-02-26,Neha Malhotra,Regular,Male,42,North,Punjab,Ludhiana,Villa,Hillside Villa,2,25284.2,0.0,50568.4,5846.38,809.44,2,Credit Card,3.0
ORD66472,2023-10-08,Unknown,Regular,Female,50,East,Jharkhand,Ranchi,Villa,2BHK Villa,2,18927.46,0.2,30283.94,10002.8,428.57,3,Wallet,5.0
ORD83670,2024-06-08,Kavya Kapoor,Regular,Male,21,East,West Bengal,Howrah,Standard Room,AC,3,1885.17,0.05,5372.73,1076.08,1821.52,1,Credit Card,1.0
ORD31119,2023-09-14,Kavya Khan,Premium,Female,26,North,Punjab,Ludhiana,Deluxe Room,Executive,2,5415.81,0.05,10290.04,1995.65,720.26,0,Credit Card,4.0
ORD86513,2023-03-18,Krishna Gupta,Premium,Male,52,East,Bihar,Gaya,Standard Room,Single,4,1881.87,0.0,7527.48,2432.33,909.27,0,Wallet,2.0
ORD72649,2023-03-14,Karan Das,Premium,Female,32,East,Bihar,Gaya,Standard Room,Twin Sharing,3,3137.29,0.0,9411.87,-347.1,1765.33,2,Credit Card,5.0
ORD32215,2024-12-29,Pooja Mehta,New,Male,34,East,Odisha,Cuttack,Suite,Presidential Suite,3,19259.87,0.05,54890.63,4725.59,941.43,2,Credit Card,3.0
ORD23537,2024-10-07,Zara Iyer,New,Female,48,South,Karnataka,Mysuru,Villa,1BHK Villa,1,16541.95,0.15,14060.66,1937.35,1495.51,1,Wallet,1.0
ORD17123,2024-07-29,Rahul Patel,Premium,Female,28,North,Punjab,Amritsar,Standard Room,Twin Sharing,5,3550.13,0.15,15088.05,1406.76,738.66,1,Debit Card,1.0
ORD32203,2024-05-29,Sneha Gupta,Regular,Female,42,East,Odisha,Bhubaneswar,Villa,Pool Villa,1,30119.19,0.05,28613.23,9054.79,209.68,3,Net Banking,3.0
ORD67440,2023-07-01,Neha Das,Premium,Female,64,North,Punjab,Amritsar,Banquet/Event,Small Meeting Room,1,148599.13,0.2,118879.3,29743.5,1634.61,3,Wallet,3.0
ORD94679,2023-11-22,Kiara Sharma,New,Female,56,East,Odisha,Bhubaneswar,Banquet/Event,Small Meeting Room,1,24446.13,0.2,19556.9,3856.41,632.73,2,UPI,4.0
ORD32134,2024-10-07,Kabir Mehta,Premium,Female,42,East,Odisha,Cuttack,Suite,Family Suite,3,20372.7,0.2,48894.48,13352.49,753.22,1,Wallet,3.0
ORD47734,2023-05-04,Advait Gupta,Regular,Male,25,East,West Bengal,Howrah,Suite,Junior Suite,3,18787.69,0.1,50726.76,16974.6,1745.96,3,Net Banking,4.0
ORD54760,2024-02-29,Reyansh Mehta,Regular,Male,57,East,Jharkhand,Jamshedpur,Standard Room,Double,3,2223.87,0.1,6004.45,1071.37,1611.04,0,Debit Card,3.0
ORD43785,2024-03-14,Pooja Das,Premium,Male,54,West,Gujarat,Ahmedabad,Deluxe Room,City View,3,7341.12,0.2,17618.69,3610.03,1854.55,1,Net Banking,5.0
ORD83439,2024-03-02,Nisha Reddy,New,Male,30,North,Punjab,Amritsar,Suite,Honeymoon Suite,3,24706.92,0.1,66708.68,2162.32,1013.03,2,Credit Card,2.0
ORD47650,2024-10-17,Aman Iyer,Regular,Male,40,East,West Bengal,Kolkata,Villa,Beach Villa,2,54010.22,0.0,108020.44,12054.63,1362.97,3,Debit Card,4.0
ORD33291,2024-09-04,Ananya Rao,Regular,Male,50,West,Maharashtra,Pune,Standard Room,AC,4,1528.89,0.2,4892.45,919.68,1224.86,3,Wallet,3.0
ORD71174,2024-05-23,Rahul Patel,Premium,Female,32,West,Gujarat,Ahmedabad,Villa,Beach Villa,1,55297.48,0.2,44237.98,-1044.88,1352.83,3,Debit Card,3.0
ORD95088,2023-03-08,Riya Malhotra,Regular,Male,31,West,Goa,Panaji,Villa,Beach Villa,1,32000.27,0.1,28800.24,6450.09,1600.87,1,Debit Card,2.0
ORD89722,2024-11-27,Ayaan Patel,Premium,Male,54,East,Bihar,Gaya,Banquet/Event,Rooftop Party,1,41256.63,0.0,41256.63,10666.53,1483.89,2,UPI,5.0
ORD97584,2023-09-21,Riya Pillai,Regular,Female,45,West,Rajasthan,Udaipur,Standard Room,Single,5,2962.01,0.05,14069.55,2183.99,499.45,3,Wallet,3.0
ORD97549,2024-10-17,Anika Patel,Premium,Male,39,East,West Bengal,Howrah,Villa,Beach Villa,2,43388.32,0.05,82437.81,25701.47,1786.74,3,Wallet,5.0
ORD95538,2024-11-11,Kavya Kulkarni,Premium,Female,20,South,Tamil Nadu,Chennai,Suite,Presidential Suite,1,15636.7,0.15,13291.19,3328.73,1131.76,2,UPI,2.0
ORD82034,2024-06-23,Aryan Das,Premium,Male,20,South,Karnataka,Mysuru,Standard Room,Twin Sharing,1,3851.35,0.15,3273.65,1072.44,704.46,3,UPI,2.0
ORD68050,2024-09-08,Anika Agarwal,New,Female,53,North,Haryana,Faridabad,Deluxe Room,Pool View,3,4143.94,0.2,9945.46,2693.54,382.29,0,Debit Card,1.0
ORD46574,2023-06-25,Reyansh Patel,Premium,Female,27,North,Punjab,Amritsar,Deluxe Room,City View,4,6000.56,0.05,22802.13,7678.91,1338.57,2,Credit Card,2.0
ORD23946,2023-10-20,Aman Malhotra,Premium,Male,62,North,Uttar Pradesh,Noida,Deluxe Room,Garden View,3,5043.37,0.2,12104.09,4008.61,1059.51,1,Wallet,3.0
ORD18312,2024-10-24,Varun Gupta,Regular,Male,64,East,Odisha,Bhubaneswar,Suite,Honeymoon Suite,2,17239.24,0.05,32754.56,2729.53,769.98,1,Net Banking,1.0
ORD74646,2024-11-15,Pooja Kulkarni,Premium,Female,58,South,Karnataka,Bengaluru,Standard Room,Single,4,3680.93,0.1,13251.35,3147.42,1308.69,1,Debit Card,3.0
ORD39395,2023-12-29,Saanvi Chopra,Regular,Male,31,West,Rajasthan,Udaipur,Villa,Hillside Villa,1,39740.8,0.0,39740.8,13852.28,1186.01,2,UPI,4.0
ORD12781,2024-08-22,Zara Sharma,Premium,Male,54,South,Kerala,Thiruvananthapuram,Villa,Pool Villa,1,15192.72,0.15,12913.81,2606.1,1477.69,2,Debit Card,4.0
ORD38017,2024-09-13,Krishna Gupta,Premium,Male,42,West,Gujarat,Surat,Deluxe Room,City View,3,6097.44,0.05,17377.7,1959.92,1469.55,1,Credit Card,1.0
ORD47404,2023-09-11,Riya Malhotra,Regular,Male,46,South,Karnataka,Mysuru,Suite,Luxury Suite,2,19262.01,0.05,36597.82,11413.32,1417.09,2,Net Banking,5.0
ORD14915,2023-04-03,Vikram Nair,Regular,Male,21,East,Odisha,Bhubaneswar,Standard Room,AC,4,2922.12,0.0,11688.48,2020.0,1564.42,2,UPI,3.0
ORD80105,2023-03-08,Aman Agarwal,Regular,Male,53,North,Uttar Pradesh,Lucknow,Villa,1BHK Villa,1,50421.67,0.1,45379.5,14164.35,805.1,1,Debit Card,5.0
ORD66493,2024-10-28,Riya Gupta,New,Female,25,South,Karnataka,Mysuru,Standard Room,Non-AC,1,1617.68,0.1,1455.91,167.83,1429.56,2,UPI,1.0
ORD28080,2024-03-11,Yash Sharma,Regular,Female,31,North,Punjab,Ludhiana,Suite,Honeymoon Suite,1,20464.78,0.05,19441.54,6415.38,404.58,2,Net Banking,4.0
ORD44264,2024-01-19,Vivaan Singh,Premium,Male,29,North,Punjab,Ludhiana,Deluxe Room,City View,3,3632.14,0.05,10351.6,2264.99,1932.74,0,Net Banking,1.0
ORD12978,2024-07-02,Kavya Joshi,New,Male,18,East,Odisha,Bhubaneswar,Deluxe Room,Pool View,2,7811.26,0.2,12498.02,3424.15,1926.46,2,Credit Card,1.0
ORD56735,2024-03-21,Unknown,Regular,Female,25,East,Jharkhand,Jamshedpur,Deluxe Room,City View,4,7747.3,0.2,24791.36,5796.67,1196.67,2,Credit Card,2.0
ORD76171,2023-12-24,Krishna Singh,Regular,Female,25,West,Gujarat,Surat,Villa,1BHK Villa,2,31333.46,0.05,59533.57,8635.43,1350.64,3,Net Banking,3.0
ORD79269,2023-09-22,Ira Joshi,Regular,Female,32,East,Jharkhand,Jamshedpur,Banquet/Event,Small Meeting Room,1,85347.37,0.0,85347.37,27229.57,268.69,3,UPI,3.0
ORD79801,2024-06-27,Dev Khan,New,Female,28,South,Kerala,Thiruvananthapuram,Standard Room,Non-AC,5,2971.23,0.0,14856.15,1700.35,241.8,2,Credit Card,5.0
ORD10466,2023-10-08,Yash Rao,Regular,Male,24,North,Haryana,Faridabad,Deluxe Room,Pool View,4,5712.14,0.2,18278.85,3485.21,1591.84,0,Credit Card,1.0
ORD58016,2024-10-08,Myra Kulkarni,Premium,Female,37,West,Goa,Panaji,Deluxe Room,Business,3,4668.98,0.0,14006.94,3898.63,1597.66,0,Debit Card,3.0
ORD55793,2024-08-29,Ishaan Kapoor,Regular,Female,37,East,Jharkhand,Ranchi,Deluxe Room,Business,3,3679.13,0.2,8829.91,2288.47,615.68,1,Credit Card,2.0
ORD64098,2024-12-10,Neha Verma,Regular,Female,61,South,Karnataka,Mysuru,Banquet/Event,Small Meeting Room,1,147138.16,0.05,139781.25,47649.3,847.34,2,Net Banking,4.0
ORD46987,2023-09-02,Ira Chopra,New,Female,39,East,Odisha,Bhubaneswar,Banquet/Event,Small Meeting Room,1,87933.82,0.05,83537.13,17194.26,1021.94,0,Wallet,5.0
ORD34043,2023-04-26,Ishaan Reddy,New,Male,64,West,Maharashtra,Pune,Suite,Luxury Suite,1,14014.65,0.15,11912.45,1967.68,1802.39,1,Wallet,1.0
ORD25544,2024-10-05,Sneha Patel,Regular,Male,40,East,Jharkhand,Jamshedpur,Banquet/Event,Rooftop Party,1,44021.45,0.0,44021.45,10949.73,1992.95,0,Debit Card,5.0
ORD35427,2024-07-27,Rohan Chopra,Regular,Male,44,West,Rajasthan,Udaipur,Deluxe Room,Pool View,2,6591.2,0.15,11205.04,2837.99,524.29,1,Wallet,2.0
ORD51238,2023-02-08,Rahul Das,Premium,Male,40,East,West Bengal,Kolkata,Banquet/Event,Small Meeting Room,1,114650.68,0.05,108918.15,19386.73,758.92,1,Wallet,1.0
ORD20751,2023-02-09,Rohan Khan,Regular,Male,51,North,Uttar Pradesh,Lucknow,Suite,Presidential Suite,1,20128.38,0.1,18115.54,3306.81,1749.18,0,Net Banking,1.0
ORD72904,2024-05-30,Vikram Pillai,Regular,Female,51,North,Haryana,Gurugram,Standard Room,AC,4,3267.01,0.1,11761.24,1664.71,1652.58,1,Wallet,3.0
ORD46746,2023-08-09,Isha Verma,Regular,Female,52,West,Gujarat,Surat,Deluxe Room,City View,3,6101.44,0.1,16473.89,4936.23,1336.35,1,Debit Card,1.0
ORD15753,2024-01-01,Vivaan Patel,Regular,Male,44,East,West Bengal,Kolkata,Banquet/Event,Poolside Event,1,73944.35,0.05,70247.13,12823.7,1562.42,0,Debit Card,3.0
ORD55312,2023-12-15,Neha Chopra,Regular,Male,54,West,Gujarat,Ahmedabad,Standard Room,Twin Sharing,2,2885.72,0.1,5194.3,1639.64,1249.79,1,Debit Card,2.0
ORD99769,2023-09-10,Aditya Khan,Premium,Female,40,South,Kerala,Thiruvananthapuram,Deluxe Room,City View,1,5489.38,0.1,4940.44,708.82,895.8,2,Wallet,5.0
ORD50953,2024-07-07,Krishna Kulkarni,Premium,Male,20,East,Bihar,Patna,Deluxe Room,Pool View,2,4183.48,0.2,6693.57,1489.69,545.04,0,Credit Card,3.0
ORD33208,2023-07-26,Karan Iyer,Premium,Male,40,West,Maharashtra,Pune,Standard Room,Non-AC,5,2173.73,0.2,8694.92,1736.83,666.61,3,Wallet,3.0
ORD26009,2023-01-18,Dev Gupta,Regular,Male,25,East,Bihar,Patna,Suite,Honeymoon Suite,1,18513.95,0.15,15736.86,1738.61,1110.37,1,UPI,4.0
ORD40784,2023-02-07,Vihaan Rao,Premium,Female,27,South,Telangana,Warangal,Suite,Family Suite,3,21867.99,0.2,52483.18,11181.35,1353.69,1,Wallet,5.0
ORD77803,2023-06-25,Ira Kapoor,Regular,Male,20,West,Goa,Panaji,Suite,Presidential Suite,1,12188.28,0.0,12188.28,2513.72,1279.31,3,Wallet,3.0
ORD91132,2024-02-06,Zara Nair,New,Female,47,South,Tamil Nadu,Chennai,Standard Room,Twin Sharing,2,3786.06,0.05,7193.51,2430.69,1022.64,3,Net Banking,3.0
ORD99041,2024-02-15,Reyansh Kulkarni,Regular,Male,64,North,Punjab,Ludhiana,Deluxe Room,Garden View,3,3551.45,0.2,8523.48,1858.67,506.46,2,Debit Card,3.0
ORD20533,2024-08-18,Varun Khan,Premium,Male,38,South,Tamil Nadu,Coimbatore,Suite,Honeymoon Suite,3,16400.44,0.05,46741.25,16096.04,1642.76,0,UPI,3.0
ORD70241,2023-01-27,Ishaan Nair,New,Male,40,West,Rajasthan,Jaipur,Banquet/Event,Rooftop Party,1,129066.19,0.2,103252.95,9650.62,1286.78,0,Wallet,4.0
ORD55447,2023-11-28,Saanvi Verma,Regular,Female,23,North,Uttar Pradesh,Lucknow,Banquet/Event,Poolside Event,1,93064.03,0.0,93064.03,9106.85,595.87,1,Wallet,4.0
ORD62778,2024-11-06,Aarav Verma,Regular,Female,55,West,Gujarat,Ahmedabad,Deluxe Room,Business,2,4765.05,0.1,8577.09,2599.75,1993.39,0,Wallet,3.0
ORD92552,2024-06-09,Saanvi Malhotra,Premium,Male,31,East,West Bengal,Howrah,Villa,Pool Villa,2,26056.06,0.05,49506.51,17185.46,270.12,1,Credit Card,3.0
ORD74308,2024-05-27,Saanvi Agarwal,Regular,Female,39,East,Bihar,Gaya,Banquet/Event,Poolside Event,1,96241.96,0.2,76993.57,6184.2,282.15,0,Wallet,2.0
ORD42948,2024-09-18,Pooja Reddy,Premium,Female,55,North,Haryana,Gurugram,Suite,Family Suite,2,19557.44,0.05,37159.14,7485.57,573.5,0,UPI,1.0
ORD68327,2024-04-10,Riya Kapoor,Regular,Male,24,East,Odisha,Cuttack,Standard Room,Double,4,2848.79,0.0,11395.16,358.19,1481.95,1,UPI,3.0
ORD87616,2024-11-05,Rohan Mehta,Regular,Female,65,East,Odisha,Bhubaneswar,Banquet/Event,Wedding Hall,1,36578.84,0.1,32920.96,11474.67,1431.69,3,UPI,5.0
ORD53371,2024-11-19,Pari Kapoor,Premium,Male,63,South,Karnataka,Mysuru,Banquet/Event,Small Meeting Room,1,116418.14,0.1,104776.33,19352.88,1003.44,2,Debit Card,3.0
ORD54065,2024-07-10,Aman Sharma,Regular,Female,38,South,Telangana,Warangal,Suite,Honeymoon Suite,3,20031.27,0.0,60093.81,17853.74,1381.55,1,Wallet,3.0
ORD57015,2024-05-10,Krishna Nair,Regular,Male,63,West,Rajasthan,Jaipur,Villa,1BHK Villa,1,47684.67,0.05,45300.44,13633.48,1838.55,0,Credit Card,1.0
ORD40051,2023-04-07,Kabir Das,Premium,Male,23,West,Goa,Panaji,Standard Room,Double,4,3631.8,0.0,14527.2,2018.56,1960.15,2,UPI,2.0
ORD55413,2024-09-25,Ananya Rao,Premium,Male,30,East,West Bengal,Kolkata,Villa,Beach Villa,1,47807.95,0.2,38246.36,11995.79,682.78,3,Debit Card,1.0
ORD10228,2024-01-03,Aman Mehta,Regular,Female,46,South,Tamil Nadu,Chennai,Suite,Family Suite,2,11606.93,0.0,23213.86,4069.18,1859.6,3,Credit Card,5.0
ORD37590,2024-02-13,Sneha Patel,New,Female,23,East,West Bengal,Kolkata,Deluxe Room,Pool View,3,4929.13,0.2,11829.91,3941.64,1678.34,1,Wallet,5.0
ORD98104,2024-07-19,Rahul Das,Regular,Male,54,West,Maharashtra,Mumbai,Suite,Honeymoon Suite,3,17001.71,0.2,40804.1,4623.63,1777.77,2,UPI,4.0
ORD57511,2024-09-05,Vivaan Reddy,New,Female,21,West,Goa,Panaji,Banquet/Event,Small Meeting Room,1,33533.1,0.05,31856.44,5655.34,1220.12,2,UPI,1.0
ORD57680,2024-03-31,Kabir Das,Premium,Female,53,South,Karnataka,Mysuru,Deluxe Room,Business,1,7761.21,0.2,6208.97,1815.96,1205.91,1,Debit Card,5.0
ORD56811,2024-11-04,Advait Gupta,Regular,Male,27,North,Punjab,Amritsar,Suite,Luxury Suite,3,17163.0,0.05,48914.55,3973.13,1350.58,2,Debit Card,3.0
ORD74558,2024-08-11,Varun Patel,Regular,Male,28,East,Bihar,Patna,Deluxe Room,Pool View,4,6907.2,0.05,26247.36,3060.52,1614.41,3,UPI,2.0
ORD68039,2024-06-06,Kabir Reddy,New,Female,48,North,Delhi,New Delhi,Suite,Presidential Suite,2,24674.08,0.0,49348.16,16660.75,1708.54,2,Debit Card,2.0
ORD69075,2024-06-26,Riya Gupta,Premium,Female,29,South,Kerala,Kochi,Suite,Honeymoon Suite,2,18672.97,0.1,33611.35,4186.45,1887.29,1,Net Banking,2.0
ORD92940,2023-09-12,Aman Kulkarni,Premium,Male,20,East,Odisha,Bhubaneswar,Banquet/Event,Poolside Event,1,82022.27,0.05,77921.16,24102.73,506.77,3,UPI,4.0
ORD41454,2024-11-26,Ayaan Chopra,Regular,Female,56,North,Delhi,New Delhi,Standard Room,Double,5,2189.88,0.2,8759.52,1082.14,1997.17,1,Net Banking,2.0
ORD56914,2024-08-31,Reyansh Malhotra,Regular,Female,51,East,Bihar,Gaya,Standard Room,Non-AC,1,3596.07,0.0,3596.07,368.75,764.63,2,UPI,2.0
ORD77869,2023-01-16,Ayaan Agarwal,Premium,Male,28,East,Odisha,Cuttack,Standard Room,Double,5,2355.85,0.2,9423.4,2361.1,783.22,2,Debit Card,3.0
ORD70859,2024-08-09,Kiara Bhatt,New,Male,61,North,Delhi,New Delhi,Villa,2BHK Villa,2,29630.36,0.05,56297.68,18598.61,1241.17,2,Wallet,5.0
ORD35072,2023-04-21,Vikram Kulkarni,Regular,Female,62,North,Punjab,Ludhiana,Suite,Junior Suite,1,13130.2,0.15,11160.67,1119.09,210.31,3,UPI,5.0
ORD67752,2024-12-29,Rahul Kulkarni,New,Female,39,North,Punjab,Ludhiana,Banquet/Event,Poolside Event,1,37054.3,0.0,37054.3,12521.59,1602.68,1,Net Banking,4.0
ORD13779,2023-08-17,Krishna Rao,Premium,Male,62,South,Karnataka,Mysuru,Standard Room,Single,2,3674.33,0.05,6981.23,2387.97,406.67,1,Credit Card,1.0
ORD30658,2024-07-13,Simran Nair,Premium,Female,32,South,Tamil Nadu,Coimbatore,Suite,Honeymoon Suite,3,16074.98,0.05,45813.69,14994.35,807.58,1,Credit Card,1.0
ORD73545,2024-10-31,Riya Patel,Regular,Female,48,West,Rajasthan,Jaipur,Banquet/Event,Rooftop Party,1,52772.28,0.1,47495.05,5331.04,1548.47,0,Credit Card,1.0
ORD75986,2024-08-20,Pari Agarwal,Premium,Female,62,South,Telangana,Warangal,Deluxe Room,Pool View,1,6771.56,0.1,6094.4,1102.66,990.61,3,Debit Card,2.0
ORD29308,2024-01-16,Isha Joshi,Regular,Male,49,South,Tamil Nadu,Coimbatore,Standard Room,Single,1,3531.38,0.2,2825.1,273.64,620.88,2,Credit Card,5.0
ORD72445,2024-11-15,Zara Joshi,Regular,Female,20,North,Uttar Pradesh,Noida,Standard Room,Twin Sharing,1,2312.98,0.05,2197.33,197.05,931.02,0,Net Banking,3.0
ORD62041,2024-04-06,Pari Patel,Regular,Male,59,East,West Bengal,Kolkata,Banquet/Event,Wedding Hall,1,89215.37,0.1,80293.83,13941.67,216.53,3,Net Banking,5.0
ORD40649,2023-01-17,Arjun Rao,Premium,Male,19,North,Uttar Pradesh,Noida,Villa,Beach Villa,2,45837.76,0.2,73340.42,25158.98,322.12,3,Wallet,3.0
ORD47710,2023-05-16,Kiara Verma,Regular,Female,62,North,Punjab,Amritsar,Suite,Luxury Suite,2,17634.51,0.2,28215.22,8748.41,1332.99,1,UPI,4.0
ORD89448,2024-12-09,Myra Reddy,Premium,Female,28,South,Telangana,Hyderabad,Standard Room,Twin Sharing,3,2322.39,0.1,6270.45,552.31,874.7,2,Debit Card,1.0
ORD72965,2023-01-09,Diya Rao,Regular,Male,65,East,West Bengal,Kolkata,Deluxe Room,Pool View,4,4904.71,0.15,16676.01,5470.13,668.39,3,Net Banking,3.0
ORD18701,2024-11-04,Aarav Gupta,New,Male,24,South,Tamil Nadu,Chennai,Deluxe Room,Pool View,4,3774.65,0.2,12078.88,3748.42,1520.45,3,Credit Card,4.0
ORD98555,2024-03-22,Aditya Mehta,Regular,Male,19,North,Uttar Pradesh,Lucknow,Deluxe Room,Pool View,3,4152.22,0.2,9965.33,2209.6,850.81,3,UPI,3.0
ORD23052,2024-09-24,Vikram Khan,Regular,Female,20,North,Haryana,Gurugram,Suite,Presidential Suite,3,9952.5,0.05,28364.62,4262.09,333.21,1,Wallet,4.0
ORD85665,2023-04-04,Vivaan Das,Premium,Female,53,East,West Bengal,Howrah,Standard Room,Single,5,2125.53,0.15,9033.5,1547.34,576.44,1,Wallet,5.0
ORD37573,2024-09-30,Ananya Patel,New,Male,22,North,Haryana,Gurugram,Deluxe Room,Executive,4,6211.22,0.0,24844.88,8641.1,1023.64,2,Wallet,3.0
ORD45852,2023-12-20,Kavya Patel,Regular,Female,20,South,Telangana,Hyderabad,Villa,Pool Villa,2,59676.87,0.15,101450.68,24582.98,1339.81,2,Net Banking,2.0
ORD18614,2023-06-18,Unknown,Regular,Male,53,West,Maharashtra,Pune,Standard Room,Single,1,2365.61,0.0,2365.61,421.26,1748.34,1,Wallet,2.0
ORD97721,2023-06-23,Ira Kulkarni,Regular,Female,50,East,Odisha,Bhubaneswar,Standard Room,Non-AC,4,2505.56,0.2,8017.79,1647.93,1696.66,0,Wallet,5.0
ORD29239,2024-09-21,Aditya Bhatt,Regular,Male,47,West,Rajasthan,Jaipur,Suite,Junior Suite,2,11311.81,0.15,19230.08,2516.05,1896.22,3,UPI,4.0
ORD68163,2023-05-12,Sneha Nair,New,Female,46,South,Kerala,Thiruvananthapuram,Banquet/Event,Wedding Hall,1,31062.32,0.15,26402.97,2439.32,1592.47,3,Debit Card,5.0
ORD17888,2024-07-23,Zara Kapoor,Regular,Male,40,East,Odisha,Bhubaneswar,Banquet/Event,Rooftop Party,1,26268.62,0.05,24955.19,2586.92,1395.94,3,Credit Card,3.0
ORD71578,2023-12-17,Pooja Singh,Premium,Male,32,North,Punjab,Ludhiana,Banquet/Event,Wedding Hall,1,137254.1,0.1,123528.69,30120.38,653.98,0,Debit Card,2.0
ORD72366,2023-07-08,Krishna Mehta,New,Male,39,West,Maharashtra,Mumbai,Villa,Pool Villa,2,25403.55,0.2,40645.68,10129.35,1005.99,3,Debit Card,3.0
ORD60122,2024-03-23,Ira Singh,New,Male,26,South,Tamil Nadu,Chennai,Suite,Family Suite,3,22205.17,0.05,63284.73,10711.16,1165.33,3,Net Banking,4.0
ORD41959,2023-07-29,Rohan Agarwal,Regular,Female,34,West,Rajasthan,Udaipur,Suite,Junior Suite,1,16096.0,0.1,14486.4,3965.85,536.93,0,UPI,4.0
ORD41819,2024-10-07,Unknown,Regular,Male,29,West,Rajasthan,Udaipur,Banquet/Event,Small Meeting Room,1,37176.03,0.0,37176.03,10402.5,1147.94,0,Net Banking,4.0
ORD59771,2023-04-25,Aditya Joshi,Regular,Male,25,West,Maharashtra,Mumbai,Suite,Family Suite,1,11169.99,0.0,11169.99,2131.99,968.72,0,Credit Card,2.0
ORD19455,2024-01-13,Vivaan Reddy,Premium,Female,61,West,Goa,Panaji,Banquet/Event,Wedding Hall,1,86766.12,0.0,86766.12,20116.43,1713.39,3,Wallet,3.0
ORD36256,2023-01-25,Isha Gupta,New,Male,37,East,Bihar,Gaya,Banquet/Event,Rooftop Party,1,41954.3,0.1,37758.87,9690.3,1360.37,2,Credit Card,5.0
ORD62813,2024-02-15,Unknown,Regular,Male,51,West,Rajasthan,Jaipur,Banquet/Event,Poolside Event,1,32986.3,0.05,31336.99,4716.69,440.65,0,Credit Card,4.0
ORD21807,2023-06-14,Sneha Verma,New,Male,37,East,Odisha,Cuttack,Suite,Junior Suite,2,19929.66,0.15,33880.42,4675.47,1634.24,3,UPI,4.0
ORD63455,2023-12-09,Saanvi Bhatt,Regular,Female,48,South,Karnataka,Bengaluru,Suite,Presidential Suite,1,10879.3,0.0,10879.3,3566.75,1140.23,1,Credit Card,2.0
ORD94393,2023-02-17,Pooja Nair,Regular,Male,60,North,Delhi,New Delhi,Villa,2BHK Villa,1,42950.88,0.15,36508.25,1633.57,1104.73,1,Debit Card,2.0
ORD12552,2024-12-08,Neha Rao,Regular,Female,62,South,Kerala,Thiruvananthapuram,Suite,Honeymoon Suite,2,9213.39,0.2,14741.42,2970.75,1760.25,0,Debit Card,4.0
ORD42411,2024-04-18,Unknown,New,Female,41,North,Delhi,New Delhi,Standard Room,Double,3,1944.77,0.2,4667.45,427.96,647.95,0,Debit Card,1.0
ORD41302,2024-06-01,Reyansh Malhotra,Regular,Male,60,North,Uttar Pradesh,Noida,Villa,1BHK Villa,2,58721.38,0.1,105698.48,19680.32,909.57,3,Net Banking,4.0
ORD62654,2024-06-30,Meera Rao,Regular,Male,25,South,Tamil Nadu,Coimbatore,Banquet/Event,Wedding Hall,1,52841.59,0.2,42273.27,3406.41,1100.68,0,Net Banking,3.0
ORD14337,2024-08-09,Neha Kapoor,Regular,Male,40,South,Kerala,Kochi,Villa,Pool Villa,2,17186.53,0.2,27498.45,6771.64,589.97,1,Debit Card,1.0
ORD31032,2024-06-26,Unknown,Regular,Male,58,East,West Bengal,Howrah,Suite,Honeymoon Suite,2,11125.25,0.1,20025.45,6464.18,1850.93,1,Credit Card,5.0
ORD98750,2023-09-26,Myra Patel,Premium,Female,24,South,Kerala,Thiruvananthapuram,Standard Room,AC,3,3308.95,0.2,7941.48,1580.37,1302.19,2,Debit Card,5.0
ORD53363,2023-01-05,Rahul Joshi,Premium,Female,20,South,Telangana,Warangal,Standard Room,Double,3,2024.94,0.0,6074.82,1175.26,1358.22,1,Credit Card,1.0
ORD27338,2024-08-18,Simran Singh,Premium,Male,63,West,Rajasthan,Jaipur,Deluxe Room,Garden View,4,7555.69,0.2,24178.21,3387.1,429.62,3,Debit Card,4.0
ORD31746,2023-02-11,Vikram Joshi,New,Male,43,North,Punjab,Ludhiana,Deluxe Room,Executive,4,6495.56,0.2,20785.79,2756.58,353.59,2,Wallet,5.0
ORD98308,2024-08-06,Karan Kulkarni,Regular,Female,19,East,Odisha,Bhubaneswar,Standard Room,Single,1,2095.72,0.15,1781.36,422.71,1311.15,0,UPI,1.0
ORD15686,2024-12-19,Advait Patel,Premium,Female,62,West,Gujarat,Ahmedabad,Villa,Pool Villa,2,20167.01,0.15,34283.92,11569.46,1919.86,2,Debit Card,5.0
ORD43413,2023-03-17,Myra Das,Regular,Female,41,East,Bihar,Patna,Deluxe Room,Executive,3,5675.31,0.2,13620.74,3652.84,1082.33,1,Wallet,4.0
ORD15807,2023-08-23,Pooja Kapoor,Premium,Male,54,South,Telangana,Hyderabad,Villa,Hillside Villa,2,34947.38,0.0,69894.76,22203.41,1728.8,2,UPI,2.0
ORD95819,2024-06-27,Ananya Sharma,Regular,Male,56,North,Uttar Pradesh,Lucknow,Deluxe Room,Garden View,2,4595.58,0.0,9191.16,2101.09,638.59,1,Debit Card,4.0
ORD56129,2023-12-23,Diya Mehta,New,Female,19,East,Odisha,Bhubaneswar,Suite,Family Suite,1,14534.39,0.0,14534.39,2852.92,1529.09,3,UPI,3.0
ORD47166,2023-12-21,Meera Gupta,New,Male,65,East,Odisha,Cuttack,Standard Room,Twin Sharing,2,2229.61,0.2,3567.38,1083.21,979.48,3,Net Banking,1.0
ORD26194,2024-08-11,Riya Agarwal,Regular,Male,51,East,Odisha,Bhubaneswar,Banquet/Event,Wedding Hall,1,145084.78,0.2,116067.82,39949.06,757.28,0,UPI,1.0
ORD51319,2024-11-05,Vihaan Iyer,New,Female,25,North,Punjab,Ludhiana,Villa,Hillside Villa,1,44837.26,0.0,44837.26,5389.26,1420.78,1,Net Banking,4.0
ORD75275,2024-12-29,Arjun Nair,Regular,Female,20,South,Telangana,Warangal,Villa,Pool Villa,1,23354.25,0.0,23354.25,7938.77,925.93,1,UPI,3.0
ORD35529,2023-01-28,Nisha Sharma,New,Male,62,West,Maharashtra,Mumbai,Banquet/Event,Poolside Event,1,125464.67,0.05,119191.44,22483.28,1747.19,0,Debit Card,2.0
ORD62075,2024-07-29,Vivaan Gupta,Regular,Male,53,South,Kerala,Kochi,Banquet/Event,Rooftop Party,1,102764.87,0.0,102764.87,8924.22,1458.74,3,Net Banking,5.0
ORD29444,2024-04-21,Kavya Joshi,Regular,Female,48,East,Odisha,Cuttack,Standard Room,Double,4,2133.2,0.0,8532.8,1956.05,1139.03,1,UPI,1.0
ORD46589,2024-10-22,Unknown,Regular,Female,51,West,Gujarat,Ahmedabad,Standard Room,Single,4,1997.33,0.15,6790.92,1864.33,1245.92,1,UPI,3.0
ORD62980,2024-09-16,Myra Chopra,Regular,Male,44,North,Haryana,Faridabad,Standard Room,Non-AC,4,3704.75,0.2,11855.2,3231.37,1760.63,2,Wallet,4.0
ORD95524,2024-01-20,Anika Sharma,New,Male,27,South,Tamil Nadu,Chennai,Villa,Beach Villa,2,59875.36,0.0,119750.72,26348.6,819.69,0,Debit Card,1.0
ORD25058,2024-08-27,Sneha Patel,New,Female,34,West,Rajasthan,Jaipur,Banquet/Event,Rooftop Party,1,32339.26,0.2,25871.41,6843.81,1988.65,3,Net Banking,2.0
ORD68280,2024-12-30,Tanya Bhatt,New,Female,36,North,Punjab,Amritsar,Standard Room,AC,5,3692.31,0.15,15692.32,4081.36,1665.87,0,Credit Card,1.0
ORD20576,2023-05-18,Rahul Reddy,Premium,Female,41,South,Kerala,Thiruvananthapuram,Deluxe Room,Pool View,2,5353.89,0.2,8566.22,2710.55,1751.64,1,Debit Card,3.0
ORD32330,2023-08-17,Myra Malhotra,Regular,Male,46,East,Odisha,Cuttack,Standard Room,Twin Sharing,3,3993.65,0.0,11980.95,2087.04,1366.84,1,UPI,5.0
ORD27043,2023-05-26,Aryan Patel,Premium,Female,56,South,Karnataka,Bengaluru,Deluxe Room,City View,2,6047.31,0.1,10885.16,2354.04,1495.74,3,UPI,3.0
ORD57857,2024-09-11,Simran Rao,Regular,Male,47,North,Punjab,Amritsar,Suite,Honeymoon Suite,2,24811.05,0.05,47140.99,15702.23,1262.49,1,Net Banking,4.0
ORD46672,2023-06-04,Vivaan Singh,Regular,Female,28,West,Maharashtra,Mumbai,Standard Room,Double,3,1535.77,0.0,4607.31,1210.57,1052.97,0,UPI,2.0
ORD92644,2023-07-23,Unknown,Regular,Female,53,South,Telangana,Hyderabad,Suite,Junior Suite,1,12636.89,0.0,12636.89,3364.9,739.7,0,Net Banking,3.0
ORD75154,2023-02-24,Zara Das,Premium,Male,60,East,Odisha,Cuttack,Suite,Luxury Suite,2,17929.81,0.05,34066.64,8919.07,1673.83,1,Net Banking,1.0
ORD52876,2024-10-30,Diya Pillai,Regular,Female,51,West,Gujarat,Surat,Villa,Hillside Villa,2,32751.62,0.2,52402.59,841.78,1276.19,3,Credit Card,5.0
ORD44392,2023-04-12,Unknown,New,Female,64,South,Telangana,Warangal,Banquet/Event,Poolside Event,1,104892.05,0.15,89158.24,16804.99,1752.55,1,Credit Card,3.0
ORD61502,2023-08-19,Ayaan Kapoor,New,Male,26,North,Delhi,New Delhi,Banquet/Event,Wedding Hall,1,38931.1,0.1,35037.99,3604.96,1969.85,2,Wallet,3.0
ORD13502,2023-09-24,Rohan Agarwal,Regular,Male,28,North,Delhi,New Delhi,Banquet/Event,Conference Hall,1,129906.83,0.05,123411.49,5151.52,903.59,2,Wallet,1.0
ORD90178,2024-02-17,Priya Kulkarni,New,Female,23,East,Bihar,Patna,Banquet/Event,Rooftop Party,1,118337.31,0.0,118337.31,10051.45,1740.05,1,UPI,5.0
ORD91518,2024-07-22,Ananya Kulkarni,Premium,Female,47,West,Rajasthan,Udaipur,Villa,2BHK Villa,1,55317.77,0.2,44254.22,4798.88,1154.98,0,UPI,2.0
ORD22299,2024-03-16,Isha Mehta,Regular,Female,33,East,Jharkhand,Jamshedpur,Standard Room,Single,5,3444.58,0.2,13778.32,4163.35,605.15,1,Credit Card,3.0
ORD95303,2023-08-13,Aman Patel,New,Female,39,East,Odisha,Bhubaneswar,Deluxe Room,Business,3,5897.19,0.15,15037.83,2230.0,1532.14,1,Net Banking,1.0
ORD64910,2023-05-07,Isha Mehta,Regular,Female,46,South,Kerala,Thiruvananthapuram,Standard Room,Double,5,3016.67,0.2,12066.68,1149.41,692.11,1,Net Banking,4.0
ORD79456,2024-02-10,Ayaan Joshi,Premium,Male,55,East,Jharkhand,Ranchi,Suite,Presidential Suite,1,10275.01,0.15,8733.76,727.35,1614.3,3,Net Banking,2.0
ORD99941,2024-06-02,Aarav Bhatt,Regular,Male,27,East,Jharkhand,Ranchi,Villa,1BHK Villa,2,26499.06,0.2,42398.5,10639.07,955.09,1,Credit Card,5.0
ORD55524,2023-02-08,Sneha Sharma,Regular,Male,38,West,Gujarat,Surat,Suite,Junior Suite,1,17066.24,0.05,16212.93,1706.04,1422.57,3,Debit Card,3.0
ORD50312,2023-05-07,Tanya Khan,Regular,Male,25,North,Haryana,Gurugram,Banquet/Event,Wedding Hall,1,22112.25,0.0,22112.25,5327.73,747.35,3,Debit Card,3.0
ORD68051,2023-03-15,Vihaan Pillai,New,Female,24,East,Odisha,Cuttack,Deluxe Room,City View,2,4044.43,0.1,7279.97,1418.68,1784.0,1,Wallet,1.0
ORD84538,2024-10-01,Unknown,Regular,Female,51,North,Haryana,Gurugram,Banquet/Event,Small Meeting Room,1,80432.86,0.2,64346.29,-1197.99,528.16,1,Net Banking,3.0
ORD42290,2024-05-15,Rahul Malhotra,Regular,Male,38,East,West Bengal,Howrah,Villa,Hillside Villa,1,30066.71,0.1,27060.04,3674.76,1731.81,0,Debit Card,1.0
ORD67215,2024-12-26,Pari Mehta,Premium,Male,59,North,Uttar Pradesh,Noida,Suite,Luxury Suite,3,12393.63,0.2,29744.71,9239.83,714.01,2,Wallet,4.0
ORD56349,2023-08-20,Meera Malhotra,New,Male,42,North,Uttar Pradesh,Noida,Deluxe Room,City View,2,6869.65,0.15,11678.4,3451.65,1713.31,3,UPI,5.0
ORD80300,2024-10-12,Anika Mehta,New,Female,49,East,Bihar,Gaya,Standard Room,AC,3,2663.89,0.05,7592.09,2025.86,1604.62,0,Credit Card,3.0
ORD16716,2023-08-10,Sneha Mehta,Premium,Male,31,East,Bihar,Patna,Banquet/Event,Conference Hall,1,128512.72,0.15,109235.81,27421.98,1022.23,2,Debit Card,3.0
ORD14987,2024-03-27,Diya Reddy,Regular,Female,34,East,Jharkhand,Jamshedpur,Standard Room,Double,1,3305.47,0.2,2644.38,544.01,1836.92,2,Net Banking,2.0
ORD87857,2023-06-17,Vivaan Pillai,Regular,Female,44,West,Maharashtra,Mumbai,Standard Room,Double,3,1714.94,0.15,4373.1,516.53,274.25,0,Debit Card,3.0
ORD45455,2024-07-12,Zara Patel,Regular,Female,56,South,Karnataka,Mysuru,Suite,Junior Suite,3,11164.51,0.15,28469.5,4794.65,1491.87,2,Debit Card,1.0
ORD92890,2023-11-16,Meera Das,New,Female,65,South,Telangana,Hyderabad,Standard Room,Single,4,3607.51,0.05,13708.54,3640.5,1895.89,1,Wallet,3.0
ORD58620,2023-12-22,Aryan Das,Premium,Male,22,South,Tamil Nadu,Coimbatore,Deluxe Room,Business,2,7096.28,0.15,12063.68,1647.71,1540.97,1,Wallet,4.0
ORD37138,2023-05-01,Vikram Nair,Regular,Female,46,West,Maharashtra,Mumbai,Deluxe Room,Executive,2,7965.18,0.1,14337.32,2033.22,692.59,0,Credit Card,5.0
ORD33342,2024-07-08,Pari Malhotra,Regular,Male,52,East,Bihar,Patna,Standard Room,Twin Sharing,1,3812.03,0.15,3240.23,29.9,1430.48,2,Debit Card,1.0
ORD90036,2023-05-08,Karan Chopra,Regular,Female,34,East,Jharkhand,Jamshedpur,Standard Room,Twin Sharing,3,2202.98,0.1,5948.05,750.44,1400.33,3,Credit Card,1.0
ORD13882,2024-12-26,Aarav Kulkarni,New,Male,46,West,Maharashtra,Mumbai,Standard Room,Non-AC,1,3669.81,0.05,3486.32,1051.34,1419.9,2,Credit Card,1.0
ORD34265,2023-03-13,Vivaan Reddy,Premium,Female,60,East,West Bengal,Howrah,Deluxe Room,Business,2,7353.64,0.2,11765.82,1357.33,1993.24,2,Wallet,2.0
ORD45712,2023-01-28,Isha Kulkarni,Premium,Male,43,North,Uttar Pradesh,Noida,Villa,Pool Villa,2,36344.63,0.05,69054.8,23468.19,824.4,2,Wallet,3.0
ORD42834,2024-09-23,Rohan Iyer,Regular,Male,43,East,Bihar,Patna,Suite,Honeymoon Suite,2,24661.13,0.05,46856.15,15959.43,1769.12,1,Wallet,3.0
ORD81271,2024-09-03,Unknown,Regular,Female,32,East,West Bengal,Howrah,Deluxe Room,Pool View,4,4583.76,0.1,16501.54,4731.31,886.53,1,UPI,1.0
ORD70045,2023-03-28,Myra Iyer,New,Male,48,South,Telangana,Warangal,Suite,Luxury Suite,2,13749.7,0.15,23374.49,2494.64,1161.08,1,UPI,1.0
ORD44482,2024-10-04,Vivaan Nair,Regular,Female,60,North,Uttar Pradesh,Noida,Villa,1BHK Villa,1,51382.33,0.0,51382.33,17182.68,1233.94,1,Credit Card,3.0
ORD85911,2023-03-10,Saanvi Patel,Regular,Male,39,East,Jharkhand,Jamshedpur,Villa,Beach Villa,2,23420.2,0.2,37472.32,7122.13,1420.76,2,UPI,2.0
ORD32124,2024-03-25,Pooja Das,Regular,Male,58,West,Rajasthan,Jaipur,Villa,2BHK Villa,2,22706.05,0.0,45412.1,12258.08,1500.56,0,Credit Card,3.0
ORD90753,2024-11-13,Unknown,Premium,Female,33,South,Telangana,Warangal,Deluxe Room,Executive,1,5020.06,0.15,4267.05,1167.76,1909.63,3,UPI,5.0
ORD54383,2024-07-29,Unknown,New,Female,33,East,Bihar,Patna,Standard Room,AC,2,3596.99,0.0,7193.98,1205.75,1447.91,2,Credit Card,4.0
ORD92513,2023-05-09,Pari Reddy,New,Male,18,West,Maharashtra,Mumbai,Villa,Pool Villa,2,20752.11,0.0,41504.22,6041.89,1071.67,0,Wallet,2.0
ORD87836,2024-08-16,Riya Das,Regular,Female,54,West,Maharashtra,Pune,Deluxe Room,Executive,1,6068.45,0.15,5158.18,744.2,1455.89,0,Credit Card,5.0
ORD23831,2024-10-05,Saanvi Kulkarni,Regular,Male,59,South,Kerala,Kochi,Villa,1BHK Villa,1,35698.58,0.2,28558.86,5208.87,1652.98,3,Net Banking,3.0
ORD89944,2023-04-19,Karan Sharma,New,Female,49,North,Punjab,Ludhiana,Deluxe Room,Pool View,4,7534.25,0.15,25616.45,7961.32,1916.66,0,UPI,4.0
ORD28351,2024-11-08,Kiara Nair,Regular,Female,65,East,West Bengal,Howrah,Villa,Beach Villa,2,40164.68,0.15,68279.96,14471.07,1605.19,0,UPI,1.0
ORD78093,2024-07-01,Sneha Pillai,Premium,Male,30,South,Karnataka,Bengaluru,Banquet/Event,Wedding Hall,1,107926.8,0.1,97134.12,18271.83,554.57,3,UPI,5.0
ORD79288,2024-04-25,Isha Iyer,New,Female,22,West,Maharashtra,Pune,Villa,Pool Villa,2,22060.24,0.05,41914.46,4791.6,480.63,0,Debit Card,1.0
ORD77595,2023-12-09,Ayaan Nair,New,Female,43,South,Kerala,Kochi,Suite,Junior Suite,2,13047.13,0.1,23484.83,6809.89,475.92,1,Debit Card,2.0
ORD34603,2024-01-12,Aditya Joshi,New,Male,62,North,Uttar Pradesh,Noida,Standard Room,AC,1,3529.77,0.0,3529.77,336.46,1991.66,0,Net Banking,1.0
ORD67816,2024-08-05,Varun Khan,Regular,Female,35,West,Goa,Panaji,Suite,Presidential Suite,1,20820.66,0.0,20820.66,6151.64,1073.83,0,Credit Card,4.0
ORD51818,2023-03-19,Rohan Iyer,New,Male,34,East,West Bengal,Howrah,Deluxe Room,Pool View,3,4714.76,0.15,12022.64,2170.21,1558.29,3,Debit Card,4.0
ORD71060,2023-12-02,Rohan Reddy,Premium,Female,59,South,Telangana,Hyderabad,Standard Room,Double,2,2874.72,0.05,5461.97,538.29,478.81,3,Wallet,1.0
ORD62435,2024-07-24,Rohan Reddy,Regular,Female,45,West,Rajasthan,Jaipur,Deluxe Room,Executive,4,5512.91,0.05,20949.06,5164.89,654.54,1,Debit Card,2.0
ORD99624,2023-09-28,Ananya Kapoor,Premium,Female,54,North,Delhi,New Delhi,Banquet/Event,Small Meeting Room,1,95576.83,0.15,81240.31,24633.61,994.32,1,Net Banking,3.0
ORD48288,2023-12-09,Isha Das,Regular,Female,26,East,Jharkhand,Jamshedpur,Banquet/Event,Wedding Hall,1,117607.12,0.2,94085.7,31617.67,751.01,3,UPI,3.0
ORD13004,2024-02-12,Pari Nair,Premium,Female,26,North,Haryana,Faridabad,Suite,Luxury Suite,2,9765.37,0.0,19530.74,-805.29,1397.39,0,Debit Card,4.0
ORD17497,2024-10-26,Meera Khan,Regular,Female,20,West,Gujarat,Surat,Villa,Beach Villa,2,51243.65,0.1,92238.57,9969.69,248.61,0,Net Banking,2.0
ORD11081,2024-04-05,Krishna Pillai,New,Male,32,South,Telangana,Warangal,Standard Room,Single,5,1805.86,0.2,7223.44,1769.84,1660.28,2,Wallet,4.0
ORD98975,2023-01-18,Nisha Kulkarni,Regular,Male,55,North,Haryana,Faridabad,Banquet/Event,Poolside Event,1,90232.87,0.2,72186.3,-2556.02,495.67,0,Net Banking,3.0
ORD85184,2023-08-14,Myra Singh,New,Male,49,North,Punjab,Ludhiana,Suite,Presidential Suite,3,21241.32,0.05,60537.76,16681.53,525.22,0,Net Banking,5.0
ORD62938,2023-03-12,Priya Chopra,Regular,Female,27,North,Delhi,New Delhi,Banquet/Event,Poolside Event,1,61557.96,0.2,49246.37,3991.69,1771.97,0,Wallet,5.0
ORD99952,2023-08-09,Arjun Nair,Premium,Male,59,South,Karnataka,Mysuru,Villa,1BHK Villa,2,44539.28,0.0,89078.56,18133.21,560.13,2,Net Banking,2.0
ORD40685,2023-10-09,Varun Gupta,New,Female,43,North,Punjab,Ludhiana,Banquet/Event,Poolside Event,1,148344.34,0.15,126092.69,41318.84,495.13,0,Debit Card,3.0
ORD99393,2024-10-02,Aditya Das,Regular,Female,20,East,Bihar,Gaya,Standard Room,Double,4,2627.54,0.2,8408.13,2834.8,476.96,1,Credit Card,4.0
ORD29367,2023-01-28,Isha Verma,Regular,Male,39,West,Rajasthan,Udaipur,Banquet/Event,Conference Hall,1,43017.62,0.15,36564.98,10776.76,1440.56,3,Credit Card,1.0
ORD78276,2023-01-19,Pooja Mehta,Premium,Male,54,West,Gujarat,Surat,Villa,2BHK Villa,1,57864.79,0.15,49185.07,8744.88,1463.14,1,Wallet,2.0
ORD82679,2023-01-25,Pari Nair,Regular,Male,64,West,Maharashtra,Pune,Suite,Presidential Suite,3,14462.3,0.0,43386.9,14415.25,219.33,3,Net Banking,3.0
ORD77664,2023-03-16,Priya Kapoor,Regular,Male,60,South,Tamil Nadu,Chennai,Deluxe Room,Pool View,4,7254.65,0.1,26116.74,4113.66,1559.96,0,Net Banking,1.0
ORD87544,2024-08-10,Kavya Chopra,Regular,Female,47,East,Odisha,Cuttack,Villa,1BHK Villa,2,44081.7,0.1,79347.06,22402.49,1297.21,3,UPI,4.0
ORD70457,2023-07-01,Nisha Bhatt,Premium,Male,44,East,West Bengal,Howrah,Banquet/Event,Wedding Hall,1,86505.51,0.0,86505.51,20289.29,1612.27,0,Credit Card,2.0
ORD20775,2024-12-06,Pooja Bhatt,Regular,Male,20,North,Uttar Pradesh,Lucknow,Banquet/Event,Small Meeting Room,1,118867.14,0.1,106980.43,19015.0,1386.08,1,Wallet,3.0
ORD52822,2024-03-12,Ayaan Iyer,Regular,Male,19,North,Uttar Pradesh,Lucknow,Villa,1BHK Villa,2,32092.74,0.05,60976.21,12608.74,999.28,1,Net Banking,5.0
ORD31175,2023-09-04,Unknown,Regular,Male,61,South,Kerala,Kochi,Deluxe Room,City View,1,4578.68,0.2,3662.94,704.12,944.73,3,UPI,5.0
ORD79223,2023-09-19,Kavya Agarwal,Premium,Male,60,South,Tamil Nadu,Chennai,Deluxe Room,Pool View,2,5850.15,0.15,9945.25,822.19,355.54,3,UPI,5.0
ORD97036,2023-02-27,Myra Das,Regular,Female,62,North,Uttar Pradesh,Noida,Banquet/Event,Wedding Hall,1,101437.29,0.05,96365.43,15916.62,1184.48,0,Net Banking,2.0
ORD41246,2023-07-27,Aarav Kapoor,Premium,Male,34,West,Gujarat,Surat,Standard Room,AC,2,3392.46,0.05,6445.67,1480.88,1334.68,3,Credit Card,3.0
ORD67725,2024-06-25,Rohan Reddy,Regular,Female,56,West,Rajasthan,Udaipur,Deluxe Room,Pool View,3,7504.47,0.0,22513.41,3299.0,1094.78,0,UPI,2.0
ORD86309,2024-03-17,Myra Mehta,Premium,Female,23,West,Goa,Panaji,Deluxe Room,City View,2,6705.12,0.05,12739.73,4241.8,558.39,0,Wallet,3.0
ORD55036,2023-01-11,Zara Verma,New,Female,64,West,Maharashtra,Pune,Deluxe Room,Executive,4,4601.11,0.15,15643.77,1883.58,1878.08,2,Net Banking,4.0
ORD36735,2023-07-11,Unknown,Regular,Female,34,North,Uttar Pradesh,Lucknow,Banquet/Event,Wedding Hall,1,66354.26,0.0,66354.26,10285.07,1601.99,0,Debit Card,5.0
ORD47824,2023-08-26,Tanya Gupta,Regular,Female,54,West,Goa,Panaji,Deluxe Room,City View,1,6556.64,0.05,6228.81,1951.22,296.52,3,Debit Card,5.0
ORD70061,2023-07-25,Aditya Malhotra,Regular,Female,25,East,Odisha,Bhubaneswar,Banquet/Event,Wedding Hall,1,103738.81,0.0,103738.81,20067.1,1723.95,0,Debit Card,2.0
ORD52027,2024-09-27,Kavya Joshi,Premium,Male,55,West,Gujarat,Surat,Deluxe Room,Pool View,1,6449.63,0.05,6127.15,1303.06,448.71,2,Debit Card,4.0
ORD14109,2023-08-01,Riya Gupta,New,Male,43,East,Odisha,Bhubaneswar,Villa,Pool Villa,2,17322.23,0.05,32912.24,5253.75,602.59,2,Debit Card,5.0
ORD24268,2024-05-01,Vihaan Iyer,Regular,Female,18,North,Haryana,Gurugram,Banquet/Event,Rooftop Party,1,89109.47,0.0,89109.47,20105.86,1227.06,0,Credit Card,5.0
ORD16148,2023-11-07,Tanya Gupta,New,Female,56,West,Maharashtra,Mumbai,Deluxe Room,City View,2,4588.52,0.1,8259.34,2578.24,335.74,1,Net Banking,5.0
ORD65742,2024-12-01,Aarav Agarwal,Regular,Male,45,East,Bihar,Gaya,Deluxe Room,Business,1,6479.49,0.0,6479.49,1016.2,1786.83,0,Wallet,1.0
ORD13225,2024-11-10,Pooja Pillai,Regular,Female,41,East,Odisha,Bhubaneswar,Villa,Beach Villa,2,41334.21,0.1,74401.58,6839.93,492.03,1,Debit Card,3.0
ORD11583,2023-03-02,Ira Sharma,Premium,Male,48,North,Punjab,Ludhiana,Deluxe Room,City View,4,4561.53,0.1,16421.51,4558.83,699.71,0,Net Banking,2.0
ORD30324,2024-01-23,Tanya Reddy,New,Female,24,South,Telangana,Warangal,Standard Room,Double,1,2273.89,0.2,1819.11,371.67,374.58,3,Wallet,3.0
ORD68159,2024-07-14,Varun Das,Regular,Male,35,North,Haryana,Faridabad,Deluxe Room,City View,2,6800.84,0.0,13601.68,3484.98,226.35,1,Wallet,4.0
ORD16387,2024-10-17,Krishna Verma,Regular,Female,24,East,Bihar,Gaya,Suite,Junior Suite,3,19547.97,0.1,52779.52,15690.59,1144.05,3,UPI,5.0
ORD87838,2024-02-20,Aryan Verma,Regular,Male,39,North,Uttar Pradesh,Noida,Standard Room,Non-AC,1,2401.81,0.0,2401.81,814.41,746.42,1,Credit Card,4.0
ORD90640,2023-09-16,Rohan Rao,Regular,Male,48,West,Maharashtra,Pune,Villa,Beach Villa,2,45157.38,0.15,76767.55,6595.32,441.66,3,Debit Card,4.0
ORD30230,2024-11-12,Kiara Pillai,Premium,Male,44,South,Telangana,Hyderabad,Suite,Junior Suite,2,17598.25,0.2,28157.2,2463.6,790.14,0,Net Banking,1.0
ORD11171,2023-06-02,Riya Joshi,Regular,Male,47,South,Telangana,Hyderabad,Deluxe Room,City View,3,4687.95,0.0,14063.85,3868.06,625.38,3,UPI,2.0
ORD16288,2023-05-11,Simran Malhotra,New,Male,46,West,Gujarat,Ahmedabad,Deluxe Room,Executive,2,5430.66,0.0,10861.32,1409.11,494.53,3,Debit Card,1.0
ORD97439,2024-05-25,Dev Pillai,New,Male,63,East,West Bengal,Kolkata,Villa,1BHK Villa,2,43797.14,0.0,87594.28,24857.51,1128.0,2,Credit Card,3.0
ORD52629,2024-08-19,Isha Patel,Regular,Female,48,North,Punjab,Ludhiana,Banquet/Event,Small Meeting Room,1,100579.03,0.0,100579.03,20435.13,844.98,0,Wallet,4.0
ORD69097,2024-10-02,Pari Malhotra,Regular,Female,61,East,Bihar,Gaya,Banquet/Event,Rooftop Party,1,119813.19,0.0,119813.19,28133.17,1265.61,2,Credit Card,4.0
ORD32517,2023-04-10,Unknown,Regular,Male,55,East,Odisha,Bhubaneswar,Deluxe Room,City View,2,3602.59,0.0,7205.18,827.82,1237.19,0,Debit Card,4.0
ORD64327,2023-09-27,Aditya Nair,Regular,Male,45,West,Maharashtra,Mumbai,Banquet/Event,Rooftop Party,1,128719.32,0.05,122283.35,15505.25,1517.58,1,UPI,1.0
ORD82912,2023-06-27,Anika Nair,Regular,Female,41,West,Maharashtra,Mumbai,Banquet/Event,Rooftop Party,1,79472.64,0.05,75499.01,19210.45,536.95,1,Credit Card,4.0
ORD33846,2023-09-06,Riya Bhatt,Regular,Female,58,West,Maharashtra,Mumbai,Banquet/Event,Poolside Event,1,117527.79,0.15,99898.62,8587.56,1071.43,1,Wallet,3.0
ORD43958,2024-07-03,Kavya Rao,Regular,Female,22,North,Haryana,Gurugram,Banquet/Event,Rooftop Party,1,131759.17,0.2,105407.34,12972.27,930.35,0,Debit Card,2.0
ORD53742,2024-07-17,Tanya Sharma,Premium,Female,56,South,Tamil Nadu,Chennai,Banquet/Event,Conference Hall,1,89335.89,0.0,89335.89,25175.43,1320.01,2,UPI,5.0
ORD42674,2024-08-30,Aman Iyer,Regular,Male,50,South,Tamil Nadu,Coimbatore,Deluxe Room,City View,2,5047.82,0.1,9086.08,2414.32,314.06,0,Debit Card,4.0
ORD52889,2023-01-25,Aarav Pillai,Premium,Male,37,East,Bihar,Gaya,Suite,Luxury Suite,1,18702.0,0.05,17766.9,4095.34,1143.55,3,UPI,5.0
ORD62462,2023-05-15,Myra Chopra,Regular,Female,56,East,Jharkhand,Ranchi,Suite,Family Suite,2,11317.95,0.05,21504.1,548.17,1288.02,0,Credit Card,3.0
ORD76029,2024-05-18,Krishna Sharma,Regular,Male,26,East,Bihar,Patna,Villa,Pool Villa,1,43790.94,0.0,43790.94,8373.41,1843.84,0,Credit Card,4.0
ORD46205,2023-01-09,Ishaan Das,New,Female,25,West,Gujarat,Surat,Villa,2BHK Villa,1,49621.14,0.1,44659.03,11723.65,850.49,3,Net Banking,3.0
ORD42532,2023-10-13,Isha Chopra,New,Female,42,North,Punjab,Ludhiana,Banquet/Event,Wedding Hall,1,94564.19,0.05,89835.98,16332.0,804.96,0,UPI,4.0
ORD54720,2023-09-08,Vihaan Singh,Regular,Male,64,South,Tamil Nadu,Chennai,Banquet/Event,Wedding Hall,1,31073.02,0.15,26412.07,3854.24,1775.44,2,Debit Card,2.0
ORD40911,2023-05-06,Diya Verma,Regular,Female,28,North,Delhi,New Delhi,Villa,Beach Villa,2,55906.18,0.15,95040.51,22436.73,791.88,2,Debit Card,3.0
ORD74347,2023-11-27,Vikram Bhatt,Regular,Female,47,South,Karnataka,Mysuru,Suite,Presidential Suite,1,21824.84,0.2,17459.87,2105.11,1935.81,1,UPI,2.0
ORD90926,2024-09-11,Sneha Reddy,Regular,Female,47,West,Rajasthan,Udaipur,Deluxe Room,Garden View,4,6285.65,0.05,23885.47,4492.24,1455.84,0,UPI,3.0
ORD31080,2023-07-06,Meera Das,New,Female,42,East,Jharkhand,Jamshedpur,Suite,Presidential Suite,3,15526.07,0.15,39591.48,5194.97,963.76,3,Wallet,5.0
ORD41084,2024-05-11,Reyansh Patel,New,Female,48,South,Kerala,Thiruvananthapuram,Villa,1BHK Villa,1,45140.83,0.0,45140.83,10837.15,1297.87,3,Wallet,3.0
ORD14525,2023-12-28,Ishaan Das,Regular,Male,38,South,Karnataka,Mysuru,Standard Room,Double,2,1623.61,0.1,2922.5,612.78,371.89,0,Credit Card,2.0
ORD60554,2023-01-01,Yash Reddy,Regular,Female,35,West,Maharashtra,Pune,Villa,Pool Villa,1,44905.32,0.15,38169.52,7788.14,964.98,0,Wallet,4.0
ORD95635,2023-12-17,Arjun Das,Premium,Male,62,West,Rajasthan,Jaipur,Suite,Junior Suite,1,17147.75,0.05,16290.36,1923.79,1720.7,2,Wallet,2.0
ORD42860,2024-08-27,Anika Malhotra,Regular,Female,30,West,Gujarat,Ahmedabad,Suite,Junior Suite,1,24364.88,0.2,19491.9,5184.91,378.16,3,Debit Card,3.0
ORD74931,2024-06-27,Ira Gupta,Premium,Female,42,North,Haryana,Faridabad,Villa,Pool Villa,1,22929.43,0.15,19490.02,3719.41,884.87,3,UPI,2.0
ORD40461,2023-05-25,Rohan Kulkarni,Premium,Male,23,North,Haryana,Faridabad,Villa,Pool Villa,1,36540.32,0.0,36540.32,8141.7,290.37,0,Net Banking,5.0
ORD88420,2023-05-16,Varun Das,New,Female,60,East,Odisha,Bhubaneswar,Standard Room,Double,4,3343.82,0.2,10700.22,2300.82,1539.36,0,UPI,4.0
ORD45551,2024-12-23,Rahul Reddy,New,Female,54,North,Punjab,Amritsar,Deluxe Room,Garden View,1,7536.38,0.0,7536.38,905.78,1976.94,0,UPI,4.0
ORD14138,2024-09-14,Rahul Mehta,New,Female,48,South,Tamil Nadu,Chennai,Suite,Luxury Suite,1,23001.58,0.15,19551.34,6647.55,1036.46,1,Net Banking,3.0
ORD56842,2024-05-30,Reyansh Das,Regular,Female,33,North,Haryana,Faridabad,Banquet/Event,Rooftop Party,1,137362.19,0.05,130494.08,15962.93,1282.69,0,Credit Card,5.0
ORD71054,2023-12-29,Aman Patel,Premium,Male,24,South,Telangana,Warangal,Villa,Hillside Villa,2,28677.02,0.05,54486.34,17135.91,1370.39,0,Credit Card,5.0
ORD51870,2023-12-12,Kiara Sharma,New,Female,43,South,Karnataka,Mysuru,Villa,Beach Villa,1,48627.2,0.15,41333.12,9431.41,1959.43,2,Wallet,3.0
ORD93294,2023-12-10,Ishaan Bhatt,Premium,Female,20,West,Gujarat,Ahmedabad,Villa,Hillside Villa,2,47011.2,0.15,79919.04,21704.25,755.71,0,Net Banking,3.0
ORD72842,2023-05-08,Diya Patel,New,Male,39,East,Bihar,Patna,Suite,Honeymoon Suite,3,22891.66,0.1,61807.48,19285.06,517.67,2,Credit Card,4.0
ORD40443,2024-08-31,Ayaan Bhatt,New,Male,41,South,Tamil Nadu,Chennai,Banquet/Event,Poolside Event,1,36100.52,0.0,36100.52,10644.07,1112.34,2,Credit Card,4.0
ORD56177,2023-10-25,Dev Pillai,Regular,Male,23,South,Kerala,Kochi,Banquet/Event,Poolside Event,1,68116.03,0.05,64710.23,9428.12,1793.6,3,Wallet,5.0
ORD76791,2024-09-23,Rahul Kapoor,New,Male,23,West,Gujarat,Ahmedabad,Deluxe Room,City View,3,5111.75,0.0,15335.25,4214.03,341.13,3,Wallet,2.0
ORD26199,2023-02-21,Karan Agarwal,Regular,Male,41,East,Odisha,Cuttack,Standard Room,Double,3,3792.4,0.0,11377.2,3707.24,1000.45,0,Credit Card,5.0
ORD93556,2024-05-30,Zara Bhatt,New,Male,27,West,Gujarat,Surat,Suite,Honeymoon Suite,1,17801.35,0.1,16021.21,1448.52,740.49,3,Net Banking,5.0
ORD51576,2024-02-22,Tanya Malhotra,Regular,Female,63,East,Jharkhand,Ranchi,Suite,Honeymoon Suite,2,21370.14,0.2,34192.22,11547.65,1983.41,1,Credit Card,2.0
ORD80170,2023-01-07,Meera Sharma,Regular,Female,62,East,Jharkhand,Jamshedpur,Deluxe Room,Garden View,2,4508.22,0.05,8565.62,1171.5,1282.8,0,Wallet,4.0
ORD67294,2023-06-05,Vivaan Bhatt,Regular,Female,49,South,Tamil Nadu,Coimbatore,Suite,Junior Suite,2,16382.1,0.1,29487.78,9612.18,1430.96,3,Debit Card,1.0
ORD86887,2023-02-23,Aditya Kapoor,Regular,Female,32,South,Tamil Nadu,Chennai,Deluxe Room,Business,4,3638.06,0.05,13824.63,3305.58,1210.7,0,Net Banking,4.0
ORD56813,2023-09-01,Karan Joshi,New,Female,56,South,Tamil Nadu,Coimbatore,Deluxe Room,Business,1,4408.79,0.0,4408.79,930.26,342.56,0,Credit Card,1.0
ORD68326,2023-12-12,Ishaan Reddy,Premium,Male,62,West,Rajasthan,Jaipur,Banquet/Event,Wedding Hall,1,146611.92,0.15,124620.13,42497.56,1892.6,0,Debit Card,5.0
ORD79500,2023-10-23,Diya Das,Regular,Male,26,North,Delhi,New Delhi,Banquet/Event,Conference Hall,1,136359.65,0.2,109087.72,25678.07,1557.34,2,Debit Card,3.0
ORD45863,2024-04-17,Kavya Kulkarni,Regular,Female,52,South,Kerala,Kochi,Suite,Junior Suite,2,8822.18,0.2,14115.49,2881.1,529.1,2,Net Banking,4.0
ORD72993,2024-12-25,Aryan Gupta,New,Female,58,North,Haryana,Gurugram,Standard Room,Twin Sharing,2,3095.44,0.05,5881.34,507.24,334.29,2,Debit Card,5.0
ORD69244,2023-11-21,Karan Khan,Regular,Male,30,East,West Bengal,Kolkata,Banquet/Event,Rooftop Party,1,135966.51,0.2,108773.21,12207.1,795.42,3,Wallet,2.0
ORD64995,2023-03-28,Simran Nair,Regular,Male,37,West,Gujarat,Surat,Standard Room,Non-AC,4,3546.61,0.2,11349.15,1577.88,291.09,2,Net Banking,3.0
ORD41804,2024-10-08,Nisha Pillai,New,Male,20,South,Telangana,Warangal,Banquet/Event,Wedding Hall,1,133160.21,0.0,133160.21,19474.82,1729.71,2,UPI,4.0
ORD34837,2024-11-24,Krishna Pillai,Premium,Male,38,East,West Bengal,Howrah,Standard Room,Single,5,1860.51,0.0,9302.55,994.93,786.33,2,Debit Card,1.0
ORD53808,2023-05-28,Nisha Kulkarni,Regular,Female,25,South,Tamil Nadu,Chennai,Deluxe Room,Executive,1,3728.85,0.1,3355.97,646.88,1897.2,2,Wallet,5.0
ORD88395,2023-07-25,Anika Nair,Regular,Female,60,East,West Bengal,Howrah,Suite,Luxury Suite,1,10094.41,0.15,8580.25,-70.44,1784.28,2,Net Banking,2.0
ORD71082,2023-06-30,Krishna Reddy,Regular,Female,33,South,Tamil Nadu,Coimbatore,Banquet/Event,Conference Hall,1,33048.73,0.15,28091.42,8505.4,534.06,0,Debit Card,4.0
ORD43146,2024-01-04,Kavya Patel,Premium,Male,58,East,West Bengal,Howrah,Deluxe Room,City View,3,3544.16,0.1,9569.23,1721.78,577.0,3,Wallet,3.0
ORD21991,2023-11-04,Meera Patel,Premium,Male,57,North,Delhi,New Delhi,Villa,2BHK Villa,1,36498.84,0.15,31024.01,7665.69,1204.25,0,Net Banking,3.0
ORD45098,2024-12-30,Kavya Das,Regular,Female,19,South,Karnataka,Bengaluru,Villa,Pool Villa,1,56872.05,0.15,48341.24,13563.78,1504.38,1,Debit Card,5.0
ORD58471,2024-03-09,Ira Sharma,Regular,Male,22,East,West Bengal,Howrah,Banquet/Event,Conference Hall,1,67090.2,0.15,57026.67,11529.43,970.96,2,Debit Card,4.0
ORD72980,2023-10-18,Zara Sharma,New,Male,35,East,Odisha,Cuttack,Deluxe Room,Garden View,4,7038.43,0.1,25338.35,4319.53,1646.24,0,Credit Card,3.0
ORD85535,2024-01-22,Krishna Mehta,Premium,Male,42,North,Haryana,Faridabad,Deluxe Room,Pool View,4,6369.13,0.15,21655.04,4837.84,986.29,3,Net Banking,3.0
ORD21781,2024-01-03,Unknown,Regular,Male,20,East,West Bengal,Howrah,Standard Room,Double,5,2639.75,0.05,12538.81,2390.75,1750.26,0,Credit Card,2.0
ORD35656,2023-09-22,Neha Bhatt,Premium,Male,40,North,Delhi,New Delhi,Standard Room,Single,3,2027.69,0.1,5474.76,1138.66,874.27,0,Credit Card,2.0
ORD23468,2023-10-28,Meera Sharma,Regular,Male,48,West,Maharashtra,Mumbai,Suite,Family Suite,2,24119.68,0.2,38591.49,11612.5,560.09,1,Net Banking,5.0
ORD62600,2023-05-02,Tanya Khan,Regular,Female,62,East,Jharkhand,Jamshedpur,Banquet/Event,Rooftop Party,1,124899.12,0.15,106164.25,32503.06,1035.29,1,Net Banking,3.0
ORD24199,2024-04-24,Isha Agarwal,Regular,Male,21,East,Jharkhand,Jamshedpur,Suite,Junior Suite,2,12347.46,0.0,24694.92,7855.48,1331.24,2,Wallet,2.0
ORD98117,2023-02-24,Zara Iyer,Premium,Male,52,North,Delhi,New Delhi,Standard Room,Single,3,2495.38,0.15,6363.22,658.32,1855.66,0,Net Banking,4.0
ORD26575,2023-10-09,Kabir Bhatt,New,Male,28,North,Punjab,Ludhiana,Standard Room,Single,4,3280.26,0.0,13121.04,1180.3,201.52,2,Credit Card,2.0
ORD57945,2024-02-12,Ishaan Rao,Regular,Male,55,East,West Bengal,Kolkata,Standard Room,Twin Sharing,2,3585.37,0.2,5736.59,89.04,1978.18,1,Wallet,3.0
ORD26478,2024-06-14,Vikram Iyer,Regular,Female,36,East,Odisha,Bhubaneswar,Standard Room,Twin Sharing,4,2899.37,0.2,9277.98,2896.99,892.19,2,Net Banking,1.0
ORD50784,2024-04-18,Kiara Reddy,Regular,Male,23,West,Gujarat,Ahmedabad,Villa,2BHK Villa,2,27638.22,0.2,44221.15,10684.91,1183.82,1,UPI,5.0
ORD33630,2023-11-12,Kavya Malhotra,Regular,Male,34,South,Karnataka,Mysuru,Suite,Luxury Suite,1,8367.86,0.15,7112.68,2084.71,963.12,3,Credit Card,5.0
ORD79266,2024-08-26,Aman Reddy,New,Female,65,West,Rajasthan,Jaipur,Banquet/Event,Small Meeting Room,1,117538.19,0.2,94030.55,15332.94,1071.77,2,UPI,2.0
ORD24448,2023-11-16,Nisha Kapoor,Regular,Male,56,North,Uttar Pradesh,Noida,Villa,1BHK Villa,2,27104.26,0.05,51498.09,11945.22,338.33,3,Wallet,3.0
ORD25857,2024-02-21,Aryan Pillai,Premium,Male,27,South,Tamil Nadu,Chennai,Standard Room,Single,3,3848.43,0.1,10390.76,3093.13,933.61,3,Net Banking,1.0
ORD44359,2023-02-01,Aryan Verma,Regular,Female,23,South,Kerala,Kochi,Villa,Pool Villa,1,30292.6,0.15,25748.71,7277.87,1718.68,1,Debit Card,2.0
ORD87955,2023-08-14,Priya Agarwal,Regular,Male,38,North,Punjab,Ludhiana,Suite,Honeymoon Suite,3,15345.42,0.05,43734.45,9153.95,1186.56,2,Credit Card,4.0
ORD61523,2023-08-04,Rahul Pillai,Regular,Female,47,North,Delhi,New Delhi,Suite,Family Suite,2,9275.91,0.05,17624.23,4752.86,332.15,3,Debit Card,5.0
ORD92873,2023-12-24,Pooja Gupta,New,Male,31,North,Haryana,Gurugram,Deluxe Room,Executive,4,5338.62,0.2,17083.58,4756.15,669.06,1,Debit Card,3.0
ORD42074,2023-04-03,Reyansh Patel,Premium,Female,55,South,Telangana,Warangal,Suite,Honeymoon Suite,3,8824.83,0.15,22503.32,4132.52,1349.01,0,Net Banking,2.0
ORD69759,2023-11-02,Kabir Pillai,Premium,Male,27,North,Uttar Pradesh,Lucknow,Standard Room,Double,1,3566.2,0.1,3209.58,1008.36,605.77,2,Net Banking,3.0
ORD15362,2023-03-06,Meera Verma,Regular,Male,64,East,Odisha,Bhubaneswar,Deluxe Room,Business,4,6123.18,0.05,23268.08,2127.45,1575.32,3,Debit Card,1.0
ORD51156,2023-09-09,Ishaan Kapoor,Regular,Male,36,South,Tamil Nadu,Coimbatore,Deluxe Room,City View,3,4379.43,0.05,12481.38,1890.24,1924.94,1,UPI,1.0
ORD76484,2024-10-17,Aarav Gupta,Regular,Male,60,West,Maharashtra,Mumbai,Banquet/Event,Small Meeting Room,1,61427.28,0.15,52213.19,8892.23,820.7,1,Wallet,3.0
ORD92414,2024-12-02,Pooja Kulkarni,Regular,Female,33,East,Bihar,Gaya,Suite,Honeymoon Suite,2,14886.71,0.0,29773.42,7657.65,1909.29,2,Wallet,3.0
ORD84932,2024-05-05,Rohan Agarwal,Premium,Male,48,East,Odisha,Cuttack,Standard Room,Double,5,1598.13,0.15,6792.05,1421.46,1752.55,0,Credit Card,1.0
ORD57640,2024-06-02,Zara Nair,Regular,Male,27,West,Gujarat,Ahmedabad,Deluxe Room,Business,1,4199.24,0.2,3359.39,298.73,1146.95,3,Debit Card,5.0
ORD83253,2024-12-12,Vikram Singh,Regular,Male,29,East,Odisha,Bhubaneswar,Deluxe Room,Executive,4,3527.78,0.1,12700.01,2388.57,1257.58,1,Debit Card,3.0
ORD54084,2023-07-06,Simran Bhatt,New,Female,19,South,Tamil Nadu,Chennai,Villa,Pool Villa,1,29745.99,0.0,29745.99,3500.67,711.2,0,Debit Card,1.0
ORD86008,2023-10-26,Myra Kapoor,Premium,Female,57,South,Kerala,Kochi,Suite,Junior Suite,2,17214.34,0.1,30985.81,3180.55,252.52,0,UPI,3.0
ORD86056,2023-05-08,Aman Verma,Regular,Female,24,West,Maharashtra,Mumbai,Deluxe Room,Garden View,3,3900.39,0.05,11116.11,3080.01,1744.87,3,Net Banking,3.0
ORD63888,2024-03-14,Yash Gupta,Regular,Male,26,North,Punjab,Ludhiana,Suite,Luxury Suite,3,17961.84,0.05,51191.24,7666.51,688.76,3,Net Banking,2.0
ORD44051,2024-10-02,Aditya Rao,Regular,Male,22,North,Uttar Pradesh,Lucknow,Standard Room,Double,2,2572.25,0.2,4115.6,713.67,1316.85,2,Wallet,3.0
ORD86717,2024-10-05,Arjun Khan,Regular,Male,39,East,Bihar,Patna,Suite,Junior Suite,3,23960.55,0.0,71881.65,12190.94,975.28,0,UPI,4.0
ORD96430,2023-01-05,Aditya Bhatt,Regular,Male,58,South,Telangana,Warangal,Banquet/Event,Small Meeting Room,1,55103.95,0.1,49593.56,8489.06,956.71,3,Credit Card,1.0
ORD73663,2023-01-25,Aman Bhatt,New,Male,24,North,Delhi,New Delhi,Banquet/Event,Poolside Event,1,25219.27,0.15,21436.38,2034.91,1123.75,0,Credit Card,2.0
ORD26484,2023-09-13,Ayaan Khan,Regular,Female,28,North,Uttar Pradesh,Lucknow,Suite,Honeymoon Suite,1,16637.94,0.05,15806.04,4805.34,931.09,0,UPI,5.0
ORD13183,2023-06-21,Zara Iyer,Regular,Female,31,South,Karnataka,Bengaluru,Banquet/Event,Conference Hall,1,108692.94,0.15,92389.0,9996.66,1631.1,1,Credit Card,5.0
ORD11786,2023-07-03,Rohan Gupta,Regular,Male,53,North,Haryana,Faridabad,Deluxe Room,Business,4,3511.75,0.05,13344.65,4007.2,990.95,0,Debit Card,3.0
ORD11047,2023-09-28,Neha Mehta,Regular,Male,27,East,West Bengal,Howrah,Banquet/Event,Poolside Event,1,102993.68,0.05,97844.0,26431.65,1718.87,1,Debit Card,4.0
ORD17333,2024-02-27,Neha Chopra,Regular,Female,37,North,Punjab,Ludhiana,Standard Room,Single,2,2701.07,0.05,5132.03,876.36,573.77,3,Debit Card,3.0
ORD26323,2023-11-23,Ananya Rao,Regular,Male,48,South,Tamil Nadu,Chennai,Deluxe Room,Pool View,4,3896.43,0.2,12468.58,4100.23,1743.16,3,Credit Card,4.0
ORD79638,2023-09-13,Vikram Malhotra,Regular,Male,34,East,Jharkhand,Jamshedpur,Standard Room,Twin Sharing,3,3878.72,0.0,11636.16,1523.45,986.69,0,UPI,1.0
ORD85121,2024-06-16,Yash Sharma,Regular,Female,37,East,Jharkhand,Jamshedpur,Deluxe Room,Business,1,7777.55,0.2,6222.04,1282.76,632.84,0,Net Banking,3.0
ORD80367,2023-01-08,Anika Rao,New,Female,48,West,Maharashtra,Pune,Standard Room,Single,2,1644.74,0.1,2960.53,361.39,1966.01,0,Net Banking,1.0
ORD12660,2023-10-21,Karan Rao,New,Female,27,East,West Bengal,Kolkata,Standard Room,Double,1,2270.25,0.05,2156.74,360.05,446.16,2,UPI,2.0
ORD27517,2024-05-02,Sneha Kapoor,Premium,Female,18,East,Bihar,Patna,Villa,Hillside Villa,2,31185.58,0.2,49896.93,15911.08,753.9,1,Debit Card,5.0
ORD76346,2024-06-08,Dev Gupta,Regular,Female,28,East,Jharkhand,Ranchi,Banquet/Event,Rooftop Party,1,148404.53,0.0,148404.53,41987.78,1271.45,1,Credit Card,4.0
ORD82246,2023-05-22,Ira Khan,New,Male,58,North,Haryana,Faridabad,Banquet/Event,Small Meeting Room,1,40096.05,0.0,40096.05,11711.4,477.82,3,UPI,2.0
ORD19092,2024-12-13,Karan Verma,Premium,Male,50,East,Jharkhand,Ranchi,Deluxe Room,City View,2,4893.2,0.1,8807.76,996.46,250.69,2,UPI,1.0
ORD75991,2024-01-30,Vivaan Reddy,New,Male,53,South,Tamil Nadu,Coimbatore,Standard Room,AC,5,3165.92,0.1,14246.64,4942.69,1284.12,2,UPI,4.0
ORD64140,2023-12-18,Nisha Kapoor,Regular,Female,37,West,Maharashtra,Pune,Standard Room,AC,2,2203.87,0.0,4407.74,821.31,850.73,2,Wallet,1.0
ORD28015,2023-01-11,Kiara Agarwal,Premium,Female,41,East,West Bengal,Howrah,Suite,Family Suite,2,11278.58,0.0,22557.16,2849.57,1161.17,3,Net Banking,3.0
ORD42660,2024-12-08,Ananya Kulkarni,Regular,Male,63,South,Kerala,Thiruvananthapuram,Banquet/Event,Wedding Hall,1,39276.83,0.15,33385.31,2930.8,668.68,3,Net Banking,1.0
ORD79395,2023-04-01,Anika Verma,Regular,Male,26,South,Karnataka,Bengaluru,Standard Room,Non-AC,1,2905.88,0.15,2470.0,610.36,1099.12,3,Debit Card,1.0
ORD32605,2024-01-17,Priya Gupta,Regular,Male,65,South,Kerala,Thiruvananthapuram,Standard Room,AC,3,1944.43,0.05,5541.63,1820.38,1919.1,2,Credit Card,4.0
ORD95149,2024-09-05,Neha Khan,Regular,Male,27,West,Rajasthan,Jaipur,Villa,Hillside Villa,1,21473.81,0.15,18252.74,4801.26,616.3,0,Debit Card,3.0
ORD30216,2024-03-06,Krishna Reddy,Premium,Male,60,East,Odisha,Cuttack,Suite,Family Suite,2,9100.68,0.2,14561.09,2146.2,1922.71,3,Debit Card,3.0
ORD46393,2023-08-22,Diya Singh,Regular,Female,46,East,Odisha,Bhubaneswar,Deluxe Room,Pool View,1,4132.12,0.1,3718.91,1072.83,1258.71,0,UPI,2.0
ORD85901,2023-12-25,Ayaan Sharma,New,Female,63,North,Punjab,Ludhiana,Banquet/Event,Rooftop Party,1,84145.83,0.0,84145.83,17841.95,1323.72,3,Wallet,1.0
ORD73363,2023-05-07,Arjun Das,Regular,Male,18,South,Kerala,Thiruvananthapuram,Standard Room,AC,5,2701.15,0.15,11479.89,3975.66,1542.59,2,Net Banking,3.0
ORD13985,2024-01-26,Pooja Singh,Regular,Male,55,West,Maharashtra,Pune,Suite,Family Suite,3,13146.89,0.15,33524.57,6241.39,780.98,2,UPI,3.0
ORD16474,2023-05-10,Vihaan Singh,Regular,Female,27,South,Tamil Nadu,Coimbatore,Deluxe Room,Pool View,1,3559.74,0.15,3025.78,341.88,1821.83,3,Wallet,5.0
ORD93404,2024-09-14,Unknown,Premium,Male,24,East,Bihar,Patna,Standard Room,Non-AC,5,2719.27,0.1,12236.72,3661.94,647.3,1,Credit Card,4.0
ORD31138,2023-10-05,Zara Verma,Regular,Female,38,North,Haryana,Faridabad,Banquet/Event,Poolside Event,1,118157.73,0.15,100434.07,26422.54,1277.24,1,Wallet,5.0
ORD64165,2024-07-04,Yash Reddy,New,Male,50,West,Rajasthan,Jaipur,Villa,1BHK Villa,1,23812.27,0.1,21431.04,2704.85,420.89,1,Debit Card,4.0
ORD12882,2023-07-26,Ayaan Verma,Regular,Male,56,North,Punjab,Ludhiana,Suite,Presidential Suite,2,19298.12,0.05,36666.43,10315.92,1274.58,0,Debit Card,3.0
ORD63885,2023-04-09,Priya Chopra,Regular,Female,61,South,Kerala,Kochi,Banquet/Event,Wedding Hall,1,92977.15,0.1,83679.43,9860.48,1375.1,2,Debit Card,5.0
ORD57399,2023-08-14,Meera Chopra,Regular,Male,41,West,Maharashtra,Pune,Villa,1BHK Villa,2,45905.8,0.05,87221.02,10312.18,599.33,1,UPI,2.0
ORD90558,2023-07-31,Pari Das,New,Male,42,East,Bihar,Gaya,Banquet/Event,Poolside Event,1,70530.91,0.0,70530.91,23288.92,1932.36,0,Debit Card,3.0
ORD27683,2024-07-03,Saanvi Bhatt,Regular,Male,44,South,Kerala,Thiruvananthapuram,Deluxe Room,Garden View,3,7538.88,0.05,21485.81,2377.63,935.66,3,Credit Card,1.0
ORD13206,2024-05-01,Ishaan Mehta,Regular,Male,31,East,Odisha,Cuttack,Villa,Beach Villa,2,48394.43,0.1,87109.97,9036.39,1966.46,3,UPI,1.0
ORD12073,2023-02-26,Ananya Joshi,New,Male,52,West,Gujarat,Ahmedabad,Villa,Pool Villa,1,18641.3,0.15,15845.1,2044.93,1803.46,0,Net Banking,5.0
ORD54849,2023-06-04,Pooja Khan,Premium,Female,49,North,Punjab,Amritsar,Suite,Junior Suite,1,14825.2,0.1,13342.68,3825.66,1356.63,1,Net Banking,3.0
ORD80770,2024-01-06,Ishaan Chopra,Premium,Female,44,West,Rajasthan,Udaipur,Banquet/Event,Conference Hall,1,68446.16,0.1,61601.54,5845.95,1470.83,1,Net Banking,1.0
ORD69907,2023-03-25,Riya Iyer,Premium,Female,18,South,Karnataka,Mysuru,Villa,2BHK Villa,1,32220.31,0.0,32220.31,3186.37,927.22,3,Net Banking,2.0
ORD27632,2023-12-14,Aditya Kapoor,New,Female,45,East,West Bengal,Howrah,Suite,Family Suite,3,20783.1,0.1,56114.37,4764.46,1305.1,1,Debit Card,1.0
ORD29839,2024-09-01,Arjun Singh,Regular,Male,62,South,Telangana,Hyderabad,Deluxe Room,Pool View,4,5381.29,0.0,21525.16,6487.88,919.72,0,UPI,1.0
ORD74887,2024-12-27,Simran Kapoor,Regular,Female,47,North,Haryana,Gurugram,Deluxe Room,City View,4,6849.08,0.15,23286.87,5863.91,672.97,0,Debit Card,1.0
ORD72852,2024-06-20,Vikram Nair,Premium,Male,48,North,Haryana,Faridabad,Banquet/Event,Wedding Hall,1,89041.05,0.0,89041.05,16426.86,395.56,1,UPI,2.0
ORD38882,2023-04-23,Nisha Bhatt,Premium,Female,62,South,Karnataka,Mysuru,Suite,Family Suite,1,24363.73,0.0,24363.73,3009.11,680.73,3,Credit Card,4.0
ORD16871,2023-11-25,Aarav Chopra,Regular,Male,57,South,Tamil Nadu,Chennai,Standard Room,Non-AC,3,2774.24,0.05,7906.58,1081.93,786.94,3,Credit Card,3.0
ORD40789,2023-09-19,Unknown,Regular,Female,62,East,Bihar,Patna,Standard Room,Non-AC,5,2300.2,0.15,9775.85,1713.7,1695.38,3,Wallet,1.0
ORD73326,2023-05-08,Neha Verma,Regular,Female,61,North,Punjab,Amritsar,Suite,Family Suite,1,22185.38,0.15,18857.57,4511.35,726.51,0,Credit Card,3.0
ORD86544,2024-10-30,Priya Nair,New,Female,31,East,Jharkhand,Ranchi,Deluxe Room,Garden View,3,4482.57,0.0,13447.71,1484.53,1852.36,0,Wallet,1.0
ORD27306,2024-10-31,Ira Khan,New,Male,61,North,Delhi,New Delhi,Deluxe Room,Business,2,4005.96,0.0,8011.92,1793.0,547.38,1,UPI,4.0
ORD23211,2023-05-01,Priya Kapoor,Regular,Male,35,North,Uttar Pradesh,Noida,Deluxe Room,Garden View,3,3827.01,0.05,10906.98,1276.93,1169.46,2,Wallet,5.0
ORD35092,2024-09-09,Vivaan Bhatt,Regular,Female,58,North,Punjab,Amritsar,Banquet/Event,Small Meeting Room,1,90305.76,0.0,90305.76,16952.91,948.02,0,Net Banking,4.0
ORD25671,2024-05-29,Nisha Gupta,Regular,Female,55,South,Telangana,Warangal,Villa,1BHK Villa,1,31207.39,0.05,29647.02,8978.56,1702.27,0,Wallet,1.0
ORD48174,2023-11-17,Zara Kulkarni,Regular,Female,43,East,Odisha,Bhubaneswar,Banquet/Event,Rooftop Party,1,28287.65,0.15,24044.5,6789.68,1838.46,3,Net Banking,4.0
ORD94653,2024-10-26,Isha Joshi,New,Male,20,East,Odisha,Bhubaneswar,Suite,Junior Suite,3,24533.52,0.15,62560.48,15687.69,889.5,2,Credit Card,1.0
ORD72655,2023-09-29,Ayaan Agarwal,Regular,Female,45,East,Odisha,Bhubaneswar,Deluxe Room,City View,1,5224.0,0.2,4179.2,977.23,1379.93,2,Credit Card,4.0
ORD32650,2023-02-21,Krishna Malhotra,New,Male,58,West,Rajasthan,Jaipur,Suite,Honeymoon Suite,2,10348.69,0.2,16557.9,1612.05,217.55,2,Net Banking,1.0
ORD58633,2024-02-12,Nisha Verma,Regular,Male,59,South,Karnataka,Bengaluru,Villa,Pool Villa,2,50481.9,0.05,95915.61,31109.21,811.05,1,Credit Card,4.0
ORD74128,2023-01-17,Saanvi Chopra,Regular,Female,51,North,Punjab,Ludhiana,Villa,1BHK Villa,2,40589.49,0.2,64943.18,7350.06,1356.88,1,Net Banking,2.0
ORD25133,2024-07-19,Advait Reddy,Regular,Female,34,East,West Bengal,Kolkata,Suite,Presidential Suite,2,9854.03,0.1,17737.25,2453.87,499.24,3,Net Banking,3.0
ORD85803,2024-04-05,Aditya Nair,Premium,Female,52,South,Telangana,Warangal,Suite,Luxury Suite,1,12629.83,0.2,10103.86,2009.07,676.02,0,UPI,3.0
ORD19097,2024-07-11,Kavya Singh,New,Male,51,North,Haryana,Gurugram,Banquet/Event,Conference Hall,1,148727.78,0.1,133855.0,34761.63,258.11,2,Net Banking,1.0
ORD12799,2023-10-17,Pari Chopra,Regular,Male,49,East,West Bengal,Howrah,Deluxe Room,Garden View,3,6922.09,0.15,17651.33,6078.17,1039.57,0,UPI,1.0
ORD57492,2023-09-09,Zara Khan,Premium,Female,51,West,Rajasthan,Udaipur,Banquet/Event,Conference Hall,1,105969.64,0.1,95372.68,12372.65,1192.17,2,Wallet,4.0
ORD39554,2024-02-20,Neha Pillai,Regular,Female,44,North,Punjab,Ludhiana,Standard Room,Non-AC,2,3444.95,0.2,5511.92,1396.11,1611.07,0,Net Banking,5.0
ORD86476,2024-07-12,Zara Das,Premium,Male,64,West,Maharashtra,Mumbai,Standard Room,Non-AC,4,3270.05,0.2,10464.16,2519.87,1555.45,1,Debit Card,3.0
ORD58923,2023-06-09,Kavya Kulkarni,Regular,Male,62,South,Tamil Nadu,Chennai,Deluxe Room,City View,2,7418.54,0.2,11869.66,2247.4,282.93,1,Net Banking,2.0
ORD31025,2024-06-09,Vikram Reddy,Regular,Female,52,West,Goa,Panaji,Standard Room,Double,2,2167.61,0.1,3901.7,1232.86,1551.19,2,Credit Card,2.0
ORD17761,2024-07-16,Krishna Reddy,Regular,Male,35,West,Rajasthan,Udaipur,Villa,1BHK Villa,1,20850.42,0.2,16680.34,5602.93,1639.62,0,Credit Card,3.0
ORD74046,2023-06-14,Zara Bhatt,Regular,Female,56,West,Maharashtra,Pune,Standard Room,Double,5,3339.17,0.1,15026.26,94.77,1854.85,0,Wallet,3.0
ORD22296,2023-08-06,Ira Kapoor,Premium,Female,20,North,Punjab,Amritsar,Villa,1BHK Villa,1,53255.51,0.15,45267.18,9288.0,1977.58,3,Debit Card,1.0
ORD35543,2023-02-17,Meera Bhatt,Regular,Male,36,South,Karnataka,Mysuru,Suite,Family Suite,3,24465.51,0.15,62387.05,8426.86,1345.89,3,Wallet,2.0
ORD47513,2023-01-04,Sneha Joshi,New,Female,35,West,Maharashtra,Mumbai,Banquet/Event,Small Meeting Room,1,88689.52,0.1,79820.57,476.82,954.1,1,Debit Card,3.0
ORD74782,2023-05-26,Vihaan Iyer,Regular,Male,28,North,Haryana,Faridabad,Villa,Hillside Villa,1,22293.56,0.05,21178.88,4746.85,785.35,3,Wallet,3.0
ORD87763,2023-06-03,Sneha Patel,Regular,Female,62,East,Jharkhand,Jamshedpur,Banquet/Event,Wedding Hall,1,85279.02,0.05,81015.07,21569.95,1953.94,3,Wallet,5.0
ORD96519,2024-04-27,Pari Malhotra,Premium,Female,55,West,Goa,Panaji,Standard Room,AC,3,3417.16,0.15,8713.76,2948.6,1853.97,0,Net Banking,5.0
ORD93216,2023-03-28,Anika Rao,Regular,Male,40,West,Gujarat,Ahmedabad,Suite,Junior Suite,3,23427.37,0.0,70282.11,6215.71,592.5,3,Net Banking,4.0
ORD77461,2024-02-11,Rohan Iyer,Regular,Male,40,East,West Bengal,Howrah,Suite,Junior Suite,1,10325.91,0.2,8260.73,1188.59,684.14,3,Credit Card,1.0
ORD20094,2024-04-07,Diya Agarwal,Premium,Female,52,East,Jharkhand,Jamshedpur,Deluxe Room,Executive,3,5505.76,0.05,15691.42,5480.36,481.3,0,Debit Card,3.0
ORD33562,2023-02-01,Nisha Das,Regular,Female,25,East,Jharkhand,Ranchi,Banquet/Event,Conference Hall,1,112277.04,0.05,106663.19,36353.49,1538.58,1,Debit Card,2.0
ORD24014,2024-07-05,Vikram Das,Regular,Male,48,West,Rajasthan,Jaipur,Deluxe Room,Executive,1,4737.94,0.0,4737.94,1150.01,868.15,2,Wallet,3.0
ORD49630,2024-04-23,Priya Agarwal,Regular,Female,61,South,Kerala,Thiruvananthapuram,Standard Room,Non-AC,3,1843.74,0.05,5254.66,643.31,1885.12,3,Wallet,3.0
ORD98634,2023-12-03,Arjun Agarwal,Premium,Female,20,East,Bihar,Patna,Banquet/Event,Conference Hall,1,100183.96,0.0,100183.96,14966.76,1905.16,0,UPI,4.0
ORD66411,2023-07-11,Rohan Kulkarni,Premium,Male,62,South,Karnataka,Bengaluru,Villa,Hillside Villa,1,49103.52,0.05,46648.34,4797.94,821.03,3,Wallet,5.0
ORD89234,2024-01-16,Riya Iyer,New,Male,52,South,Kerala,Kochi,Deluxe Room,Executive,1,7284.16,0.15,6191.54,875.85,553.78,3,Debit Card,4.0
ORD78404,2024-09-18,Kabir Rao,Premium,Male,41,North,Punjab,Amritsar,Villa,Hillside Villa,1,44677.25,0.05,42443.39,7676.14,1039.81,1,Debit Card,3.0
ORD37053,2024-05-19,Nisha Rao,Regular,Male,42,East,West Bengal,Kolkata,Suite,Family Suite,3,23491.65,0.1,63427.46,20819.72,1879.14,0,UPI,1.0
ORD42351,2023-05-27,Tanya Bhatt,Regular,Female,29,South,Kerala,Kochi,Villa,Hillside Villa,2,38293.72,0.2,61269.95,10378.58,1573.64,0,UPI,5.0
ORD41511,2024-08-25,Varun Verma,Regular,Female,19,East,Bihar,Patna,Deluxe Room,Business,4,4732.16,0.2,15142.91,3677.35,511.31,1,Net Banking,4.0
ORD18364,2023-04-02,Advait Agarwal,Regular,Male,34,West,Gujarat,Ahmedabad,Deluxe Room,Executive,2,6931.86,0.2,11090.98,2553.95,1363.22,0,Debit Card,2.0
ORD24582,2023-08-23,Riya Das,Regular,Female,61,East,Odisha,Bhubaneswar,Standard Room,Double,5,3873.04,0.1,17428.68,-731.15,1908.91,1,Net Banking,5.0
ORD99871,2024-12-14,Priya Kulkarni,New,Male,30,South,Kerala,Thiruvananthapuram,Deluxe Room,Pool View,1,5493.28,0.05,5218.62,679.49,1828.53,0,Wallet,3.0
ORD30059,2024-05-02,Varun Iyer,New,Female,34,North,Haryana,Faridabad,Villa,1BHK Villa,1,23623.94,0.05,22442.74,6649.0,1719.89,2,Net Banking,4.0
ORD67748,2023-02-08,Ananya Patel,New,Male,54,South,Tamil Nadu,Coimbatore,Banquet/Event,Rooftop Party,1,100385.69,0.0,100385.69,18909.97,1325.56,3,Credit Card,2.0
ORD47985,2023-07-21,Dev Nair,Premium,Female,41,East,Bihar,Gaya,Villa,2BHK Villa,1,32450.6,0.1,29205.54,3119.37,815.19,3,UPI,3.0
ORD52007,2024-03-11,Unknown,Regular,Male,63,South,Karnataka,Bengaluru,Deluxe Room,City View,2,4083.14,0.15,6941.34,1897.63,1579.51,3,Wallet,2.0
ORD16943,2023-03-16,Diya Agarwal,Premium,Female,46,West,Gujarat,Surat,Villa,Pool Villa,1,15596.22,0.0,15596.22,4.96,231.29,3,Wallet,5.0
ORD50978,2023-10-21,Aryan Das,Regular,Male,29,South,Kerala,Kochi,Deluxe Room,Executive,3,4092.83,0.0,12278.49,1036.7,1468.07,1,Wallet,4.0
ORD50638,2023-02-17,Kabir Iyer,New,Female,58,South,Kerala,Kochi,Deluxe Room,Pool View,4,4059.01,0.1,14612.44,4187.93,1046.51,3,UPI,3.0
ORD76253,2024-02-14,Meera Singh,Regular,Male,47,East,West Bengal,Kolkata,Villa,2BHK Villa,1,16447.84,0.2,13158.27,2028.6,681.28,1,Credit Card,5.0
ORD90769,2023-03-30,Yash Singh,Regular,Female,48,West,Gujarat,Surat,Banquet/Event,Rooftop Party,1,29789.34,0.05,28299.87,9545.41,1844.77,3,Net Banking,4.0
ORD59371,2023-05-14,Yash Bhatt,Regular,Male,18,West,Goa,Panaji,Suite,Family Suite,2,15257.87,0.2,24412.59,2357.67,819.21,3,Net Banking,5.0
ORD48983,2023-02-26,Meera Pillai,Regular,Male,19,East,Jharkhand,Jamshedpur,Suite,Luxury Suite,2,10219.9,0.05,19417.81,6652.12,1453.37,1,Net Banking,1.0
ORD45535,2024-05-03,Priya Pillai,New,Male,49,North,Uttar Pradesh,Lucknow,Standard Room,Non-AC,3,3822.47,0.05,10894.04,2578.55,1317.9,0,Net Banking,5.0
ORD75977,2023-01-24,Meera Rao,Regular,Female,34,West,Rajasthan,Jaipur,Standard Room,Single,5,3826.02,0.15,16260.58,2507.21,1198.34,3,Debit Card,3.0
ORD27380,2023-07-23,Pari Kapoor,Premium,Female,48,North,Punjab,Ludhiana,Suite,Family Suite,1,13448.77,0.1,12103.89,263.01,1637.82,1,Wallet,1.0
ORD47850,2023-11-04,Krishna Chopra,Regular,Male,35,South,Tamil Nadu,Chennai,Standard Room,Non-AC,3,2014.2,0.2,4834.08,1403.25,1905.73,3,Wallet,1.0
ORD30572,2023-02-20,Priya Chopra,Regular,Female,20,East,Jharkhand,Ranchi,Suite,Luxury Suite,1,16742.46,0.15,14231.09,2542.61,1179.28,0,Wallet,1.0
ORD33777,2024-10-19,Karan Das,New,Female,27,North,Punjab,Amritsar,Deluxe Room,Business,2,7390.38,0.1,13302.68,4219.72,490.26,0,Net Banking,5.0
ORD10843,2024-09-30,Varun Mehta,Premium,Female,23,West,Gujarat,Ahmedabad,Villa,1BHK Villa,1,34281.19,0.0,34281.19,6124.91,1638.32,0,UPI,3.0
ORD86547,2023-02-24,Diya Gupta,Regular,Female,34,East,Odisha,Cuttack,Banquet/Event,Wedding Hall,1,48424.21,0.1,43581.79,11690.58,1567.51,1,Wallet,3.0
ORD27441,2024-01-28,Vihaan Verma,Premium,Male,19,West,Gujarat,Surat,Deluxe Room,City View,1,6334.25,0.15,5384.11,1391.62,306.22,2,UPI,1.0
ORD44857,2024-06-04,Isha Verma,Regular,Male,28,West,Gujarat,Ahmedabad,Banquet/Event,Small Meeting Room,1,71201.69,0.1,64081.52,5403.03,1210.18,1,Debit Card,1.0
ORD19914,2023-01-01,Neha Gupta,Regular,Male,20,South,Tamil Nadu,Chennai,Standard Room,Double,5,2811.86,0.2,11247.44,3359.94,370.78,0,Wallet,1.0
ORD93411,2023-07-28,Kabir Gupta,Regular,Male,33,South,Telangana,Warangal,Banquet/Event,Poolside Event,1,138108.13,0.0,138108.13,28321.62,701.71,0,Net Banking,3.0
ORD19405,2023-01-29,Diya Chopra,Regular,Male,40,North,Uttar Pradesh,Lucknow,Villa,Hillside Villa,1,33457.41,0.0,33457.41,10450.89,804.36,1,Net Banking,2.0
ORD74049,2024-09-05,Aman Das,Premium,Male,36,West,Gujarat,Surat,Villa,Pool Villa,2,20668.5,0.05,39270.15,3346.49,501.49,3,Net Banking,1.0
ORD68532,2024-11-15,Krishna Joshi,Regular,Male,40,East,Jharkhand,Ranchi,Standard Room,Twin Sharing,4,3458.34,0.1,12450.02,4174.12,620.12,2,Wallet,2.0
ORD72870,2023-09-09,Dev Nair,Premium,Male,33,West,Gujarat,Ahmedabad,Standard Room,Double,1,3202.21,0.15,2721.88,345.89,393.28,1,Credit Card,5.0
ORD49963,2024-01-24,Ishaan Das,Premium,Female,50,South,Kerala,Thiruvananthapuram,Banquet/Event,Conference Hall,1,139621.89,0.1,125659.7,28456.11,1050.65,3,Net Banking,5.0
ORD88329,2023-01-22,Vivaan Nair,Regular,Male,27,East,Jharkhand,Jamshedpur,Banquet/Event,Conference Hall,1,121923.32,0.05,115827.15,11278.92,1057.54,0,Debit Card,1.0
ORD11029,2023-07-27,Ira Nair,Premium,Male,51,South,Karnataka,Bengaluru,Villa,Pool Villa,1,50863.03,0.0,50863.03,16403.36,1975.8,0,UPI,5.0
ORD99158,2024-04-01,Kabir Bhatt,Premium,Male,65,South,Karnataka,Mysuru,Banquet/Event,Rooftop Party,1,122300.05,0.0,122300.05,33713.32,693.12,1,Wallet,5.0
ORD81484,2024-05-04,Aarav Das,Regular,Female,48,North,Punjab,Ludhiana,Suite,Luxury Suite,3,10361.31,0.0,31083.93,8840.56,444.69,2,UPI,1.0
ORD85702,2023-03-22,Dev Bhatt,Regular,Male,64,West,Maharashtra,Mumbai,Banquet/Event,Conference Hall,1,48287.97,0.1,43459.17,5555.16,1799.2,1,Net Banking,2.0
ORD31795,2023-11-15,Riya Malhotra,Regular,Male,23,East,Bihar,Gaya,Villa,Hillside Villa,2,51308.66,0.0,102617.32,34302.63,720.25,1,Net Banking,5.0
ORD61970,2024-07-03,Meera Pillai,Regular,Female,29,South,Karnataka,Bengaluru,Villa,Hillside Villa,2,52751.65,0.0,105503.3,24185.73,1450.77,2,Credit Card,1.0
ORD71550,2023-10-20,Priya Khan,Regular,Male,27,North,Punjab,Ludhiana,Standard Room,Twin Sharing,4,3066.35,0.1,11038.86,2207.86,1152.18,0,Debit Card,5.0
ORD43882,2024-08-17,Pari Pillai,New,Male,42,North,Uttar Pradesh,Lucknow,Suite,Junior Suite,2,18745.51,0.05,35616.47,4189.22,617.13,2,Wallet,1.0
ORD25470,2024-11-11,Arjun Reddy,New,Male,18,South,Telangana,Hyderabad,Standard Room,Twin Sharing,4,3081.86,0.0,12327.44,3594.19,1860.95,0,UPI,2.0
ORD81677,2023-08-11,Zara Mehta,Regular,Female,24,North,Uttar Pradesh,Noida,Standard Room,Non-AC,4,3965.63,0.1,14276.27,3883.52,847.13,1,Wallet,1.0
ORD90781,2023-02-23,Varun Sharma,Premium,Male,39,North,Haryana,Faridabad,Standard Room,AC,1,3279.22,0.05,3115.26,1017.1,1332.64,2,UPI,1.0
ORD35856,2024-12-24,Karan Patel,Premium,Male,51,West,Gujarat,Surat,Banquet/Event,Conference Hall,1,26364.88,0.05,25046.64,5759.59,257.34,1,Net Banking,1.0
ORD49663,2023-05-30,Zara Agarwal,New,Male,44,North,Haryana,Faridabad,Suite,Junior Suite,1,13808.75,0.1,12427.88,1876.37,1477.7,3,UPI,4.0
ORD42551,2023-05-15,Tanya Khan,New,Male,21,South,Tamil Nadu,Chennai,Banquet/Event,Wedding Hall,1,104826.01,0.15,89102.11,24075.17,1874.5,2,UPI,3.0
ORD33161,2024-12-18,Isha Bhatt,Regular,Male,27,West,Rajasthan,Jaipur,Banquet/Event,Wedding Hall,1,113298.31,0.1,101968.48,24588.4,1443.83,1,Wallet,3.0
ORD40139,2023-08-12,Isha Sharma,Regular,Male,24,North,Uttar Pradesh,Lucknow,Deluxe Room,Pool View,3,7625.48,0.2,18301.15,4247.21,1626.47,0,Wallet,5.0
ORD26240,2023-04-23,Ira Das,Premium,Female,24,East,West Bengal,Kolkata,Deluxe Room,Pool View,1,6354.95,0.0,6354.95,2180.66,268.9,2,Wallet,4.0
ORD51145,2023-03-21,Aarav Khan,Premium,Female,55,South,Karnataka,Mysuru,Banquet/Event,Poolside Event,1,124897.16,0.05,118652.3,25905.42,393.22,1,Credit Card,5.0
ORD62172,2023-08-28,Diya Sharma,Regular,Male,59,South,Karnataka,Mysuru,Suite,Honeymoon Suite,1,9172.34,0.1,8255.11,2739.34,1596.25,0,Net Banking,4.0
ORD90815,2023-07-27,Ishaan Khan,Regular,Female,19,East,West Bengal,Howrah,Deluxe Room,Business,2,6519.34,0.05,12386.75,2405.32,715.27,3,Net Banking,4.0
ORD75350,2024-09-17,Ira Das,New,Female,45,North,Haryana,Faridabad,Suite,Luxury Suite,1,14227.61,0.15,12093.47,2506.98,338.79,2,Debit Card,4.0
ORD28310,2024-03-18,Dev Kapoor,Regular,Female,26,West,Goa,Panaji,Banquet/Event,Small Meeting Room,1,81378.39,0.2,65102.71,7315.45,1901.06,2,Debit Card,2.0
ORD49478,2023-11-24,Aditya Kulkarni,Regular,Female,29,East,West Bengal,Howrah,Deluxe Room,Business,4,5710.3,0.2,18272.96,4347.43,1655.34,2,UPI,3.0
ORD29162,2024-10-10,Unknown,Premium,Male,34,East,West Bengal,Kolkata,Banquet/Event,Poolside Event,1,40744.81,0.05,38707.57,11153.2,1988.57,1,UPI,2.0
ORD57520,2024-04-06,Reyansh Kulkarni,Premium,Male,38,East,Jharkhand,Jamshedpur,Villa,Hillside Villa,1,36861.27,0.0,36861.27,10578.85,1429.76,1,Net Banking,3.0
ORD71668,2023-02-04,Neha Kapoor,Regular,Male,31,North,Delhi,New Delhi,Suite,Luxury Suite,1,18652.43,0.1,16787.19,4177.75,733.19,3,Wallet,2.0
ORD72953,2023-08-15,Yash Singh,Regular,Male,42,East,Jharkhand,Ranchi,Suite,Family Suite,3,11852.78,0.15,30224.59,4054.02,282.19,0,Credit Card,1.0
ORD91355,2024-08-17,Vivaan Khan,Regular,Male,40,East,Odisha,Bhubaneswar,Standard Room,Double,4,3496.33,0.15,11887.52,2290.33,1300.98,0,Net Banking,1.0
ORD34708,2023-08-18,Simran Malhotra,Regular,Male,35,North,Uttar Pradesh,Lucknow,Banquet/Event,Rooftop Party,1,148897.39,0.05,141452.52,33119.37,1743.22,1,Wallet,2.0
ORD93909,2024-01-18,Yash Joshi,New,Male,25,South,Karnataka,Mysuru,Villa,Pool Villa,1,30453.66,0.1,27408.29,-615.0,983.0,2,Wallet,4.0
ORD97821,2023-11-25,Kiara Chopra,Regular,Male,54,South,Tamil Nadu,Chennai,Banquet/Event,Conference Hall,1,130962.32,0.05,124414.2,13486.17,1055.23,0,Wallet,4.0
ORD96668,2023-04-12,Vihaan Gupta,Regular,Female,22,West,Rajasthan,Jaipur,Villa,Hillside Villa,2,40307.41,0.1,72553.34,13267.93,1493.77,2,Credit Card,5.0
ORD29533,2023-06-03,Myra Chopra,Regular,Female,40,South,Kerala,Thiruvananthapuram,Suite,Honeymoon Suite,2,8863.52,0.05,16840.69,5293.02,214.61,2,Wallet,1.0
ORD56263,2024-12-20,Ishaan Singh,Regular,Male,30,West,Gujarat,Surat,Villa,Pool Villa,1,45951.74,0.2,36761.39,9831.3,239.81,2,UPI,2.0
ORD59726,2024-09-26,Anika Rao,Regular,Female,41,West,Rajasthan,Jaipur,Standard Room,Non-AC,3,2262.05,0.0,6786.15,1214.96,740.5,1,Net Banking,3.0
ORD87337,2024-06-10,Aarav Das,New,Male,26,East,Odisha,Cuttack,Villa,Pool Villa,1,24763.99,0.1,22287.59,4749.78,1337.66,1,Debit Card,4.0
ORD74182,2024-07-26,Ishaan Verma,New,Male,42,South,Tamil Nadu,Coimbatore,Suite,Junior Suite,3,22508.93,0.05,64150.45,21157.29,989.92,1,Debit Card,1.0
ORD51157,2023-05-11,Kiara Nair,Regular,Female,37,North,Punjab,Ludhiana,Villa,2BHK Villa,1,24381.13,0.1,21943.02,6056.77,547.46,3,Wallet,2.0
ORD69376,2023-03-17,Aarav Verma,Premium,Female,62,North,Punjab,Amritsar,Villa,Beach Villa,1,41216.64,0.05,39155.81,6352.64,1955.34,2,Wallet,1.0
ORD44081,2023-09-17,Vivaan Pillai,Regular,Female,18,North,Uttar Pradesh,Noida,Deluxe Room,City View,4,4663.08,0.05,17719.7,3570.02,399.35,3,Debit Card,4.0
ORD87804,2024-01-25,Pari Joshi,Regular,Male,50,West,Gujarat,Surat,Villa,2BHK Villa,2,46873.85,0.15,79685.54,26598.48,1830.31,1,Net Banking,3.0
ORD93787,2024-07-27,Aman Chopra,Premium,Male,48,East,Odisha,Bhubaneswar,Suite,Luxury Suite,2,21571.05,0.0,43142.1,7781.44,1270.15,3,Net Banking,1.0
ORD74772,2024-02-07,Reyansh Bhatt,Regular,Female,49,West,Gujarat,Ahmedabad,Deluxe Room,Garden View,4,4680.31,0.1,16849.12,1632.84,1845.86,3,Wallet,3.0
ORD70908,2023-10-30,Krishna Iyer,Premium,Female,58,North,Haryana,Gurugram,Deluxe Room,Pool View,4,5324.11,0.0,21296.44,3467.75,674.39,3,Debit Card,1.0
ORD30468,2024-04-07,Vivaan Mehta,Premium,Female,65,East,Odisha,Cuttack,Deluxe Room,Business,4,7833.99,0.0,31335.96,4796.25,382.25,1,Debit Card,1.0
ORD24129,2024-05-23,Dev Kapoor,New,Female,57,West,Rajasthan,Jaipur,Banquet/Event,Conference Hall,1,38919.95,0.2,31135.96,3523.83,1489.54,1,UPI,4.0
ORD66438,2023-08-02,Riya Chopra,Premium,Male,39,South,Karnataka,Mysuru,Suite,Presidential Suite,2,23259.12,0.15,39540.5,5627.56,448.86,3,Credit Card,5.0
ORD61201,2024-01-22,Simran Bhatt,Premium,Female,59,North,Haryana,Gurugram,Villa,Beach Villa,1,44912.27,0.05,42666.66,9663.78,1885.76,1,Wallet,3.0
ORD96609,2024-03-31,Myra Das,New,Male,39,North,Haryana,Gurugram,Suite,Junior Suite,2,15096.65,0.15,25664.31,5928.28,1994.78,3,Net Banking,2.0
ORD55515,2023-02-28,Arjun Das,Regular,Male,44,West,Rajasthan,Jaipur,Villa,1BHK Villa,1,32067.65,0.0,32067.65,10293.5,1196.09,1,Credit Card,2.0
ORD72610,2024-08-07,Myra Malhotra,Premium,Female,31,East,Bihar,Patna,Standard Room,Non-AC,2,1531.18,0.1,2756.12,765.26,735.18,1,Net Banking,2.0
ORD57791,2023-06-12,Sneha Agarwal,New,Male,49,North,Punjab,Ludhiana,Standard Room,Non-AC,4,3847.46,0.1,13850.86,2720.93,1558.61,3,Wallet,3.0
ORD17536,2023-09-05,Ayaan Verma,Regular,Female,40,East,Bihar,Patna,Villa,Hillside Villa,2,16885.33,0.05,32082.13,6012.6,1362.02,2,Wallet,4.0
ORD12470,2023-07-18,Ira Bhatt,Regular,Female,48,North,Uttar Pradesh,Lucknow,Suite,Family Suite,3,23984.32,0.05,68355.31,19040.46,587.86,1,Wallet,5.0
ORD92809,2024-11-08,Karan Pillai,Regular,Female,27,East,Odisha,Cuttack,Villa,Pool Villa,1,41720.96,0.0,41720.96,9913.19,367.63,0,Debit Card,1.0
ORD41654,2024-08-27,Neha Singh,New,Female,37,West,Gujarat,Surat,Standard Room,Twin Sharing,5,3664.68,0.1,16491.06,3388.81,1109.23,1,Debit Card,3.0
ORD23355,2023-07-26,Varun Mehta,Regular,Female,59,South,Kerala,Kochi,Standard Room,Single,4,1640.04,0.1,5904.14,482.28,856.43,0,Debit Card,4.0
ORD48264,2024-12-05,Riya Bhatt,Regular,Male,53,East,Jharkhand,Ranchi,Standard Room,Non-AC,2,2416.28,0.1,4349.3,850.25,1414.31,1,Net Banking,1.0
ORD27236,2024-03-12,Arjun Gupta,Regular,Female,61,East,Odisha,Cuttack,Standard Room,Non-AC,2,2950.02,0.05,5605.04,630.04,1055.09,2,UPI,3.0
ORD21027,2023-10-26,Dev Iyer,Regular,Male,35,West,Rajasthan,Udaipur,Suite,Junior Suite,3,21498.35,0.05,61270.3,18457.41,907.23,1,Debit Card,5.0
ORD65949,2024-01-12,Ishaan Bhatt,Premium,Female,40,East,Jharkhand,Jamshedpur,Deluxe Room,City View,1,7803.85,0.2,6243.08,552.04,309.12,0,Net Banking,5.0
ORD39205,2024-03-18,Neha Rao,Regular,Male,24,South,Telangana,Hyderabad,Suite,Family Suite,1,14533.74,0.2,11626.99,3953.71,224.59,3,Debit Card,3.0
ORD80944,2024-03-12,Zara Chopra,Regular,Female,23,East,Bihar,Patna,Standard Room,Double,4,1555.44,0.1,5599.58,1672.12,372.69,2,Debit Card,3.0
ORD27529,2023-05-10,Saanvi Khan,Premium,Male,22,East,Odisha,Cuttack,Banquet/Event,Wedding Hall,1,124742.78,0.0,124742.78,36850.52,1757.74,3,Net Banking,1.0
ORD45971,2023-12-26,Aryan Khan,New,Male,33,South,Karnataka,Bengaluru,Suite,Junior Suite,3,16875.32,0.1,45563.36,12468.62,920.41,3,UPI,4.0
ORD67341,2024-08-08,Zara Das,Premium,Male,58,East,Jharkhand,Ranchi,Standard Room,Twin Sharing,3,1862.16,0.05,5307.16,1152.99,221.59,0,Credit Card,4.0
ORD73068,2023-04-19,Anika Nair,New,Female,25,North,Haryana,Gurugram,Suite,Honeymoon Suite,2,11135.18,0.15,18929.81,4880.87,789.88,2,Wallet,2.0
ORD72227,2023-06-03,Vihaan Sharma,New,Female,19,East,Odisha,Cuttack,Suite,Luxury Suite,1,14056.56,0.05,13353.73,2594.62,840.98,0,UPI,3.0
ORD92310,2023-05-01,Reyansh Gupta,Premium,Male,37,West,Maharashtra,Pune,Standard Room,AC,5,3332.14,0.15,14161.59,2765.61,1745.38,1,Debit Card,3.0
ORD98680,2023-03-18,Myra Nair,New,Female,27,East,Jharkhand,Ranchi,Standard Room,Single,5,2624.52,0.15,11154.21,3884.99,1154.39,3,Debit Card,1.0
ORD22645,2024-11-14,Krishna Khan,Premium,Female,46,East,Bihar,Gaya,Villa,Hillside Villa,2,57562.1,0.05,109367.99,28096.72,1669.3,1,Credit Card,1.0
ORD31125,2024-11-26,Myra Gupta,Premium,Male,20,South,Karnataka,Bengaluru,Standard Room,Single,3,3050.38,0.05,8693.58,1162.01,1466.84,0,Credit Card,5.0
ORD62624,2023-12-03,Dev Patel,Regular,Male,26,West,Goa,Panaji,Suite,Luxury Suite,2,22903.65,0.2,36645.84,7949.24,1345.84,0,Debit Card,1.0
ORD72373,2023-09-03,Aryan Singh,Regular,Female,18,North,Haryana,Gurugram,Villa,Beach Villa,1,26237.98,0.0,26237.98,-1265.92,874.57,3,Net Banking,5.0
ORD14197,2023-11-06,Pari Das,Regular,Male,58,East,Bihar,Patna,Standard Room,Double,2,3070.4,0.2,4912.64,1576.1,1054.74,1,Debit Card,3.0
ORD47304,2024-08-14,Isha Verma,Premium,Female,55,South,Tamil Nadu,Chennai,Villa,2BHK Villa,2,49072.29,0.2,78515.66,9233.47,1935.77,3,Wallet,5.0
ORD24008,2024-07-20,Advait Pillai,Premium,Male,65,West,Goa,Panaji,Standard Room,Twin Sharing,3,3712.94,0.1,10024.94,1551.98,682.98,2,Wallet,1.0
ORD85629,2024-11-16,Zara Pillai,Premium,Female,61,East,West Bengal,Howrah,Standard Room,AC,4,2307.7,0.0,9230.8,2362.13,200.96,3,Net Banking,3.0
ORD60231,2023-03-27,Rohan Malhotra,Regular,Female,38,East,Jharkhand,Jamshedpur,Villa,Hillside Villa,2,34459.97,0.2,55135.95,13507.64,1613.16,1,UPI,2.0
ORD11040,2023-04-30,Meera Gupta,Premium,Female,51,East,Bihar,Gaya,Suite,Presidential Suite,2,17112.28,0.0,34224.56,9632.8,393.99,2,Net Banking,2.0
ORD84606,2024-06-27,Zara Kapoor,Regular,Male,21,South,Telangana,Warangal,Banquet/Event,Conference Hall,1,79196.86,0.0,79196.86,21380.28,1387.77,0,Debit Card,5.0
ORD22143,2023-09-18,Aman Bhatt,Regular,Female,30,East,Odisha,Cuttack,Banquet/Event,Poolside Event,1,51589.52,0.2,41271.62,6644.45,698.6,0,Credit Card,2.0
ORD41780,2024-06-12,Vikram Rao,New,Male,30,North,Uttar Pradesh,Noida,Deluxe Room,Garden View,4,6171.1,0.15,20981.74,2765.49,1776.49,2,Debit Card,1.0
ORD85940,2024-08-24,Pari Pillai,New,Female,57,East,Jharkhand,Ranchi,Villa,Beach Villa,1,27325.37,0.1,24592.83,7183.07,1637.67,0,Net Banking,4.0
ORD47230,2024-06-21,Kavya Patel,Regular,Male,48,East,Odisha,Cuttack,Suite,Family Suite,1,12458.25,0.2,9966.6,1470.57,291.17,2,UPI,5.0
ORD48422,2023-08-16,Isha Chopra,New,Male,24,North,Punjab,Amritsar,Suite,Presidential Suite,1,8298.61,0.1,7468.75,2605.04,1363.74,0,Debit Card,5.0
ORD41777,2023-09-12,Rohan Joshi,Premium,Female,25,West,Gujarat,Ahmedabad,Deluxe Room,City View,1,7602.95,0.1,6842.65,691.04,383.97,1,Net Banking,1.0
ORD52744,2023-08-22,Arjun Sharma,New,Female,23,East,Bihar,Gaya,Villa,Hillside Villa,2,29815.81,0.15,50686.88,8550.16,596.24,1,Net Banking,3.0
ORD35525,2023-11-08,Meera Singh,Regular,Male,45,South,Kerala,Kochi,Standard Room,Double,4,2963.89,0.15,10077.23,1269.61,1378.18,2,Credit Card,1.0
ORD41075,2024-07-21,Reyansh Sharma,Regular,Male,64,East,West Bengal,Howrah,Suite,Presidential Suite,2,21885.12,0.05,41581.73,14298.03,1453.19,0,Wallet,3.0
ORD53154,2024-12-07,Kiara Malhotra,Premium,Male,45,North,Punjab,Ludhiana,Deluxe Room,Executive,1,5766.86,0.0,5766.86,135.23,1230.88,1,Net Banking,5.0
ORD37325,2024-10-29,Aryan Kapoor,Premium,Female,59,South,Karnataka,Bengaluru,Suite,Family Suite,1,18225.72,0.2,14580.58,2503.8,1193.76,3,Debit Card,5.0
ORD51615,2024-09-10,Myra Verma,Regular,Female,61,West,Gujarat,Ahmedabad,Deluxe Room,Pool View,4,7128.93,0.2,22812.58,6175.25,322.4,3,Debit Card,2.0
ORD74063,2023-01-06,Yash Agarwal,Regular,Male,30,South,Telangana,Hyderabad,Suite,Junior Suite,2,16226.45,0.1,29207.61,7203.5,491.59,1,Credit Card,5.0
ORD48385,2024-09-15,Isha Rao,Regular,Male,18,West,Goa,Panaji,Villa,Beach Villa,1,55335.5,0.2,44268.4,13228.66,326.04,1,Net Banking,1.0
ORD51062,2023-10-17,Saanvi Joshi,New,Male,38,East,Bihar,Patna,Standard Room,Single,5,3993.7,0.0,19968.5,1626.89,1865.18,3,UPI,3.0
ORD35682,2024-06-25,Myra Pillai,Regular,Male,40,East,Odisha,Bhubaneswar,Banquet/Event,Conference Hall,1,129783.34,0.2,103826.67,10055.58,329.71,0,UPI,2.0
ORD17099,2023-05-31,Aryan Singh,Regular,Male,60,North,Delhi,New Delhi,Standard Room,Double,4,2871.43,0.1,10337.15,2696.62,1332.33,3,Wallet,1.0
ORD25239,2023-12-28,Varun Rao,New,Female,56,West,Gujarat,Ahmedabad,Deluxe Room,Executive,3,3873.17,0.2,9295.61,1326.58,360.57,0,Credit Card,2.0
ORD13506,2024-11-13,Ishaan Nair,New,Male,34,West,Maharashtra,Pune,Standard Room,Twin Sharing,3,3438.09,0.1,9282.84,2342.98,1144.18,0,Wallet,2.0
ORD91257,2023-07-02,Kavya Khan,Premium,Female,34,East,Bihar,Gaya,Deluxe Room,Pool View,4,6319.23,0.2,20221.54,5587.47,315.04,1,Credit Card,2.0
ORD33279,2023-10-15,Aryan Chopra,Regular,Female,51,North,Delhi,New Delhi,Suite,Luxury Suite,1,21661.75,0.1,19495.58,5433.67,265.27,1,Credit Card,4.0
ORD73160,2024-09-04,Arjun Pillai,Regular,Male,62,South,Telangana,Hyderabad,Deluxe Room,City View,2,4512.26,0.2,7219.62,1329.37,508.56,3,UPI,3.0
ORD54150,2023-05-06,Varun Patel,Regular,Female,29,North,Uttar Pradesh,Lucknow,Standard Room,Non-AC,1,2826.64,0.15,2402.64,450.1,809.86,3,Debit Card,4.0
ORD18160,2024-04-24,Isha Verma,Regular,Female,25,West,Gujarat,Ahmedabad,Villa,Pool Villa,1,46845.33,0.2,37476.26,5930.55,1704.36,3,Credit Card,4.0
ORD53620,2023-08-24,Reyansh Joshi,Premium,Male,39,South,Kerala,Thiruvananthapuram,Villa,Pool Villa,1,17806.77,0.0,17806.77,5540.39,709.79,3,Credit Card,2.0
ORD57612,2023-07-30,Neha Kulkarni,New,Female,32,South,Tamil Nadu,Coimbatore,Deluxe Room,Business,3,4435.0,0.2,10644.0,-398.52,491.78,3,Debit Card,4.0
ORD77258,2023-02-18,Priya Verma,Premium,Female,42,West,Goa,Panaji,Standard Room,AC,5,3951.84,0.2,15807.36,4712.11,790.79,2,Credit Card,4.0
ORD55776,2024-06-23,Nisha Chopra,Regular,Male,43,West,Gujarat,Ahmedabad,Banquet/Event,Poolside Event,1,104091.76,0.2,83273.41,13107.69,1809.9,3,UPI,5.0
ORD58422,2023-02-07,Sneha Rao,Regular,Male,54,East,Bihar,Gaya,Deluxe Room,Executive,4,5122.47,0.15,17416.4,2457.22,1345.86,2,Net Banking,4.0
ORD40926,2023-04-16,Vikram Rao,Regular,Female,54,South,Telangana,Warangal,Standard Room,AC,1,3982.23,0.1,3584.01,976.94,1480.39,2,UPI,2.0
ORD14325,2024-01-22,Yash Iyer,Regular,Male,35,South,Kerala,Kochi,Villa,2BHK Villa,1,58999.92,0.05,56049.92,13552.29,735.41,1,UPI,1.0
ORD40368,2024-01-19,Riya Rao,Premium,Female,20,North,Uttar Pradesh,Lucknow,Banquet/Event,Conference Hall,1,137168.17,0.2,109734.54,23473.13,633.41,2,UPI,1.0
ORD10317,2023-06-21,Meera Bhatt,Premium,Male,19,North,Uttar Pradesh,Lucknow,Villa,Pool Villa,1,27058.0,0.2,21646.4,5146.15,1350.42,2,Debit Card,5.0
ORD32493,2023-06-08,Vikram Kapoor,Regular,Female,34,North,Haryana,Gurugram,Deluxe Room,Pool View,1,4252.71,0.0,4252.71,538.24,581.02,2,Debit Card,3.0
ORD43878,2023-08-04,Vivaan Iyer,Regular,Female,31,West,Goa,Panaji,Villa,Beach Villa,2,54579.72,0.1,98243.5,33756.8,982.98,0,Debit Card,1.0
ORD84315,2023-08-03,Tanya Kulkarni,Regular,Female,63,East,Bihar,Patna,Banquet/Event,Small Meeting Room,1,31989.02,0.1,28790.12,9061.58,1295.31,1,Net Banking,2.0
ORD32009,2024-07-22,Yash Joshi,Premium,Female,48,South,Tamil Nadu,Coimbatore,Villa,1BHK Villa,1,43856.34,0.05,41663.52,3480.38,806.13,3,Net Banking,1.0
ORD63336,2023-04-18,Riya Kapoor,Regular,Female,55,North,Uttar Pradesh,Noida,Suite,Luxury Suite,2,11276.81,0.05,21425.94,3912.04,807.32,2,Debit Card,5.0
ORD21800,2023-12-22,Riya Mehta,Regular,Male,61,West,Gujarat,Surat,Suite,Honeymoon Suite,1,8338.19,0.0,8338.19,-271.89,340.12,0,Net Banking,2.0
ORD37220,2024-03-13,Vihaan Iyer,Premium,Male,26,South,Kerala,Kochi,Standard Room,Single,2,2948.29,0.1,5306.92,1632.65,1193.89,1,UPI,5.0
ORD90502,2023-04-07,Aman Chopra,Premium,Male,62,North,Haryana,Gurugram,Suite,Presidential Suite,3,15125.99,0.1,40840.17,11618.42,1135.67,0,UPI,2.0
ORD93323,2024-05-10,Yash Sharma,Premium,Female,49,South,Kerala,Thiruvananthapuram,Standard Room,Twin Sharing,1,2309.76,0.0,2309.76,457.75,598.79,0,Credit Card,4.0
ORD19495,2024-06-24,Zara Mehta,Premium,Male,24,West,Gujarat,Surat,Banquet/Event,Rooftop Party,1,75526.93,0.1,67974.24,6735.2,221.11,2,UPI,3.0
ORD94931,2024-06-20,Diya Mehta,Regular,Male,43,North,Punjab,Amritsar,Banquet/Event,Small Meeting Room,1,56386.47,0.0,56386.47,14620.75,812.75,1,Credit Card,5.0
ORD15655,2024-07-03,Krishna Rao,Regular,Female,40,East,West Bengal,Kolkata,Suite,Junior Suite,1,11419.3,0.05,10848.33,1835.57,1884.38,1,Debit Card,4.0
ORD78978,2023-11-06,Priya Sharma,Regular,Male,49,West,Maharashtra,Mumbai,Deluxe Room,Executive,3,4860.47,0.15,12394.2,2881.07,1242.93,1,Net Banking,4.0
ORD88967,2023-08-24,Dev Reddy,Regular,Female,46,South,Karnataka,Mysuru,Standard Room,AC,5,3584.08,0.2,14336.32,4642.13,428.84,2,Wallet,4.0
ORD94404,2024-01-01,Advait Kapoor,Regular,Female,32,South,Kerala,Kochi,Deluxe Room,City View,4,3819.62,0.05,14514.56,3459.14,1812.66,0,Credit Card,4.0
ORD68771,2024-02-09,Zara Das,Regular,Female,40,South,Telangana,Hyderabad,Standard Room,Double,2,2893.33,0.1,5207.99,858.75,314.3,1,Credit Card,3.0
ORD60610,2023-07-28,Saanvi Nair,New,Male,37,North,Uttar Pradesh,Noida,Deluxe Room,Business,1,5507.93,0.1,4957.14,1024.31,656.75,3,Wallet,5.0
ORD53866,2023-12-22,Isha Mehta,Premium,Male,24,North,Haryana,Faridabad,Standard Room,Non-AC,2,1698.01,0.15,2886.62,592.01,588.04,0,Net Banking,5.0
ORD18763,2023-07-26,Vikram Kapoor,Regular,Male,53,West,Goa,Panaji,Standard Room,Single,1,2154.47,0.2,1723.58,307.69,292.68,3,Credit Card,5.0
ORD30865,2023-12-26,Nisha Kapoor,New,Female,55,South,Karnataka,Bengaluru,Banquet/Event,Rooftop Party,1,102910.69,0.1,92619.62,12178.75,1510.67,1,Wallet,1.0
ORD41382,2023-01-17,Karan Das,Regular,Female,20,North,Punjab,Amritsar,Banquet/Event,Rooftop Party,1,116735.53,0.0,116735.53,24948.32,1882.28,3,Debit Card,4.0
ORD64174,2023-04-22,Aryan Bhatt,Premium,Male,34,East,West Bengal,Kolkata,Villa,2BHK Villa,2,25436.68,0.2,40698.69,6869.68,467.16,1,Wallet,1.0
ORD64157,2024-07-16,Tanya Singh,Regular,Male,42,East,Bihar,Gaya,Deluxe Room,Business,1,6561.09,0.2,5248.87,1153.4,1241.06,0,Net Banking,5.0
ORD19144,2023-02-09,Krishna Patel,Regular,Female,42,North,Delhi,New Delhi,Standard Room,Twin Sharing,5,2359.71,0.0,11798.55,1752.55,1064.21,0,Net Banking,3.0
ORD34289,2024-04-25,Meera Rao,New,Male,19,East,West Bengal,Kolkata,Deluxe Room,Garden View,3,7059.93,0.05,20120.8,4665.12,354.82,1,Credit Card,4.0
ORD26279,2023-04-09,Yash Joshi,New,Female,54,East,West Bengal,Howrah,Standard Room,Double,4,3568.04,0.0,14272.16,4907.62,243.87,3,Credit Card,3.0
ORD89873,2023-08-07,Varun Kulkarni,Regular,Male,46,North,Uttar Pradesh,Noida,Suite,Junior Suite,3,18711.16,0.0,56133.48,14460.05,1084.78,3,Wallet,1.0
ORD75141,2023-01-17,Unknown,New,Female,31,North,Uttar Pradesh,Noida,Standard Room,Non-AC,3,3635.8,0.2,8725.92,904.89,744.21,1,Wallet,2.0
ORD14929,2023-03-29,Krishna Singh,Regular,Male,37,North,Punjab,Ludhiana,Banquet/Event,Poolside Event,1,120719.73,0.15,102611.77,15789.13,1909.13,2,Wallet,4.0
ORD56890,2024-04-26,Varun Chopra,Regular,Female,47,East,Jharkhand,Ranchi,Banquet/Event,Rooftop Party,1,79735.0,0.2,63788.0,13089.21,1277.05,1,UPI,1.0
ORD20508,2023-01-05,Varun Sharma,Regular,Male,56,North,Uttar Pradesh,Noida,Villa,Beach Villa,2,59232.14,0.1,106617.85,28850.24,1268.0,1,UPI,5.0
ORD60137,2024-05-03,Ira Joshi,Regular,Female,39,East,Odisha,Cuttack,Standard Room,Non-AC,3,2253.3,0.1,6083.91,694.91,1206.53,0,Credit Card,5.0
ORD25724,2023-03-30,Vivaan Singh,Premium,Male,33,South,Tamil Nadu,Coimbatore,Villa,Pool Villa,2,28064.06,0.05,53321.71,13260.09,1845.16,1,Net Banking,3.0
ORD13953,2024-03-12,Tanya Malhotra,New,Male,35,West,Gujarat,Surat,Villa,Pool Villa,2,44330.51,0.1,79794.92,22394.17,723.71,1,Debit Card,2.0
ORD78030,2024-11-30,Krishna Mehta,Regular,Female,55,South,Telangana,Hyderabad,Suite,Presidential Suite,2,21347.9,0.05,40561.01,6269.23,486.1,0,Debit Card,2.0
ORD89278,2024-08-19,Ira Bhatt,Premium,Female,35,North,Punjab,Amritsar,Standard Room,Twin Sharing,2,1972.55,0.1,3550.59,497.92,1656.91,3,Debit Card,3.0
ORD66864,2024-01-28,Kavya Das,Premium,Female,61,North,Uttar Pradesh,Lucknow,Standard Room,Double,4,2699.66,0.1,9718.78,1611.65,1178.44,2,Net Banking,3.0
ORD16907,2024-12-24,Isha Gupta,New,Female,60,South,Karnataka,Bengaluru,Suite,Presidential Suite,2,18832.45,0.1,33898.41,6416.33,751.0,2,Net Banking,1.0
ORD25953,2024-12-21,Isha Iyer,New,Male,33,South,Kerala,Thiruvananthapuram,Suite,Junior Suite,3,22784.82,0.15,58101.29,9585.28,888.92,0,Wallet,1.0
ORD38775,2023-08-19,Ayaan Joshi,Premium,Female,20,South,Karnataka,Mysuru,Deluxe Room,Garden View,2,4551.89,0.0,9103.78,3149.98,1464.77,3,Net Banking,2.0
ORD53584,2023-12-08,Aarav Chopra,Regular,Male,30,West,Goa,Panaji,Banquet/Event,Rooftop Party,1,143306.63,0.1,128975.97,24559.05,1845.73,2,UPI,3.0
ORD14792,2023-09-29,Unknown,Regular,Male,55,North,Haryana,Gurugram,Suite,Family Suite,3,18235.33,0.15,46500.09,15810.23,1450.57,1,Debit Card,3.0
ORD29283,2024-04-02,Advait Patel,Regular,Female,22,East,Jharkhand,Jamshedpur,Villa,2BHK Villa,2,21468.74,0.2,34349.98,6599.66,711.12,3,Net Banking,4.0
ORD27461,2024-07-19,Kabir Agarwal,Regular,Female,21,South,Karnataka,Mysuru,Standard Room,Twin Sharing,3,2096.88,0.2,5032.51,1392.04,1358.59,3,Wallet,2.0
ORD66133,2024-12-03,Isha Chopra,Regular,Male,53,East,Odisha,Bhubaneswar,Suite,Presidential Suite,3,14423.11,0.0,43269.33,5914.06,353.12,3,Net Banking,1.0
ORD27147,2024-01-23,Ira Agarwal,Premium,Male,54,West,Maharashtra,Pune,Banquet/Event,Small Meeting Room,1,129805.36,0.2,103844.29,32520.49,1244.77,0,Credit Card,1.0
ORD12823,2023-05-26,Krishna Pillai,Premium,Male,63,East,Odisha,Cuttack,Banquet/Event,Conference Hall,1,137934.81,0.1,124141.33,14237.46,1999.05,0,UPI,1.0
ORD77240,2024-01-04,Riya Verma,Regular,Male,61,East,Jharkhand,Ranchi,Standard Room,Double,5,3216.15,0.0,16080.75,3127.21,1599.85,2,Wallet,3.0
ORD48712,2023-11-06,Nisha Das,New,Female,48,West,Maharashtra,Mumbai,Villa,Beach Villa,1,40405.76,0.1,36365.18,7682.86,1467.39,3,Wallet,4.0
ORD62317,2024-03-12,Vivaan Joshi,Regular,Female,23,East,West Bengal,Howrah,Suite,Family Suite,2,14405.01,0.15,24488.52,6358.55,530.92,0,UPI,1.0
ORD66065,2024-11-10,Sneha Joshi,Regular,Male,40,South,Tamil Nadu,Coimbatore,Banquet/Event,Poolside Event,1,140843.73,0.1,126759.36,40587.41,1097.23,1,Credit Card,2.0
ORD86449,2023-08-16,Nisha Patel,Regular,Male,63,West,Maharashtra,Mumbai,Standard Room,AC,3,3682.51,0.2,8838.02,1815.22,1427.95,0,Wallet,1.0
ORD94420,2023-07-19,Advait Verma,Premium,Female,61,South,Telangana,Hyderabad,Villa,Pool Villa,2,49975.92,0.1,89956.66,-3330.73,1782.19,3,Debit Card,1.0
ORD49029,2023-07-16,Unknown,Regular,Male,60,East,Odisha,Cuttack,Deluxe Room,Garden View,2,6530.44,0.0,13060.88,2064.44,1954.41,2,Net Banking,3.0
ORD47951,2024-04-13,Reyansh Sharma,Regular,Male,21,West,Gujarat,Surat,Villa,2BHK Villa,1,40165.15,0.1,36148.64,5684.65,885.47,3,Credit Card,3.0
ORD82620,2024-09-26,Ishaan Pillai,Premium,Female,48,South,Telangana,Hyderabad,Banquet/Event,Rooftop Party,1,65395.39,0.15,55586.08,12691.52,983.15,2,Net Banking,1.0
ORD94194,2024-07-26,Simran Malhotra,Premium,Female,53,East,Odisha,Cuttack,Suite,Presidential Suite,2,21185.94,0.1,38134.69,4826.22,864.5,0,Debit Card,5.0
ORD17270,2024-05-15,Saanvi Joshi,Regular,Female,53,East,West Bengal,Howrah,Deluxe Room,City View,4,7858.17,0.05,29861.05,2934.44,1483.12,1,Debit Card,4.0
ORD57635,2024-09-13,Krishna Reddy,Regular,Female,34,North,Delhi,New Delhi,Deluxe Room,Business,2,7232.79,0.1,13019.02,1662.72,1952.45,2,Net Banking,4.0
ORD65503,2023-02-08,Pooja Patel,Regular,Male,23,North,Delhi,New Delhi,Villa,Hillside Villa,1,22245.04,0.05,21132.79,3818.56,1617.98,1,Debit Card,3.0
ORD96946,2023-11-23,Ayaan Kapoor,Premium,Female,25,South,Karnataka,Bengaluru,Banquet/Event,Conference Hall,1,83098.26,0.2,66478.61,20796.84,1721.59,3,Net Banking,1.0
ORD31216,2023-04-08,Kabir Mehta,Regular,Male,53,West,Rajasthan,Jaipur,Deluxe Room,Business,1,6632.49,0.1,5969.24,686.46,1443.24,2,Wallet,2.0
ORD65436,2023-07-07,Dev Rao,Premium,Female,51,West,Gujarat,Ahmedabad,Deluxe Room,Business,3,6993.74,0.15,17834.04,3398.0,1625.6,1,Debit Card,3.0
ORD36355,2024-09-12,Kiara Sharma,Regular,Female,59,West,Rajasthan,Udaipur,Suite,Honeymoon Suite,2,20062.42,0.1,36112.36,8100.09,1875.28,1,Credit Card,3.0
ORD35232,2023-02-07,Rohan Nair,Regular,Male,31,South,Telangana,Hyderabad,Standard Room,Single,1,2374.85,0.0,2374.85,225.52,1160.69,0,Credit Card,4.0
ORD63435,2024-11-27,Yash Khan,Premium,Male,51,South,Tamil Nadu,Coimbatore,Suite,Family Suite,3,16619.81,0.0,49859.43,9283.01,980.53,1,UPI,3.0
ORD23876,2023-07-27,Ira Khan,Premium,Female,35,East,Bihar,Patna,Deluxe Room,Pool View,4,5093.04,0.15,17316.34,2183.92,221.74,3,UPI,4.0
ORD18940,2024-02-22,Priya Agarwal,Premium,Male,61,South,Telangana,Hyderabad,Suite,Presidential Suite,1,18535.17,0.0,18535.17,2581.25,1398.84,0,Debit Card,3.0
ORD39896,2023-07-19,Zara Reddy,Premium,Female,64,East,West Bengal,Howrah,Suite,Luxury Suite,2,23527.89,0.1,42350.2,3890.27,1409.66,1,UPI,3.0
ORD79475,2023-03-02,Ayaan Nair,Regular,Female,19,West,Rajasthan,Udaipur,Suite,Junior Suite,1,20206.0,0.1,18185.4,2221.96,331.34,1,Credit Card,3.0
ORD15719,2024-09-19,Ananya Singh,Regular,Female,43,West,Gujarat,Ahmedabad,Villa,Beach Villa,1,33675.33,0.1,30307.8,3315.22,1217.99,1,Debit Card,3.0
ORD84104,2024-06-08,Yash Malhotra,Regular,Female,56,East,Jharkhand,Jamshedpur,Standard Room,Twin Sharing,4,1755.81,0.1,6320.92,2053.5,743.26,1,Debit Card,2.0
ORD85645,2024-01-06,Ira Kulkarni,Regular,Male,58,North,Delhi,New Delhi,Villa,Hillside Villa,2,52305.41,0.0,104610.82,15349.36,1688.8,2,UPI,5.0
ORD99180,2023-04-14,Kavya Das,Regular,Male,63,West,Maharashtra,Pune,Standard Room,AC,3,3475.58,0.1,9384.07,3049.66,502.14,2,UPI,4.0
ORD26839,2024-12-23,Varun Pillai,Regular,Male,52,North,Haryana,Faridabad,Standard Room,Double,5,2402.73,0.1,10812.28,1727.73,1142.06,1,Wallet,4.0
ORD28769,2024-03-10,Ishaan Khan,Regular,Female,62,South,Kerala,Kochi,Villa,Hillside Villa,2,22584.71,0.0,45169.42,4724.73,946.7,0,Net Banking,2.0
ORD13696,2024-11-11,Priya Verma,Regular,Female,25,West,Gujarat,Surat,Suite,Junior Suite,3,19472.68,0.1,52576.24,14680.47,1392.25,3,Credit Card,1.0
ORD72949,2023-12-22,Krishna Chopra,Premium,Female,37,North,Punjab,Ludhiana,Suite,Honeymoon Suite,3,8859.04,0.2,21261.7,-974.03,1749.85,3,Credit Card,5.0
ORD44236,2024-03-05,Ira Rao,Premium,Male,31,South,Karnataka,Mysuru,Banquet/Event,Conference Hall,1,73024.61,0.1,65722.15,21710.48,1552.15,0,Wallet,3.0
ORD98225,2024-08-30,Pooja Rao,Regular,Male,60,North,Haryana,Gurugram,Suite,Presidential Suite,1,20694.51,0.0,20694.51,3947.35,1743.71,3,Net Banking,3.0
ORD88673,2024-07-12,Kabir Iyer,Premium,Female,34,East,Bihar,Gaya,Suite,Family Suite,1,19584.61,0.1,17626.15,1547.62,1503.42,2,Net Banking,1.0
ORD38227,2024-11-29,Aryan Joshi,Regular,Male,47,South,Telangana,Hyderabad,Standard Room,Double,5,1823.58,0.2,7294.32,843.06,1369.11,2,Credit Card,3.0
ORD92372,2024-10-07,Kabir Das,Regular,Female,34,East,Jharkhand,Jamshedpur,Deluxe Room,City View,2,3884.34,0.0,7768.68,872.19,643.27,0,Wallet,5.0
ORD89818,2024-07-21,Vihaan Nair,Regular,Male,47,North,Punjab,Amritsar,Villa,Pool Villa,1,16237.11,0.0,16237.11,5073.08,1201.88,3,Wallet,1.0
ORD11945,2023-02-20,Meera Sharma,Premium,Female,22,South,Telangana,Warangal,Deluxe Room,City View,3,5363.48,0.0,16090.44,4747.92,324.84,1,Debit Card,5.0
ORD68982,2024-08-04,Zara Singh,Regular,Female,33,West,Gujarat,Ahmedabad,Standard Room,Single,2,3107.51,0.2,4972.02,1500.18,1746.88,2,Wallet,5.0
ORD60532,2023-09-12,Vihaan Das,Regular,Female,43,North,Delhi,New Delhi,Banquet/Event,Conference Hall,1,128322.17,0.0,128322.17,35538.71,710.02,3,UPI,3.0
ORD63266,2023-10-01,Meera Pillai,Regular,Female,54,West,Gujarat,Surat,Banquet/Event,Small Meeting Room,1,130955.97,0.2,104764.78,15873.6,1751.42,0,Credit Card,2.0
ORD62936,2024-02-26,Riya Chopra,New,Female,33,East,West Bengal,Kolkata,Banquet/Event,Rooftop Party,1,140657.23,0.2,112525.78,25474.97,1245.83,3,Credit Card,3.0
ORD10555,2024-02-11,Ira Singh,Regular,Female,53,North,Delhi,New Delhi,Deluxe Room,City View,4,4795.65,0.0,19182.6,2305.34,884.85,3,Net Banking,3.0
ORD62058,2023-11-26,Ira Reddy,Regular,Female,19,South,Kerala,Kochi,Deluxe Room,Executive,3,5035.27,0.1,13595.23,1189.6,1648.06,1,Wallet,3.0
ORD36363,2023-09-13,Pari Verma,New,Male,42,East,West Bengal,Kolkata,Villa,Beach Villa,1,48590.43,0.1,43731.39,12543.58,1377.08,3,Debit Card,2.0
ORD76751,2024-03-06,Rahul Joshi,Regular,Female,55,North,Delhi,New Delhi,Banquet/Event,Wedding Hall,1,40303.53,0.15,34258.0,324.57,906.22,0,Net Banking,3.0
ORD79279,2023-09-17,Krishna Sharma,New,Female,44,East,West Bengal,Howrah,Villa,Hillside Villa,1,44612.48,0.15,37920.61,4657.55,1613.06,3,Wallet,3.0
ORD14379,2024-08-16,Myra Patel,Premium,Female,65,East,West Bengal,Howrah,Villa,2BHK Villa,2,41936.6,0.2,67098.56,21329.77,767.0,3,Debit Card,1.0
ORD15141,2023-06-02,Vikram Patel,Regular,Male,42,South,Kerala,Thiruvananthapuram,Villa,Hillside Villa,1,20457.37,0.2,16365.9,3983.2,594.93,0,Debit Card,1.0
ORD28018,2024-11-18,Myra Sharma,Regular,Female,54,East,Odisha,Cuttack,Banquet/Event,Wedding Hall,1,45489.51,0.15,38666.08,11421.3,638.44,1,Credit Card,5.0
ORD43904,2023-12-28,Neha Chopra,New,Male,39,East,Jharkhand,Jamshedpur,Deluxe Room,Garden View,1,4054.09,0.0,4054.09,1299.09,1968.67,1,Credit Card,2.0
ORD46926,2024-04-01,Kavya Malhotra,Regular,Male,50,East,Bihar,Gaya,Suite,Junior Suite,1,10898.12,0.2,8718.5,1572.47,811.17,3,Wallet,2.0
ORD68363,2024-10-06,Neha Kulkarni,Regular,Female,21,West,Gujarat,Ahmedabad,Villa,Beach Villa,1,43900.43,0.1,39510.39,11302.98,1358.5,1,Debit Card,5.0
ORD11507,2023-07-11,Aditya Sharma,New,Female,39,South,Telangana,Hyderabad,Standard Room,Single,1,2898.34,0.1,2608.51,306.46,1686.34,1,Net Banking,4.0
ORD82221,2023-10-16,Kabir Singh,New,Female,59,West,Maharashtra,Pune,Banquet/Event,Poolside Event,1,32838.97,0.1,29555.07,6921.02,534.43,2,Net Banking,5.0
ORD66955,2023-06-17,Nisha Gupta,Regular,Female,53,East,Bihar,Gaya,Suite,Honeymoon Suite,1,21988.07,0.0,21988.07,2514.01,1850.07,3,Wallet,1.0
ORD14901,2023-04-26,Ayaan Chopra,Premium,Female,61,South,Karnataka,Mysuru,Deluxe Room,Executive,2,5821.42,0.0,11642.84,2137.45,483.9,3,Debit Card,2.0
ORD31605,2023-03-02,Aryan Verma,New,Male,29,East,Bihar,Gaya,Standard Room,Twin Sharing,5,1808.1,0.0,9040.5,2166.01,237.92,1,Net Banking,5.0
ORD90023,2023-01-29,Yash Pillai,Regular,Male,49,North,Uttar Pradesh,Lucknow,Banquet/Event,Wedding Hall,1,45166.84,0.15,38391.81,10761.77,203.56,3,Debit Card,3.0
ORD59477,2023-07-27,Aryan Bhatt,Premium,Male,47,North,Delhi,New Delhi,Deluxe Room,Garden View,3,7596.34,0.15,19370.67,4563.37,532.09,2,Net Banking,3.0
ORD39502,2024-01-06,Sneha Joshi,Premium,Male,44,South,Kerala,Thiruvananthapuram,Deluxe Room,Pool View,3,7935.45,0.0,23806.35,6523.46,379.71,2,UPI,5.0
ORD39296,2024-12-10,Anika Nair,Premium,Female,18,South,Telangana,Warangal,Villa,1BHK Villa,1,53975.83,0.05,51277.04,6131.52,1132.6,2,Wallet,1.0
ORD39608,2023-08-28,Varun Gupta,Regular,Male,54,West,Maharashtra,Pune,Standard Room,Single,4,2572.79,0.0,10291.16,2320.39,1670.85,3,UPI,3.0
ORD93021,2024-03-23,Zara Agarwal,New,Female,43,North,Punjab,Ludhiana,Deluxe Room,Pool View,2,7127.57,0.0,14255.14,3813.51,843.58,2,Debit Card,3.0
ORD98842,2023-04-06,Kiara Singh,Regular,Male,62,East,Odisha,Bhubaneswar,Suite,Family Suite,1,10322.52,0.05,9806.39,2688.82,607.4,1,Credit Card,1.0
ORD14339,2024-08-15,Karan Kapoor,Regular,Male,27,East,Odisha,Cuttack,Suite,Honeymoon Suite,3,10388.29,0.2,24931.9,5281.26,322.37,0,Net Banking,1.0
ORD38480,2024-01-14,Pooja Nair,Regular,Female,61,East,Bihar,Patna,Villa,1BHK Villa,1,42598.64,0.05,40468.71,5568.18,1182.16,1,UPI,3.0
ORD28765,2023-05-31,Rahul Joshi,New,Male,62,South,Telangana,Hyderabad,Villa,Hillside Villa,2,21364.6,0.1,38456.28,3615.63,941.96,0,Wallet,2.0
ORD74069,2024-11-30,Tanya Bhatt,New,Female,19,West,Gujarat,Ahmedabad,Banquet/Event,Small Meeting Room,1,25465.08,0.05,24191.83,5253.07,1144.71,2,UPI,5.0
ORD55739,2023-07-22,Vikram Sharma,Regular,Female,55,North,Punjab,Amritsar,Suite,Presidential Suite,3,10587.92,0.1,28587.38,3970.35,1447.11,0,UPI,1.0
ORD98009,2024-10-21,Priya Malhotra,Premium,Female,28,South,Karnataka,Bengaluru,Banquet/Event,Wedding Hall,1,49368.63,0.0,49368.63,8538.44,1760.56,3,Debit Card,4.0
ORD32782,2024-12-23,Kabir Rao,Premium,Male,36,West,Maharashtra,Mumbai,Villa,Pool Villa,1,38794.75,0.1,34915.28,8516.2,895.31,2,UPI,4.0
ORD43017,2024-04-23,Ayaan Reddy,New,Female,64,West,Rajasthan,Jaipur,Suite,Honeymoon Suite,3,9144.77,0.15,23319.16,2595.5,1252.85,0,Net Banking,5.0
ORD20582,2023-12-13,Kiara Malhotra,Regular,Male,25,West,Gujarat,Surat,Suite,Family Suite,1,24620.94,0.05,23389.89,7150.45,1578.69,1,Credit Card,1.0
ORD28128,2024-04-04,Sneha Pillai,Regular,Female,18,West,Goa,Panaji,Standard Room,Non-AC,3,1842.82,0.1,4975.61,912.06,847.0,2,Net Banking,2.0
ORD76165,2024-03-23,Ananya Khan,Premium,Male,46,West,Maharashtra,Mumbai,Suite,Junior Suite,2,20630.7,0.0,41261.4,12299.39,707.14,2,Debit Card,2.0
ORD33608,2024-01-29,Ira Mehta,Regular,Male,38,East,Bihar,Gaya,Deluxe Room,Pool View,4,5968.37,0.05,22679.81,5291.48,1481.38,1,UPI,3.0
ORD97116,2023-07-30,Vikram Das,Regular,Female,39,West,Maharashtra,Mumbai,Standard Room,AC,1,3633.65,0.2,2906.92,835.41,1207.29,2,Wallet,4.0
ORD50989,2023-02-12,Kavya Chopra,New,Male,24,West,Gujarat,Ahmedabad,Villa,Pool Villa,1,58817.88,0.15,49995.2,7945.17,1607.01,1,Credit Card,4.0
ORD86897,2023-10-02,Vivaan Pillai,Regular,Female,40,North,Haryana,Faridabad,Deluxe Room,Business,3,7156.85,0.0,21470.55,5454.58,621.5,2,UPI,3.0
ORD51358,2024-09-24,Arjun Agarwal,Regular,Male,38,West,Goa,Panaji,Suite,Junior Suite,3,22473.99,0.05,64050.87,14813.89,1705.75,0,Net Banking,4.0
ORD96601,2023-12-23,Rohan Gupta,New,Female,52,North,Delhi,New Delhi,Standard Room,Non-AC,3,2736.66,0.15,6978.48,626.1,370.25,2,Wallet,3.0
ORD69638,2024-11-22,Aditya Khan,New,Female,20,East,West Bengal,Kolkata,Villa,Hillside Villa,1,46334.43,0.05,44017.71,14938.02,1423.11,0,Debit Card,4.0
ORD72632,2023-03-24,Aditya Kulkarni,Regular,Female,20,East,Bihar,Patna,Deluxe Room,Pool View,2,7231.72,0.0,14463.44,4397.23,1306.49,2,Wallet,5.0
ORD35329,2024-09-04,Myra Das,Premium,Female,55,North,Punjab,Amritsar,Deluxe Room,Pool View,3,4820.92,0.15,12293.35,4261.13,1451.49,3,Net Banking,3.0
ORD57609,2024-07-23,Krishna Verma,Regular,Female,32,West,Rajasthan,Udaipur,Standard Room,Non-AC,2,3487.72,0.05,6626.67,2026.91,1918.36,3,Net Banking,5.0
ORD78743,2024-12-29,Pari Iyer,New,Female,21,West,Maharashtra,Pune,Deluxe Room,Garden View,1,6977.57,0.15,5930.93,35.5,1919.8,0,Debit Card,3.0
ORD82268,2023-03-15,Nisha Khan,New,Male,56,North,Haryana,Faridabad,Suite,Presidential Suite,1,15321.63,0.05,14555.55,2275.86,579.94,2,Net Banking,2.0
ORD17504,2023-11-24,Ishaan Pillai,New,Male,26,West,Rajasthan,Jaipur,Deluxe Room,Pool View,3,7865.83,0.15,20057.87,6203.99,528.27,0,Net Banking,5.0
ORD86458,2024-06-03,Zara Bhatt,Regular,Female,29,West,Maharashtra,Pune,Standard Room,AC,3,2682.72,0.0,8048.16,863.49,1234.53,3,UPI,1.0
ORD95860,2024-08-18,Arjun Gupta,Regular,Male,49,West,Gujarat,Surat,Banquet/Event,Rooftop Party,1,146931.85,0.0,146931.85,32189.71,1948.6,1,Credit Card,2.0
ORD54702,2023-03-22,Priya Rao,Regular,Male,58,West,Maharashtra,Pune,Banquet/Event,Wedding Hall,1,142975.72,0.15,121529.36,38343.66,1606.71,3,Net Banking,4.0
ORD82677,2023-08-07,Arjun Khan,Regular,Female,55,South,Kerala,Kochi,Standard Room,Non-AC,4,1786.06,0.15,6072.6,2016.47,1650.79,0,Wallet,2.0
ORD71182,2024-03-02,Varun Kulkarni,New,Female,65,South,Karnataka,Bengaluru,Banquet/Event,Conference Hall,1,89234.15,0.2,71387.32,8132.05,1791.27,1,UPI,5.0
ORD74459,2023-10-01,Aryan Pillai,Regular,Female,35,West,Maharashtra,Pune,Standard Room,Single,2,3667.36,0.2,5867.78,1131.84,543.56,3,UPI,1.0
ORD26642,2023-11-11,Aman Gupta,Premium,Male,64,East,Odisha,Cuttack,Suite,Luxury Suite,3,16190.83,0.1,43715.24,7518.01,1777.26,1,Wallet,4.0
ORD42146,2023-11-28,Meera Reddy,Regular,Male,35,North,Delhi,New Delhi,Banquet/Event,Wedding Hall,1,109695.41,0.0,109695.41,20383.84,1095.93,3,Credit Card,1.0
ORD42157,2024-06-16,Yash Sharma,New,Female,28,North,Haryana,Gurugram,Standard Room,Double,1,3153.29,0.0,3153.29,729.34,1158.82,0,Credit Card,2.0
ORD71954,2024-01-25,Vikram Mehta,New,Female,27,East,Bihar,Patna,Deluxe Room,Garden View,2,3774.17,0.15,6416.09,1059.86,1013.14,1,UPI,2.0
ORD11298,2023-02-12,Sneha Kapoor,Regular,Male,65,North,Uttar Pradesh,Lucknow,Villa,Hillside Villa,1,59941.37,0.15,50950.16,12079.46,1765.99,2,Credit Card,2.0
ORD48655,2024-03-31,Aryan Kapoor,New,Male,30,West,Maharashtra,Mumbai,Villa,2BHK Villa,1,53898.53,0.15,45813.75,15725.84,891.06,0,Net Banking,5.0
ORD71736,2024-07-31,Ayaan Agarwal,New,Male,62,East,West Bengal,Howrah,Standard Room,Non-AC,3,2685.45,0.05,7653.53,1187.68,1337.27,0,Credit Card,3.0
ORD40174,2024-09-19,Aman Reddy,Regular,Female,62,West,Gujarat,Ahmedabad,Suite,Luxury Suite,2,10197.44,0.05,19375.14,6645.85,562.49,1,Net Banking,5.0
ORD82757,2023-01-27,Rahul Sharma,Regular,Male,46,East,Jharkhand,Jamshedpur,Deluxe Room,Executive,4,6229.16,0.05,23670.81,6368.94,319.24,2,Debit Card,2.0
ORD79460,2023-01-04,Pari Mehta,New,Male,25,North,Uttar Pradesh,Noida,Banquet/Event,Conference Hall,1,31742.98,0.05,30155.83,3776.42,1773.72,3,UPI,3.0
ORD95355,2024-07-15,Advait Agarwal,Regular,Female,43,South,Kerala,Thiruvananthapuram,Deluxe Room,Business,2,7932.52,0.15,13485.28,2683.92,1144.5,1,Net Banking,5.0
ORD20353,2023-05-26,Varun Verma,Regular,Female,35,West,Maharashtra,Mumbai,Villa,1BHK Villa,1,59068.51,0.0,59068.51,14428.8,1050.8,3,Debit Card,4.0
ORD18588,2023-11-06,Rahul Bhatt,Regular,Female,47,East,Bihar,Patna,Banquet/Event,Rooftop Party,1,92261.28,0.0,92261.28,13057.03,1943.35,0,Credit Card,3.0
ORD25165,2023-10-06,Ira Iyer,Regular,Male,35,West,Maharashtra,Mumbai,Deluxe Room,Garden View,3,4673.9,0.05,13320.61,4465.18,1578.2,0,Credit Card,3.0
ORD80816,2023-10-31,Ayaan Bhatt,New,Male,44,East,Bihar,Patna,Suite,Family Suite,2,21848.26,0.1,39326.87,4066.27,1036.13,1,Debit Card,3.0
ORD23889,2024-08-08,Yash Pillai,Premium,Female,60,North,Haryana,Gurugram,Deluxe Room,Executive,4,6851.9,0.05,26037.22,5820.56,274.53,1,UPI,5.0
ORD16999,2023-06-25,Anika Joshi,New,Female,20,North,Delhi,New Delhi,Deluxe Room,Garden View,4,6213.65,0.2,19883.68,5224.33,860.57,0,Credit Card,3.0
ORD70363,2023-01-20,Simran Patel,Premium,Male,23,West,Rajasthan,Udaipur,Standard Room,Double,4,2940.06,0.0,11760.24,2256.18,1894.37,0,Debit Card,4.0
ORD52665,2023-11-12,Varun Reddy,Regular,Male,32,West,Rajasthan,Jaipur,Banquet/Event,Wedding Hall,1,143414.75,0.2,114731.8,29235.44,415.19,1,Wallet,3.0
ORD98811,2024-06-11,Karan Verma,Regular,Male,43,East,Odisha,Bhubaneswar,Deluxe Room,Garden View,4,7063.39,0.05,26840.88,8862.3,1381.16,1,Wallet,1.0
ORD36757,2023-07-06,Isha Sharma,New,Female,58,East,West Bengal,Howrah,Suite,Presidential Suite,2,15479.58,0.15,26315.29,2224.49,551.66,1,Debit Card,5.0
ORD35112,2024-09-01,Tanya Verma,Regular,Female,46,West,Gujarat,Ahmedabad,Standard Room,Non-AC,4,3925.52,0.1,14131.87,2143.98,973.84,0,Wallet,1.0
ORD42867,2023-06-03,Myra Malhotra,Premium,Male,23,West,Rajasthan,Udaipur,Villa,1BHK Villa,2,58329.31,0.0,116658.62,36708.06,447.9,3,Debit Card,2.0
ORD29951,2024-09-19,Krishna Kulkarni,Regular,Female,60,West,Gujarat,Ahmedabad,Standard Room,Twin Sharing,1,3790.43,0.15,3221.87,500.4,1554.25,1,UPI,3.0
ORD13467,2024-10-23,Aarav Malhotra,Regular,Male,22,East,Bihar,Gaya,Banquet/Event,Small Meeting Room,1,72734.75,0.15,61824.54,19645.09,252.08,2,Wallet,2.0
ORD43522,2023-02-18,Riya Gupta,Regular,Female,38,West,Maharashtra,Mumbai,Villa,1BHK Villa,1,25427.21,0.05,24155.85,5695.48,462.82,0,Net Banking,2.0
ORD47436,2024-07-27,Pooja Nair,Regular,Male,42,West,Maharashtra,Mumbai,Standard Room,AC,4,3031.8,0.1,10914.48,2031.39,1652.57,0,Credit Card,5.0
ORD15185,2023-09-07,Pooja Bhatt,Premium,Female,22,West,Rajasthan,Jaipur,Villa,Beach Villa,1,50662.33,0.05,48129.21,13267.99,256.77,3,Debit Card,3.0
ORD56173,2023-05-20,Pooja Khan,Premium,Male,58,East,Bihar,Patna,Deluxe Room,Executive,3,7780.89,0.0,23342.67,7002.21,1771.59,2,UPI,4.0
ORD19275,2023-04-25,Vihaan Rao,New,Male,47,South,Tamil Nadu,Coimbatore,Banquet/Event,Rooftop Party,1,62041.58,0.05,58939.5,20415.83,612.97,0,Net Banking,2.0
ORD75415,2023-10-27,Nisha Kapoor,Regular,Male,18,East,Jharkhand,Ranchi,Standard Room,Single,3,1688.06,0.1,4557.76,1079.05,799.13,3,Net Banking,3.0
ORD99790,2024-11-08,Kabir Pillai,New,Male,47,South,Tamil Nadu,Coimbatore,Standard Room,Non-AC,3,2196.28,0.0,6588.84,826.85,673.85,1,Wallet,2.0
ORD41055,2023-10-21,Vihaan Pillai,Regular,Female,22,North,Uttar Pradesh,Noida,Deluxe Room,Pool View,2,4670.52,0.2,7472.83,1612.72,1834.93,2,Credit Card,3.0
ORD54715,2023-08-30,Krishna Khan,Regular,Female,48,South,Kerala,Kochi,Deluxe Room,Executive,4,5704.14,0.2,18253.25,6168.96,1202.93,2,Debit Card,5.0
ORD54301,2024-05-20,Vihaan Malhotra,New,Female,31,North,Uttar Pradesh,Noida,Banquet/Event,Rooftop Party,1,115305.68,0.1,103775.11,20637.57,1323.0,1,Net Banking,1.0
ORD42228,2023-05-22,Meera Kapoor,Regular,Female,47,East,Bihar,Patna,Deluxe Room,Garden View,3,7465.2,0.2,17916.48,2007.2,1053.08,1,Credit Card,5.0
ORD47484,2024-06-22,Pooja Singh,New,Female,43,North,Haryana,Gurugram,Suite,Honeymoon Suite,2,10369.92,0.05,19702.85,5854.82,1003.56,0,Debit Card,2.0
ORD92868,2024-08-15,Rohan Chopra,Premium,Male,53,South,Karnataka,Bengaluru,Villa,Hillside Villa,1,35773.53,0.05,33984.85,10484.06,1834.98,1,Credit Card,1.0
ORD66821,2024-06-29,Diya Verma,Premium,Male,44,North,Uttar Pradesh,Noida,Banquet/Event,Wedding Hall,1,92879.14,0.0,92879.14,18907.81,588.49,3,Credit Card,2.0
ORD66428,2024-05-18,Karan Sharma,Regular,Female,42,North,Uttar Pradesh,Noida,Standard Room,Twin Sharing,5,2138.92,0.05,10159.87,3258.82,1801.83,3,Credit Card,2.0
ORD64727,2024-09-19,Kiara Verma,New,Female,54,North,Delhi,New Delhi,Banquet/Event,Conference Hall,1,51712.51,0.1,46541.26,15237.04,665.79,1,Net Banking,3.0
ORD60705,2023-05-02,Saanvi Agarwal,Regular,Male,58,East,West Bengal,Howrah,Villa,Hillside Villa,1,23135.25,0.0,23135.25,4008.63,1960.88,1,UPI,2.0
ORD37951,2023-07-24,Zara Malhotra,Regular,Male,33,South,Karnataka,Mysuru,Standard Room,AC,3,1919.66,0.2,4607.18,1323.67,767.34,0,UPI,2.0
ORD98704,2024-04-24,Rahul Khan,Regular,Female,35,South,Kerala,Thiruvananthapuram,Banquet/Event,Small Meeting Room,1,109984.31,0.0,109984.31,29463.38,487.51,2,UPI,2.0
ORD83016,2024-03-02,Ananya Nair,Regular,Male,44,East,West Bengal,Howrah,Banquet/Event,Small Meeting Room,1,53655.42,0.05,50972.65,1824.76,805.89,3,UPI,4.0
ORD99321,2023-01-13,Riya Das,Regular,Female,45,North,Uttar Pradesh,Lucknow,Suite,Family Suite,3,15931.9,0.15,40626.34,11683.72,1966.28,0,Net Banking,4.0
ORD96597,2023-07-04,Myra Joshi,Regular,Male,31,West,Goa,Panaji,Deluxe Room,Executive,3,3660.15,0.15,9333.38,1002.89,1164.15,3,Credit Card,2.0
ORD33811,2024-07-21,Karan Mehta,Regular,Male,44,East,Odisha,Cuttack,Standard Room,Single,5,2588.43,0.05,12295.04,3500.12,955.18,1,UPI,4.0
ORD79000,2024-04-20,Sneha Malhotra,Regular,Male,38,South,Tamil Nadu,Chennai,Deluxe Room,Executive,1,6511.78,0.1,5860.6,1149.9,674.78,3,Net Banking,2.0
ORD29939,2024-04-20,Vivaan Reddy,Regular,Male,23,North,Uttar Pradesh,Noida,Standard Room,Single,4,1938.83,0.05,7367.55,2091.61,692.07,0,Credit Card,2.0
ORD69091,2024-10-12,Dev Pillai,Regular,Male,37,South,Karnataka,Mysuru,Standard Room,Double,3,3522.91,0.05,10040.29,883.75,620.9,0,Credit Card,2.0
ORD97410,2024-02-14,Meera Das,Regular,Female,56,West,Maharashtra,Mumbai,Suite,Honeymoon Suite,3,16520.87,0.05,47084.48,491.84,368.42,3,Wallet,3.0
ORD80387,2023-02-13,Zara Iyer,New,Male,30,West,Rajasthan,Udaipur,Standard Room,AC,2,2718.53,0.2,4349.65,1491.22,1077.21,3,UPI,3.0
ORD80573,2024-04-27,Simran Malhotra,Regular,Male,49,East,Bihar,Patna,Deluxe Room,Executive,1,5586.22,0.15,4748.29,1460.45,224.93,3,UPI,5.0
ORD54278,2023-07-25,Tanya Sharma,Regular,Male,51,West,Maharashtra,Pune,Villa,Hillside Villa,1,19596.05,0.05,18616.25,2410.63,735.43,0,Debit Card,3.0
ORD81204,2024-07-04,Aditya Nair,Regular,Female,24,West,Goa,Panaji,Suite,Honeymoon Suite,1,19532.36,0.2,15625.89,3871.22,1158.68,2,Debit Card,5.0
ORD14447,2023-05-01,Aarav Rao,Regular,Female,45,East,West Bengal,Kolkata,Villa,Hillside Villa,1,36993.26,0.1,33293.93,6569.8,562.35,3,Wallet,1.0
ORD59358,2024-12-14,Aditya Chopra,Premium,Male,36,South,Karnataka,Mysuru,Suite,Junior Suite,2,18090.86,0.0,36181.72,6882.85,734.09,3,Net Banking,1.0
ORD32770,2023-03-27,Zara Joshi,Regular,Male,18,North,Punjab,Ludhiana,Villa,Beach Villa,1,58581.33,0.2,46865.06,6760.33,1558.4,0,Wallet,1.0
ORD94874,2024-04-03,Ishaan Joshi,New,Female,26,North,Delhi,New Delhi,Suite,Presidential Suite,3,15818.19,0.0,47454.57,12623.56,961.47,1,UPI,5.0
ORD78370,2023-10-20,Ishaan Bhatt,New,Female,24,West,Gujarat,Surat,Suite,Junior Suite,2,15219.68,0.15,25873.46,2866.68,1347.8,2,Credit Card,5.0
ORD86978,2023-04-27,Rohan Patel,New,Female,55,West,Maharashtra,Pune,Banquet/Event,Wedding Hall,1,146454.62,0.15,124486.43,12572.75,404.8,1,Net Banking,3.0
ORD90879,2023-06-02,Unknown,Premium,Female,54,South,Telangana,Warangal,Suite,Honeymoon Suite,3,21690.78,0.0,65072.34,7210.21,270.94,3,Debit Card,5.0
ORD42246,2023-10-10,Neha Nair,New,Female,24,North,Punjab,Ludhiana,Banquet/Event,Rooftop Party,1,72081.91,0.0,72081.91,15067.07,466.64,1,Net Banking,2.0
ORD66528,2024-04-23,Aryan Pillai,Premium,Female,29,East,Bihar,Patna,Suite,Luxury Suite,1,21742.18,0.0,21742.18,3056.53,1352.71,1,Debit Card,3.0
ORD68100,2024-06-07,Kiara Agarwal,New,Female,40,South,Tamil Nadu,Coimbatore,Standard Room,Single,5,3359.8,0.1,15119.1,4719.14,1520.63,1,Credit Card,3.0
ORD76393,2024-06-27,Aditya Verma,Regular,Female,51,South,Tamil Nadu,Coimbatore,Deluxe Room,Executive,4,7633.14,0.1,27479.3,8188.7,1686.95,1,Wallet,2.0
ORD35273,2024-04-14,Ira Nair,Regular,Female,25,East,Odisha,Cuttack,Villa,1BHK Villa,1,20948.85,0.0,20948.85,3910.12,1440.09,0,Debit Card,4.0
ORD47444,2023-05-21,Nisha Mehta,Regular,Female,59,East,Odisha,Cuttack,Suite,Presidential Suite,2,10828.0,0.1,19490.4,2298.88,1675.34,3,Wallet,5.0
ORD57351,2024-12-30,Simran Khan,Regular,Male,65,South,Karnataka,Bengaluru,Suite,Family Suite,3,21448.74,0.0,64346.22,13457.33,743.08,1,Credit Card,3.0
ORD22378,2024-04-25,Priya Sharma,New,Female,26,East,Bihar,Gaya,Suite,Junior Suite,3,22271.35,0.2,53451.24,11788.76,1552.96,3,Net Banking,2.0
ORD36694,2024-03-23,Pari Rao,New,Male,41,South,Telangana,Warangal,Deluxe Room,Garden View,1,3567.12,0.0,3567.12,769.51,825.95,1,Debit Card,1.0
ORD50410,2023-10-24,Advait Rao,Regular,Male,32,South,Tamil Nadu,Coimbatore,Standard Room,Double,1,3053.04,0.1,2747.74,920.74,389.98,0,Wallet,4.0
ORD78328,2023-05-13,Pooja Verma,Premium,Male,21,North,Punjab,Ludhiana,Deluxe Room,City View,4,4006.78,0.1,14424.41,4526.08,328.77,2,Credit Card,3.0
ORD18478,2023-05-04,Riya Mehta,New,Female,36,East,Jharkhand,Jamshedpur,Villa,2BHK Villa,2,39080.31,0.0,78160.62,20843.66,534.98,0,Credit Card,3.0
ORD11966,2023-01-06,Riya Bhatt,New,Female,43,South,Kerala,Kochi,Villa,Beach Villa,2,57041.36,0.0,114082.72,23685.51,228.38,2,Net Banking,1.0
ORD11172,2023-06-23,Vikram Patel,Regular,Female,31,West,Rajasthan,Jaipur,Villa,Pool Villa,1,34955.65,0.1,31460.09,3082.56,1604.93,2,UPI,5.0
ORD27482,2023-06-30,Anika Bhatt,New,Male,40,East,Bihar,Patna,Standard Room,Twin Sharing,1,3729.66,0.1,3356.69,1170.72,1194.64,1,Net Banking,2.0
ORD59622,2024-05-02,Vikram Rao,Regular,Male,26,North,Punjab,Amritsar,Deluxe Room,Garden View,3,6368.35,0.15,16239.29,2118.95,1312.39,2,UPI,1.0
ORD11231,2024-10-01,Vihaan Agarwal,Premium,Female,33,East,Bihar,Gaya,Suite,Luxury Suite,1,16184.94,0.2,12947.95,3392.25,447.73,3,Net Banking,1.0
ORD87003,2024-04-14,Diya Bhatt,Premium,Female,23,East,West Bengal,Howrah,Suite,Luxury Suite,2,11778.15,0.0,23556.3,5893.21,843.24,2,Wallet,5.0
ORD19108,2024-08-02,Krishna Bhatt,New,Male,62,North,Uttar Pradesh,Lucknow,Deluxe Room,Garden View,1,5447.79,0.15,4630.62,1092.75,642.35,2,Net Banking,4.0
ORD11450,2024-01-22,Meera Joshi,Premium,Female,53,East,Odisha,Cuttack,Villa,Hillside Villa,1,45922.41,0.2,36737.93,10284.56,1051.57,0,Debit Card,5.0
ORD20817,2024-09-28,Pari Patel,New,Female,45,West,Maharashtra,Pune,Banquet/Event,Conference Hall,1,117513.78,0.15,99886.71,14414.7,1987.53,0,Debit Card,2.0
ORD37192,2024-05-06,Simran Chopra,Regular,Female,21,North,Punjab,Ludhiana,Banquet/Event,Small Meeting Room,1,51869.33,0.05,49275.86,6522.41,1032.07,0,UPI,2.0
ORD68324,2024-03-15,Aryan Agarwal,Regular,Male,62,East,Jharkhand,Ranchi,Banquet/Event,Rooftop Party,1,105997.54,0.15,90097.91,15145.98,448.06,1,Credit Card,2.0
ORD97906,2023-12-28,Riya Joshi,Regular,Male,56,West,Maharashtra,Pune,Suite,Presidential Suite,1,22404.37,0.0,22404.37,2601.02,1005.77,3,Credit Card,1.0
ORD68785,2024-05-04,Meera Reddy,Regular,Female,62,North,Punjab,Amritsar,Standard Room,AC,4,2176.13,0.2,6963.62,730.64,1146.35,1,Debit Card,3.0
ORD76896,2024-01-21,Myra Rao,Regular,Male,26,East,West Bengal,Howrah,Deluxe Room,Executive,2,6828.62,0.2,10925.79,3491.93,414.64,1,Net Banking,3.0
ORD36841,2024-06-03,Simran Malhotra,New,Female,50,East,Odisha,Bhubaneswar,Banquet/Event,Conference Hall,1,143559.26,0.15,122025.37,39745.95,551.2,0,Debit Card,5.0
ORD96618,2023-08-06,Unknown,Premium,Male,39,South,Kerala,Thiruvananthapuram,Suite,Presidential Suite,3,19386.7,0.0,58160.1,16868.81,728.75,0,Debit Card,3.0
ORD86575,2023-10-19,Riya Iyer,New,Female,51,East,West Bengal,Howrah,Villa,1BHK Villa,1,19190.14,0.05,18230.63,2867.51,302.58,0,UPI,2.0
ORD66783,2023-04-06,Riya Malhotra,Regular,Female,37,South,Telangana,Warangal,Villa,Pool Villa,2,59519.13,0.05,113086.35,20722.76,1855.15,0,Debit Card,3.0
ORD74726,2023-06-21,Ira Rao,New,Female,35,East,West Bengal,Kolkata,Suite,Luxury Suite,3,9712.65,0.1,26224.15,6777.16,1168.38,1,Debit Card,1.0
ORD60192,2024-01-22,Aditya Iyer,New,Female,41,South,Karnataka,Bengaluru,Deluxe Room,Garden View,2,4040.18,0.1,7272.32,2208.14,1390.35,3,Net Banking,1.0
ORD61590,2023-07-29,Ayaan Mehta,Regular,Male,60,North,Uttar Pradesh,Lucknow,Villa,2BHK Villa,2,18067.58,0.0,36135.16,12570.52,1878.56,2,Wallet,2.0
ORD70328,2024-07-12,Aditya Chopra,New,Male,20,East,Bihar,Gaya,Standard Room,AC,2,3887.76,0.1,6997.97,1138.03,1308.38,0,Credit Card,2.0
ORD65819,2023-09-04,Ira Pillai,Regular,Male,30,North,Punjab,Amritsar,Deluxe Room,Business,4,4959.8,0.1,17855.28,2796.25,1727.14,3,UPI,5.0
ORD28544,2023-06-14,Vivaan Agarwal,Regular,Female,36,East,Bihar,Patna,Deluxe Room,City View,4,5169.15,0.05,19642.77,2035.22,1213.95,3,Credit Card,3.0
ORD35587,2024-02-21,Karan Nair,Premium,Female,21,South,Tamil Nadu,Coimbatore,Villa,Pool Villa,2,29124.83,0.2,46599.73,13384.72,1636.82,2,Debit Card,3.0
ORD57297,2024-11-20,Rohan Joshi,Regular,Male,27,South,Karnataka,Bengaluru,Banquet/Event,Poolside Event,1,69852.19,0.15,59374.36,8578.07,301.66,3,UPI,2.0
ORD72272,2024-08-29,Vikram Verma,Regular,Male,35,South,Tamil Nadu,Coimbatore,Standard Room,Non-AC,4,1635.55,0.1,5887.98,963.84,1833.45,1,Net Banking,2.0
ORD53416,2024-09-27,Advait Iyer,Premium,Male,43,East,Bihar,Patna,Villa,Hillside Villa,2,38136.71,0.0,76273.42,22681.17,1368.96,3,Wallet,3.0
ORD52078,2024-12-01,Ayaan Mehta,Premium,Female,24,East,Jharkhand,Jamshedpur,Deluxe Room,Business,3,4100.74,0.0,12302.22,1389.02,1901.39,3,UPI,3.0
ORD91514,2024-12-26,Varun Kulkarni,New,Female,34,South,Karnataka,Bengaluru,Standard Room,Twin Sharing,1,1865.92,0.15,1586.03,339.86,1961.71,0,Credit Card,3.0
ORD57874,2024-10-21,Karan Kulkarni,New,Female,40,East,Jharkhand,Jamshedpur,Suite,Presidential Suite,3,15043.99,0.15,38362.17,7105.75,1767.08,0,UPI,4.0
ORD41143,2023-07-16,Reyansh Patel,Regular,Male,39,North,Haryana,Faridabad,Suite,Luxury Suite,1,21038.16,0.0,21038.16,1779.95,1581.93,0,Net Banking,3.0
ORD99309,2023-06-23,Ishaan Joshi,Regular,Male,38,South,Tamil Nadu,Coimbatore,Villa,Hillside Villa,2,43851.63,0.15,74547.77,19206.56,1860.19,1,Debit Card,4.0
ORD78696,2024-10-28,Dev Sharma,New,Female,28,East,Jharkhand,Ranchi,Villa,Pool Villa,2,37684.5,0.1,67832.1,21200.58,1211.14,1,Debit Card,4.0
ORD86004,2024-02-14,Priya Malhotra,Premium,Female,65,South,Kerala,Kochi,Villa,1BHK Villa,2,52314.38,0.0,104628.76,13874.98,1287.68,2,UPI,2.0
ORD93165,2024-05-04,Unknown,Regular,Male,51,North,Haryana,Faridabad,Banquet/Event,Conference Hall,1,114824.78,0.05,109083.54,16904.23,1534.23,3,Wallet,3.0
ORD59117,2023-08-15,Tanya Verma,Regular,Female,36,East,Odisha,Bhubaneswar,Standard Room,Double,5,2303.98,0.1,10367.91,3350.74,1792.84,2,Net Banking,4.0
ORD28518,2023-06-02,Varun Nair,Regular,Male,36,South,Karnataka,Mysuru,Suite,Luxury Suite,3,14069.2,0.0,42207.6,6183.81,1221.79,1,Credit Card,3.0
ORD64116,2023-05-26,Yash Khan,New,Female,63,West,Rajasthan,Jaipur,Villa,Beach Villa,2,41840.3,0.1,75312.54,18181.4,295.8,0,Wallet,5.0
ORD59409,2024-07-08,Sneha Kapoor,Regular,Female,20,North,Uttar Pradesh,Noida,Villa,Beach Villa,1,55404.67,0.1,49864.2,6960.33,1909.38,2,Net Banking,5.0
ORD50703,2023-07-04,Varun Singh,New,Male,27,South,Tamil Nadu,Chennai,Standard Room,Non-AC,1,2578.24,0.05,2449.33,248.35,403.64,0,Wallet,2.0
ORD21565,2024-06-28,Dev Patel,Premium,Male,49,South,Tamil Nadu,Chennai,Banquet/Event,Wedding Hall,1,144412.61,0.15,122750.72,17593.84,970.37,2,UPI,5.0
ORD58594,2024-07-20,Aarav Mehta,Regular,Female,39,South,Karnataka,Bengaluru,Banquet/Event,Conference Hall,1,78102.07,0.15,66386.76,7062.25,1440.92,2,Wallet,3.0
ORD61436,2024-03-02,Meera Singh,Regular,Male,55,North,Uttar Pradesh,Noida,Banquet/Event,Poolside Event,1,54332.43,0.2,43465.94,10640.73,407.0,0,UPI,1.0
ORD60456,2023-04-07,Saanvi Verma,New,Female,64,East,Odisha,Bhubaneswar,Standard Room,Twin Sharing,1,3864.86,0.2,3091.89,849.31,1930.71,2,Credit Card,3.0
ORD72461,2024-12-08,Ira Mehta,Regular,Male,35,East,West Bengal,Howrah,Banquet/Event,Rooftop Party,1,81078.33,0.15,68916.58,13876.9,359.63,3,Debit Card,2.0
ORD57417,2024-08-27,Aarav Mehta,Premium,Female,35,West,Goa,Panaji,Banquet/Event,Rooftop Party,1,80370.83,0.05,76352.29,26679.98,396.56,1,Wallet,1.0
ORD80885,2023-12-19,Dev Das,New,Male,34,East,Jharkhand,Ranchi,Standard Room,Non-AC,1,1560.5,0.1,1404.45,298.09,1967.19,2,Net Banking,5.0
ORD85435,2024-09-02,Diya Sharma,Regular,Female,45,North,Haryana,Faridabad,Deluxe Room,Pool View,1,7985.34,0.1,7186.81,669.21,1304.62,0,UPI,4.0
ORD27332,2024-01-15,Aryan Nair,Premium,Female,30,West,Maharashtra,Mumbai,Deluxe Room,Pool View,4,6345.58,0.2,20305.86,4337.0,1613.44,2,Credit Card,4.0
ORD43726,2023-09-22,Ishaan Malhotra,Regular,Male,43,West,Rajasthan,Jaipur,Standard Room,Double,1,2191.88,0.0,2191.88,497.51,1435.65,1,Credit Card,4.0
ORD42531,2024-09-13,Tanya Reddy,Regular,Male,50,West,Rajasthan,Jaipur,Standard Room,Double,5,1777.82,0.15,7555.73,2553.95,1067.26,0,UPI,5.0
ORD66770,2023-06-28,Ananya Chopra,Premium,Male,18,North,Haryana,Faridabad,Banquet/Event,Poolside Event,1,59938.87,0.15,50948.04,9449.68,843.03,1,Debit Card,3.0
ORD64462,2024-05-21,Rahul Reddy,Premium,Male,35,East,Odisha,Bhubaneswar,Deluxe Room,Garden View,1,6099.16,0.05,5794.2,1495.58,615.96,1,Net Banking,5.0
ORD21394,2023-11-21,Unknown,Regular,Male,33,South,Tamil Nadu,Coimbatore,Villa,Beach Villa,2,20577.42,0.2,32923.87,3345.42,281.1,0,Debit Card,1.0
ORD20028,2024-07-29,Vivaan Rao,Regular,Male,56,West,Rajasthan,Jaipur,Banquet/Event,Small Meeting Room,1,148989.59,0.2,119191.67,13700.55,1059.1,1,UPI,1.0
ORD85517,2023-06-09,Neha Reddy,New,Male,30,East,Odisha,Cuttack,Standard Room,Non-AC,5,2176.42,0.05,10337.99,1218.91,928.08,3,Credit Card,5.0
ORD19642,2024-10-09,Diya Verma,Regular,Male,55,West,Maharashtra,Mumbai,Banquet/Event,Wedding Hall,1,122014.66,0.15,103712.46,31617.27,1931.81,0,Wallet,3.0
ORD19270,2023-01-26,Myra Verma,Regular,Male,18,North,Uttar Pradesh,Noida,Banquet/Event,Poolside Event,1,139510.81,0.1,125559.73,33597.89,811.57,2,Net Banking,4.0
ORD44172,2024-02-01,Aryan Khan,Premium,Male,40,North,Haryana,Faridabad,Deluxe Room,Business,4,6148.73,0.2,19675.94,2784.66,1666.7,1,Credit Card,2.0
ORD30434,2023-03-20,Saanvi Verma,Regular,Female,65,East,Bihar,Patna,Banquet/Event,Rooftop Party,1,127992.12,0.15,108793.3,32130.56,916.6,0,Wallet,1.0
ORD22340,2024-07-11,Neha Malhotra,Regular,Female,30,East,Jharkhand,Jamshedpur,Standard Room,Non-AC,3,1708.19,0.15,4355.88,1259.04,891.31,1,Debit Card,5.0
ORD50980,2023-08-31,Saanvi Bhatt,Regular,Female,42,West,Rajasthan,Udaipur,Deluxe Room,Business,2,7789.23,0.1,14020.61,2084.14,968.25,0,UPI,2.0
ORD83599,2024-07-07,Vihaan Sharma,Regular,Male,47,North,Delhi,New Delhi,Banquet/Event,Wedding Hall,1,82931.86,0.05,78785.27,3394.22,1231.2,3,Net Banking,3.0
ORD61814,2024-03-06,Varun Joshi,Premium,Female,20,North,Haryana,Faridabad,Villa,Beach Villa,1,36548.16,0.2,29238.53,3613.76,315.93,1,Debit Card,5.0
ORD73362,2024-07-31,Ayaan Mehta,Regular,Male,32,South,Karnataka,Bengaluru,Standard Room,Twin Sharing,5,1707.94,0.0,8539.7,908.84,1149.38,3,Net Banking,2.0
ORD51846,2023-01-19,Ishaan Khan,Premium,Female,60,North,Punjab,Amritsar,Deluxe Room,Executive,4,7228.69,0.1,26023.28,4406.01,303.1,0,Credit Card,5.0
ORD38367,2024-04-05,Diya Joshi,Regular,Female,30,East,Jharkhand,Jamshedpur,Suite,Family Suite,1,17227.32,0.1,15504.59,5154.21,1189.89,0,Net Banking,2.0
ORD80427,2024-02-16,Ira Verma,Premium,Male,39,North,Punjab,Ludhiana,Villa,1BHK Villa,1,42391.77,0.2,33913.42,2837.05,1862.3,2,UPI,4.0
ORD32728,2024-05-03,Vikram Chopra,Regular,Male,50,West,Gujarat,Ahmedabad,Suite,Honeymoon Suite,2,17294.89,0.2,27671.82,2727.52,784.53,1,Debit Card,3.0
ORD75255,2023-06-19,Karan Kulkarni,Premium,Female,48,North,Uttar Pradesh,Lucknow,Deluxe Room,Business,1,3964.42,0.2,3171.54,898.76,995.61,2,Net Banking,4.0
ORD45941,2024-08-30,Aditya Kulkarni,Regular,Male,62,East,Bihar,Gaya,Banquet/Event,Wedding Hall,1,52259.2,0.15,44420.32,12896.08,322.44,1,Net Banking,5.0
ORD99407,2023-02-06,Krishna Khan,Regular,Male,64,East,Bihar,Patna,Villa,2BHK Villa,1,54334.35,0.1,48900.92,8994.94,1663.46,2,UPI,3.0
ORD43933,2024-11-09,Karan Kulkarni,Premium,Male,63,North,Delhi,New Delhi,Standard Room,Twin Sharing,1,2802.79,0.2,2242.23,449.02,1625.63,1,Credit Card,1.0
ORD97412,2023-04-17,Arjun Chopra,Regular,Male,61,East,Jharkhand,Jamshedpur,Suite,Honeymoon Suite,1,23458.44,0.1,21112.6,6581.66,1463.32,0,Credit Card,2.0
ORD53581,2023-05-12,Varun Reddy,Regular,Male,45,West,Rajasthan,Udaipur,Standard Room,AC,1,3635.43,0.0,3635.43,1055.42,882.89,2,Wallet,2.0
ORD24099,2023-04-15,Pooja Kapoor,Regular,Female,41,East,Bihar,Gaya,Banquet/Event,Wedding Hall,1,115418.52,0.0,115418.52,14608.93,1419.76,2,Debit Card,2.0
ORD65042,2023-11-17,Meera Kulkarni,Regular,Male,31,West,Rajasthan,Jaipur,Suite,Luxury Suite,1,21584.34,0.15,18346.69,2203.23,790.49,3,Debit Card,3.0
ORD90749,2024-12-04,Rohan Agarwal,Regular,Male,37,North,Haryana,Faridabad,Deluxe Room,Garden View,1,7658.24,0.2,6126.59,1655.91,388.05,1,Wallet,1.0
ORD82546,2024-10-16,Aman Khan,New,Male,37,East,Jharkhand,Ranchi,Villa,1BHK Villa,1,51895.02,0.1,46705.52,9992.77,467.59,3,Credit Card,3.0
ORD94672,2023-11-28,Priya Singh,New,Male,51,East,Bihar,Gaya,Villa,1BHK Villa,2,19676.02,0.2,31481.63,5769.75,1474.0,1,Wallet,1.0
ORD13476,2024-01-01,Priya Rao,Regular,Female,61,West,Maharashtra,Mumbai,Villa,2BHK Villa,1,39805.16,0.05,37814.9,3945.57,1647.89,2,UPI,5.0
ORD89140,2024-04-09,Kiara Agarwal,Regular,Female,46,East,Jharkhand,Ranchi,Banquet/Event,Wedding Hall,1,142896.12,0.1,128606.51,24024.32,1941.04,0,Wallet,5.0
ORD81947,2023-02-10,Sneha Nair,Regular,Female,25,North,Uttar Pradesh,Noida,Villa,Pool Villa,2,53953.4,0.0,107906.8,25391.53,1545.82,3,Net Banking,3.0
ORD54312,2024-02-17,Rohan Sharma,Premium,Female,56,North,Punjab,Amritsar,Standard Room,Single,5,1732.89,0.15,7364.78,1639.32,363.12,2,UPI,5.0
ORD43377,2023-03-20,Varun Malhotra,Regular,Female,52,East,Odisha,Cuttack,Villa,Pool Villa,1,54593.24,0.0,54593.24,5491.39,1077.16,3,Net Banking,3.0
ORD64371,2023-04-13,Tanya Gupta,New,Male,25,East,Odisha,Cuttack,Villa,2BHK Villa,1,36237.85,0.15,30802.17,7852.41,207.4,2,Debit Card,5.0
ORD19309,2024-04-13,Pooja Rao,Regular,Female,63,West,Maharashtra,Pune,Standard Room,Single,5,2781.26,0.2,11125.04,2927.58,883.02,1,Credit Card,2.0
ORD49563,2023-05-19,Vivaan Patel,New,Male,59,East,Odisha,Bhubaneswar,Deluxe Room,Garden View,4,4090.32,0.15,13907.09,1824.71,749.64,3,UPI,3.0
ORD26464,2023-09-25,Nisha Iyer,Regular,Male,44,West,Rajasthan,Jaipur,Standard Room,Non-AC,5,1505.7,0.15,6399.22,653.92,1095.06,1,Wallet,2.0
ORD40578,2023-11-26,Varun Bhatt,Regular,Female,45,North,Uttar Pradesh,Lucknow,Banquet/Event,Poolside Event,1,89013.14,0.1,80111.83,24562.55,1646.38,0,Net Banking,5.0
ORD91714,2023-10-09,Saanvi Singh,New,Female,56,South,Karnataka,Mysuru,Villa,Hillside Villa,2,15613.58,0.2,24981.73,6018.57,1251.56,2,Net Banking,5.0
ORD32536,2023-02-25,Isha Verma,Premium,Female,62,East,Jharkhand,Ranchi,Banquet/Event,Poolside Event,1,34413.04,0.2,27530.43,5485.3,1843.19,1,UPI,3.0
ORD98637,2023-12-30,Vikram Gupta,New,Male,20,South,Telangana,Hyderabad,Suite,Family Suite,2,16172.66,0.0,32345.32,10474.14,575.93,1,Credit Card,5.0
ORD12167,2023-12-27,Aditya Das,Premium,Female,21,West,Goa,Panaji,Villa,Pool Villa,2,19645.93,0.15,33398.08,11547.65,360.65,1,Debit Card,4.0
ORD96915,2024-09-08,Dev Kulkarni,Premium,Female,44,North,Haryana,Faridabad,Banquet/Event,Poolside Event,1,77292.96,0.0,77292.96,15960.46,1745.3,1,Wallet,3.0
ORD19538,2024-10-19,Zara Reddy,Regular,Male,21,North,Uttar Pradesh,Noida,Standard Room,AC,3,2270.66,0.0,6811.98,1028.94,1042.8,3,Debit Card,4.0
ORD38435,2023-12-04,Tanya Rao,Regular,Female,55,South,Kerala,Kochi,Villa,Pool Villa,2,40820.79,0.05,77559.5,18443.43,1502.94,1,Credit Card,1.0
ORD82055,2023-09-02,Diya Iyer,Regular,Female,21,East,Odisha,Cuttack,Deluxe Room,Executive,4,4811.39,0.2,15396.45,4757.59,318.46,0,UPI,4.0
ORD74385,2024-07-20,Vihaan Pillai,Regular,Female,65,North,Haryana,Gurugram,Villa,1BHK Villa,1,40552.6,0.15,34469.71,9872.84,851.79,0,UPI,5.0
ORD17523,2023-08-04,Pooja Gupta,Regular,Male,48,North,Punjab,Amritsar,Suite,Luxury Suite,2,21109.15,0.05,40107.39,7681.94,739.4,0,Net Banking,3.0
ORD35205,2023-06-18,Ira Agarwal,Regular,Female,56,South,Karnataka,Mysuru,Standard Room,Double,5,3830.43,0.15,16279.33,1720.13,1483.81,3,Net Banking,3.0
ORD86829,2024-06-16,Advait Reddy,Premium,Male,61,East,Jharkhand,Ranchi,Suite,Family Suite,2,10128.33,0.05,19243.83,5102.65,1050.14,3,Wallet,3.0
ORD63504,2023-09-17,Vikram Kulkarni,New,Female,48,North,Haryana,Gurugram,Deluxe Room,Garden View,4,3638.25,0.1,13097.7,3130.52,1414.44,1,Debit Card,5.0
ORD42806,2023-11-19,Vivaan Gupta,Premium,Male,19,East,Odisha,Cuttack,Banquet/Event,Wedding Hall,1,148658.5,0.2,118926.8,26346.34,579.17,2,Wallet,4.0
ORD64323,2023-03-01,Pari Chopra,New,Male,56,South,Telangana,Hyderabad,Suite,Junior Suite,3,20270.23,0.1,54729.62,10304.88,1221.32,2,Wallet,3.0
ORD30323,2024-04-07,Priya Mehta,New,Female,63,North,Punjab,Ludhiana,Villa,1BHK Villa,2,20291.33,0.05,38553.53,8610.59,1542.23,1,Credit Card,1.0
ORD42014,2023-06-15,Advait Verma,Premium,Female,51,South,Tamil Nadu,Coimbatore,Villa,Beach Villa,1,25114.95,0.2,20091.96,6449.96,698.45,1,Debit Card,3.0
ORD64147,2023-04-12,Ayaan Nair,New,Female,21,West,Maharashtra,Mumbai,Suite,Honeymoon Suite,2,23531.6,0.15,40003.72,12376.21,683.86,3,Credit Card,4.0
ORD16572,2023-10-07,Sneha Malhotra,Regular,Male,21,West,Rajasthan,Udaipur,Deluxe Room,City View,4,5862.39,0.0,23449.56,7608.54,1305.14,0,Credit Card,1.0
ORD96152,2023-03-20,Saanvi Malhotra,Regular,Female,54,South,Kerala,Thiruvananthapuram,Banquet/Event,Wedding Hall,1,65740.45,0.0,65740.45,9126.71,1571.74,0,Credit Card,4.0
ORD21154,2024-05-25,Diya Kulkarni,New,Female,26,East,Jharkhand,Jamshedpur,Suite,Honeymoon Suite,2,19451.78,0.2,31122.85,3021.79,1003.54,2,Debit Card,4.0
ORD76420,2024-09-17,Rohan Iyer,New,Female,42,North,Punjab,Amritsar,Deluxe Room,Garden View,3,6756.21,0.15,17228.34,5580.77,1364.97,0,Debit Card,1.0
ORD88483,2024-08-27,Unknown,Premium,Male,33,South,Kerala,Kochi,Banquet/Event,Small Meeting Room,1,21112.22,0.1,19001.0,1710.38,1637.3,2,Wallet,4.0
ORD58670,2023-11-01,Ananya Gupta,Regular,Female,24,South,Karnataka,Bengaluru,Standard Room,AC,3,3266.24,0.15,8328.91,1474.52,233.4,0,UPI,3.0
ORD54329,2024-07-23,Ayaan Pillai,Regular,Female,44,East,Bihar,Patna,Suite,Luxury Suite,2,9474.58,0.0,18949.16,5733.44,1951.92,0,Debit Card,4.0
ORD71047,2024-02-27,Myra Khan,Regular,Female,65,West,Maharashtra,Pune,Banquet/Event,Rooftop Party,1,35569.39,0.2,28455.51,7859.06,785.13,1,UPI,1.0
ORD53944,2024-11-21,Tanya Verma,Regular,Female,43,West,Gujarat,Ahmedabad,Standard Room,Twin Sharing,4,3300.59,0.1,11882.12,1768.75,412.38,0,UPI,3.0
ORD76317,2024-06-19,Vihaan Rao,New,Female,37,East,Jharkhand,Jamshedpur,Banquet/Event,Rooftop Party,1,107497.65,0.05,102122.77,14002.5,393.29,1,Debit Card,1.0
ORD49610,2023-11-13,Pooja Gupta,New,Male,65,South,Karnataka,Mysuru,Standard Room,AC,1,2771.85,0.1,2494.66,317.06,1259.63,2,UPI,1.0
ORD11681,2023-06-28,Saanvi Malhotra,Premium,Male,22,West,Maharashtra,Mumbai,Suite,Honeymoon Suite,2,15757.24,0.2,25211.58,8790.82,763.13,3,Credit Card,3.0
ORD91910,2023-09-08,Meera Gupta,Regular,Male,63,South,Karnataka,Bengaluru,Standard Room,Single,2,2746.03,0.05,5217.46,1712.78,285.97,2,UPI,5.0
ORD65321,2023-12-19,Nisha Joshi,Premium,Female,45,South,Karnataka,Bengaluru,Deluxe Room,City View,1,3778.39,0.0,3778.39,357.01,1397.34,1,UPI,5.0
ORD33648,2023-06-24,Myra Reddy,Premium,Male,39,East,Bihar,Patna,Banquet/Event,Small Meeting Room,1,125152.66,0.1,112637.39,13534.42,315.08,3,UPI,3.0
ORD41978,2024-08-25,Zara Khan,New,Male,65,North,Uttar Pradesh,Noida,Deluxe Room,Pool View,2,6954.51,0.2,11127.22,2181.38,660.48,3,Credit Card,3.0
ORD19520,2023-02-08,Saanvi Joshi,Regular,Female,31,South,Karnataka,Bengaluru,Villa,Hillside Villa,2,43578.94,0.05,82799.99,11669.86,1374.59,1,Net Banking,3.0
ORD62453,2024-12-12,Kiara Kulkarni,Premium,Female,44,West,Rajasthan,Jaipur,Banquet/Event,Small Meeting Room,1,80981.46,0.05,76932.39,21301.35,930.9,3,Credit Card,2.0
ORD84066,2024-01-07,Aman Verma,Premium,Female,37,South,Tamil Nadu,Chennai,Deluxe Room,Garden View,2,4188.47,0.2,6701.55,1147.57,1618.92,3,UPI,3.0
ORD83971,2023-12-09,Priya Patel,Regular,Female,30,East,Jharkhand,Ranchi,Suite,Honeymoon Suite,1,19096.04,0.0,19096.04,3512.22,364.69,3,Wallet,4.0
ORD64041,2024-05-11,Aryan Agarwal,Regular,Male,32,West,Gujarat,Ahmedabad,Deluxe Room,Garden View,2,4207.42,0.2,6731.87,1154.51,914.74,2,Debit Card,4.0
ORD57308,2023-11-08,Vikram Pillai,Premium,Female,43,North,Haryana,Faridabad,Deluxe Room,Executive,4,5260.38,0.0,21041.52,6509.08,1622.98,2,Credit Card,1.0
ORD15494,2024-01-24,Neha Rao,Premium,Female,59,South,Karnataka,Bengaluru,Suite,Junior Suite,2,16215.36,0.0,32430.72,4853.6,259.96,2,Debit Card,3.0
ORD34229,2023-05-21,Neha Joshi,Premium,Female,44,South,Telangana,Warangal,Deluxe Room,City View,4,5920.13,0.05,22496.49,4295.92,934.03,0,Debit Card,5.0
ORD58068,2024-01-23,Nisha Das,Regular,Male,26,North,Haryana,Gurugram,Banquet/Event,Small Meeting Room,1,32556.35,0.2,26045.08,4195.68,305.98,3,Wallet,3.0
ORD24779,2023-10-25,Aarav Malhotra,New,Male,63,East,Jharkhand,Jamshedpur,Villa,2BHK Villa,2,27142.35,0.15,46141.99,11036.69,803.86,3,UPI,1.0
ORD68713,2023-03-03,Ananya Verma,Regular,Female,37,West,Rajasthan,Jaipur,Villa,1BHK Villa,1,18518.18,0.05,17592.27,5790.5,1122.33,3,Credit Card,1.0
ORD41490,2023-04-08,Aarav Khan,Premium,Female,44,South,Tamil Nadu,Coimbatore,Deluxe Room,City View,4,3547.72,0.15,12062.25,1302.08,1079.4,3,UPI,2.0
ORD40564,2023-11-06,Rohan Patel,New,Female,43,North,Uttar Pradesh,Lucknow,Deluxe Room,Garden View,1,4064.34,0.2,3251.47,1012.52,1158.53,2,Debit Card,4.0
ORD32496,2024-03-18,Yash Rao,Regular,Female,25,West,Gujarat,Surat,Villa,Beach Villa,2,51352.84,0.05,97570.4,9536.02,692.96,2,Net Banking,3.0
ORD72421,2024-03-21,Dev Malhotra,Premium,Male,27,West,Maharashtra,Pune,Suite,Honeymoon Suite,3,24304.1,0.05,69266.68,20160.46,1374.01,0,UPI,3.0
ORD86971,2024-06-01,Kavya Verma,Regular,Female,37,North,Punjab,Ludhiana,Standard Room,Double,1,1716.45,0.15,1458.98,231.7,1086.56,0,UPI,1.0
ORD99999,2023-11-19,Riya Kapoor,New,Female,35,East,Odisha,Bhubaneswar,Villa,Pool Villa,1,16622.44,0.05,15791.32,1484.84,1297.33,2,UPI,1.0
ORD81867,2023-10-15,Saanvi Gupta,New,Male,40,South,Kerala,Thiruvananthapuram,Villa,Pool Villa,1,37396.98,0.1,33657.28,2842.12,394.2,0,Net Banking,4.0
ORD96336,2024-03-13,Zara Kapoor,Premium,Female,51,South,Telangana,Hyderabad,Banquet/Event,Wedding Hall,1,142395.02,0.0,142395.02,28546.88,1690.97,2,Credit Card,3.0
ORD87989,2023-07-03,Tanya Kulkarni,New,Female,29,South,Kerala,Kochi,Suite,Honeymoon Suite,3,20051.1,0.2,48122.64,9465.72,967.94,0,Debit Card,5.0
ORD51396,2024-03-31,Aditya Patel,Premium,Male,56,West,Gujarat,Surat,Banquet/Event,Wedding Hall,1,53243.43,0.1,47919.09,4888.29,1641.33,1,UPI,2.0
ORD82328,2023-10-01,Vikram Joshi,New,Male,55,South,Tamil Nadu,Coimbatore,Deluxe Room,City View,1,7968.95,0.1,7172.06,1658.31,1124.53,1,Wallet,3.0
ORD74315,2023-08-17,Pari Malhotra,New,Female,27,East,Jharkhand,Jamshedpur,Deluxe Room,Business,1,6044.11,0.05,5741.9,1970.13,1410.4,3,Credit Card,2.0
ORD62361,2023-01-31,Karan Joshi,Regular,Female,61,East,Odisha,Cuttack,Deluxe Room,Executive,4,6822.32,0.1,24560.35,6632.39,1001.93,0,Credit Card,5.0
ORD32838,2023-09-16,Aarav Malhotra,Regular,Male,48,East,Odisha,Cuttack,Villa,Pool Villa,1,31398.76,0.15,26688.95,4499.11,1339.4,2,Net Banking,2.0
ORD97779,2024-02-26,Myra Rao,Regular,Female,39,North,Uttar Pradesh,Lucknow,Deluxe Room,Business,3,5357.11,0.0,16071.33,-639.18,1809.68,3,Net Banking,1.0
ORD57358,2024-06-21,Vikram Nair,New,Female,27,South,Telangana,Hyderabad,Deluxe Room,Garden View,3,5119.14,0.1,13821.68,4147.76,449.61,1,Credit Card,1.0
ORD98229,2023-07-22,Reyansh Pillai,New,Female,27,South,Karnataka,Mysuru,Villa,2BHK Villa,1,22666.4,0.2,18133.12,2258.49,1489.33,3,UPI,4.0
ORD19824,2024-02-12,Sneha Sharma,Premium,Male,27,South,Tamil Nadu,Coimbatore,Deluxe Room,Garden View,1,3863.58,0.15,3284.04,680.25,555.41,1,Net Banking,5.0
ORD65549,2023-02-18,Vihaan Malhotra,Regular,Male,39,East,Odisha,Bhubaneswar,Suite,Family Suite,3,12075.48,0.0,36226.44,12625.56,631.61,1,UPI,3.0
ORD41052,2023-02-06,Ira Kapoor,Premium,Male,63,North,Uttar Pradesh,Noida,Deluxe Room,Executive,4,3873.01,0.05,14717.44,1631.89,1481.5,1,Net Banking,5.0
ORD20027,2023-02-08,Varun Sharma,New,Female,26,North,Haryana,Gurugram,Banquet/Event,Rooftop Party,1,49950.73,0.05,47453.19,13082.43,884.81,2,Wallet,1.0
ORD99274,2024-01-11,Rohan Gupta,Regular,Female,42,South,Karnataka,Mysuru,Standard Room,Twin Sharing,4,2973.23,0.1,10703.63,3437.15,1198.07,1,Net Banking,2.0
ORD47551,2023-10-04,Pooja Nair,Regular,Female,24,East,Odisha,Cuttack,Banquet/Event,Rooftop Party,1,76931.03,0.2,61544.82,8018.18,1117.18,3,Credit Card,4.0
ORD21932,2024-09-05,Rahul Patel,Premium,Male,60,North,Haryana,Faridabad,Villa,2BHK Villa,1,55993.02,0.1,50393.72,5474.92,830.34,2,Credit Card,1.0
ORD86940,2024-03-16,Kiara Khan,Regular,Male,57,West,Goa,Panaji,Villa,2BHK Villa,1,41590.16,0.05,39510.65,5146.35,423.9,2,UPI,4.0
ORD76463,2023-07-02,Kavya Bhatt,Regular,Male,47,South,Karnataka,Mysuru,Banquet/Event,Wedding Hall,1,113389.4,0.2,90711.52,24751.72,1762.37,1,Wallet,2.0
ORD58701,2023-06-29,Arjun Bhatt,Regular,Female,46,North,Delhi,New Delhi,Villa,1BHK Villa,1,22451.78,0.05,21329.19,7384.63,1611.46,3,Net Banking,1.0
ORD43564,2024-10-07,Aryan Reddy,Regular,Female,21,West,Gujarat,Surat,Banquet/Event,Wedding Hall,1,84427.86,0.2,67542.29,12221.21,706.31,2,Wallet,2.0
ORD75732,2024-02-01,Ishaan Nair,Regular,Female,58,West,Maharashtra,Pune,Standard Room,Single,3,2218.23,0.05,6321.96,1099.97,849.41,1,UPI,2.0
ORD53940,2024-03-18,Advait Gupta,Premium,Female,44,South,Tamil Nadu,Coimbatore,Suite,Honeymoon Suite,3,23001.51,0.05,65554.3,22846.37,1851.23,3,Wallet,3.0
ORD81138,2024-01-29,Vivaan Patel,Regular,Male,65,East,West Bengal,Kolkata,Banquet/Event,Rooftop Party,1,136259.76,0.2,109007.81,10706.25,403.53,3,Net Banking,5.0
ORD33449,2023-06-26,Varun Iyer,Premium,Female,63,West,Goa,Panaji,Deluxe Room,City View,3,4906.9,0.2,11776.56,3430.95,837.59,0,Debit Card,1.0
ORD88228,2024-03-03,Krishna Iyer,Premium,Female,40,West,Rajasthan,Jaipur,Deluxe Room,Pool View,4,7844.09,0.15,26669.91,3629.05,1328.44,3,Wallet,5.0
ORD30426,2024-04-25,Aman Malhotra,Regular,Female,18,East,Jharkhand,Ranchi,Suite,Junior Suite,2,9988.05,0.0,19976.1,3209.21,485.63,2,Debit Card,1.0
ORD23915,2023-03-12,Ira Agarwal,Premium,Female,27,East,West Bengal,Kolkata,Villa,Hillside Villa,2,20861.25,0.1,37550.25,8731.71,464.34,1,Net Banking,5.0
ORD98543,2024-03-25,Yash Sharma,Regular,Female,18,West,Rajasthan,Udaipur,Standard Room,Twin Sharing,4,3489.56,0.2,11166.59,3553.25,353.25,1,Wallet,3.0
ORD92988,2024-06-22,Kabir Malhotra,Premium,Female,45,North,Punjab,Amritsar,Deluxe Room,City View,1,7698.71,0.2,6158.97,1945.2,767.75,1,UPI,2.0
ORD42048,2023-06-07,Neha Kapoor,Regular,Female,60,West,Maharashtra,Mumbai,Standard Room,Non-AC,2,1802.08,0.2,2883.33,871.61,1801.05,2,Debit Card,3.0
ORD97931,2024-07-16,Priya Kapoor,Premium,Male,64,West,Gujarat,Surat,Villa,Pool Villa,2,28958.92,0.2,46334.27,14801.79,1548.17,1,UPI,5.0
ORD43581,2024-11-08,Advait Sharma,Regular,Female,29,North,Delhi,New Delhi,Deluxe Room,Executive,3,3600.44,0.15,9181.12,906.15,319.63,2,Wallet,3.0
ORD25832,2023-06-16,Anika Iyer,Regular,Male,53,South,Tamil Nadu,Coimbatore,Villa,1BHK Villa,1,57723.88,0.0,57723.88,19924.3,681.34,2,Wallet,2.0
ORD24279,2024-07-03,Nisha Agarwal,Regular,Male,55,East,Jharkhand,Jamshedpur,Villa,Beach Villa,2,20573.73,0.05,39090.09,7044.28,1607.51,2,UPI,1.0
ORD32956,2023-12-12,Vihaan Rao,Regular,Male,50,East,West Bengal,Kolkata,Banquet/Event,Conference Hall,1,41277.79,0.15,35086.12,3825.34,637.74,2,UPI,2.0
ORD79753,2023-09-10,Ayaan Agarwal,Regular,Female,61,East,West Bengal,Kolkata,Suite,Presidential Suite,3,8338.25,0.0,25014.75,3062.84,542.24,3,Credit Card,1.0
ORD16484,2024-11-05,Kavya Malhotra,Premium,Male,50,South,Telangana,Warangal,Suite,Family Suite,1,24261.95,0.15,20622.66,6810.86,243.69,1,Debit Card,5.0
ORD32708,2024-06-28,Diya Joshi,New,Female,37,South,Karnataka,Bengaluru,Suite,Luxury Suite,2,12513.24,0.05,23775.16,2988.02,1882.92,2,Credit Card,3.0
ORD68522,2024-06-13,Ishaan Patel,Regular,Male,49,West,Gujarat,Ahmedabad,Banquet/Event,Poolside Event,1,50169.11,0.15,42643.74,-1419.03,1145.82,3,UPI,3.0
ORD11629,2024-05-13,Aarav Joshi,New,Male,49,South,Telangana,Hyderabad,Standard Room,Single,2,2359.92,0.2,3775.87,1106.17,1048.83,3,Debit Card,1.0
ORD90205,2024-04-27,Sneha Das,Regular,Female,34,South,Kerala,Thiruvananthapuram,Standard Room,AC,2,3365.6,0.1,6058.08,2111.72,728.18,2,UPI,1.0
ORD63738,2024-02-14,Simran Patel,Regular,Male,50,East,West Bengal,Kolkata,Deluxe Room,Garden View,2,4087.74,0.0,8175.48,2513.18,378.23,2,UPI,1.0
ORD29112,2023-05-07,Advait Das,Regular,Male,62,South,Tamil Nadu,Coimbatore,Banquet/Event,Wedding Hall,1,112035.29,0.05,106433.53,20521.99,374.73,2,UPI,3.0
ORD65388,2023-08-04,Aditya Sharma,Regular,Female,21,South,Kerala,Thiruvananthapuram,Suite,Junior Suite,2,19611.75,0.2,31378.8,-1505.68,1870.58,1,Net Banking,2.0
ORD84445,2023-07-25,Tanya Chopra,Premium,Male,41,North,Uttar Pradesh,Lucknow,Deluxe Room,Business,1,6449.0,0.05,6126.55,2054.02,1670.0,3,Net Banking,1.0
ORD70154,2023-10-13,Simran Patel,Regular,Male,47,South,Kerala,Thiruvananthapuram,Banquet/Event,Conference Hall,1,63055.9,0.15,53597.51,4894.14,1895.37,0,Net Banking,3.0
ORD44878,2023-12-16,Dev Agarwal,Regular,Male,62,West,Goa,Panaji,Suite,Honeymoon Suite,3,11570.08,0.0,34710.24,9862.39,1811.58,3,Wallet,2.0
ORD86750,2023-06-12,Sneha Pillai,Premium,Male,61,South,Tamil Nadu,Coimbatore,Suite,Honeymoon Suite,3,23413.68,0.2,56192.83,8244.37,1217.93,2,Credit Card,3.0
ORD37908,2024-06-30,Kavya Khan,Regular,Male,51,South,Kerala,Kochi,Deluxe Room,Garden View,2,5142.93,0.2,8228.69,1734.66,1944.79,0,UPI,3.0
ORD90079,2024-08-31,Karan Verma,Premium,Female,27,South,Tamil Nadu,Coimbatore,Villa,Pool Villa,1,38848.37,0.1,34963.53,5427.04,347.46,1,Net Banking,5.0
ORD75525,2023-10-30,Meera Sharma,Premium,Male,38,North,Haryana,Faridabad,Deluxe Room,City View,1,7417.17,0.1,6675.45,1925.01,360.12,3,UPI,5.0
ORD54947,2023-07-17,Karan Singh,Regular,Male,54,South,Karnataka,Bengaluru,Villa,1BHK Villa,2,26498.46,0.15,45047.38,4107.77,461.79,1,Wallet,4.0
ORD57941,2023-12-16,Krishna Mehta,Premium,Male,54,West,Rajasthan,Udaipur,Suite,Junior Suite,3,14247.23,0.15,36330.44,9562.39,567.51,1,Net Banking,5.0
ORD81513,2024-07-12,Rahul Gupta,Premium,Male,25,West,Gujarat,Surat,Villa,Beach Villa,2,41750.55,0.0,83501.1,23893.47,1094.76,0,Debit Card,2.0
ORD63917,2024-08-22,Vikram Das,Premium,Male,51,West,Rajasthan,Udaipur,Deluxe Room,City View,1,7286.52,0.2,5829.22,1510.43,274.17,1,Net Banking,3.0
ORD75502,2023-09-11,Vihaan Verma,Regular,Male,31,North,Punjab,Amritsar,Villa,1BHK Villa,1,39139.7,0.0,39139.7,12784.96,784.36,1,Debit Card,4.0
ORD20146,2024-07-06,Kiara Das,Regular,Female,42,South,Telangana,Warangal,Deluxe Room,Business,3,3692.33,0.2,8861.59,1544.54,1002.14,3,Wallet,2.0
ORD59829,2023-11-29,Krishna Iyer,Regular,Female,46,South,Telangana,Warangal,Deluxe Room,Business,3,7956.0,0.05,22674.6,3968.99,801.35,3,Credit Card,2.0
ORD44371,2024-07-20,Diya Malhotra,Regular,Female,47,East,Odisha,Bhubaneswar,Villa,Beach Villa,2,47645.51,0.2,76232.82,15684.44,1424.64,3,Debit Card,4.0
ORD53016,2023-02-17,Meera Kulkarni,Regular,Female,36,North,Uttar Pradesh,Lucknow,Deluxe Room,Pool View,1,6037.4,0.1,5433.66,1740.22,774.65,1,Debit Card,1.0
ORD46831,2024-08-16,Ananya Kapoor,Regular,Male,51,East,Bihar,Gaya,Deluxe Room,Garden View,4,6780.23,0.1,24408.83,7914.34,1866.96,0,Credit Card,2.0
ORD93444,2023-11-02,Reyansh Kulkarni,Regular,Male,38,North,Punjab,Amritsar,Standard Room,AC,1,2813.49,0.15,2391.47,391.57,887.36,3,Debit Card,2.0
ORD98900,2024-04-19,Dev Malhotra,New,Male,34,West,Maharashtra,Mumbai,Villa,Hillside Villa,1,18831.34,0.1,16948.21,4138.62,637.94,1,Wallet,4.0
ORD66645,2024-11-21,Aman Malhotra,New,Male,40,East,Bihar,Gaya,Villa,2BHK Villa,1,47589.69,0.1,42830.72,14619.71,1871.58,1,Wallet,1.0
ORD20989,2023-11-03,Reyansh Iyer,New,Male,30,East,West Bengal,Howrah,Villa,Pool Villa,2,46364.57,0.15,78819.77,9373.2,1575.88,2,Wallet,3.0
ORD85895,2024-07-16,Varun Agarwal,New,Female,54,East,Odisha,Cuttack,Deluxe Room,Garden View,1,4200.06,0.1,3780.05,950.92,1353.03,3,Net Banking,2.0
ORD58535,2024-05-17,Reyansh Verma,Premium,Male,19,East,West Bengal,Howrah,Standard Room,Twin Sharing,3,3758.53,0.2,9020.47,2821.3,1156.76,2,UPI,5.0
ORD95146,2023-05-31,Anika Bhatt,Premium,Female,30,South,Telangana,Warangal,Banquet/Event,Wedding Hall,1,37933.24,0.1,34139.92,9661.15,499.67,2,UPI,3.0
ORD69587,2024-06-01,Aarav Malhotra,Regular,Female,41,West,Maharashtra,Mumbai,Suite,Family Suite,3,22684.1,0.2,54441.84,18498.93,468.67,3,Debit Card,3.0
ORD29285,2024-01-19,Anika Rao,Regular,Female,32,South,Tamil Nadu,Chennai,Villa,2BHK Villa,1,31936.53,0.15,27146.05,4665.08,846.5,2,Net Banking,3.0
ORD22702,2024-08-21,Aman Agarwal,Regular,Male,33,South,Tamil Nadu,Chennai,Suite,Honeymoon Suite,3,23375.49,0.2,56101.18,7817.08,1083.74,1,Net Banking,2.0
ORD68579,2023-08-16,Aditya Sharma,Regular,Female,42,North,Uttar Pradesh,Noida,Villa,1BHK Villa,1,30554.24,0.15,25971.1,-23.76,1182.68,2,Debit Card,5.0
ORD92894,2023-03-18,Zara Kulkarni,Premium,Female,22,East,West Bengal,Kolkata,Villa,Beach Villa,2,50314.41,0.2,80503.06,17519.88,565.3,0,Debit Card,4.0
ORD96283,2023-07-09,Diya Das,Regular,Female,58,East,West Bengal,Howrah,Deluxe Room,Garden View,4,3814.27,0.15,12968.52,1372.84,1793.42,2,Credit Card,3.0
ORD91145,2024-02-08,Diya Mehta,Regular,Male,45,North,Punjab,Ludhiana,Villa,Hillside Villa,1,51391.89,0.0,51391.89,14308.68,543.11,3,Credit Card,3.0
ORD73988,2023-06-25,Kabir Das,Premium,Female,54,North,Delhi,New Delhi,Standard Room,AC,1,3401.58,0.1,3061.42,718.59,1626.85,1,Credit Card,2.0
ORD83718,2023-10-13,Isha Mehta,Regular,Female,57,West,Maharashtra,Pune,Suite,Honeymoon Suite,3,13238.16,0.2,31771.58,2900.03,1671.62,2,Wallet,2.0
ORD94667,2024-06-06,Kiara Khan,Regular,Female,34,South,Telangana,Warangal,Banquet/Event,Wedding Hall,1,105138.11,0.15,89367.39,13905.99,1280.54,2,Credit Card,5.0
ORD96737,2024-03-05,Rahul Kulkarni,Regular,Male,18,East,Jharkhand,Jamshedpur,Deluxe Room,Executive,4,7441.07,0.1,26787.85,4593.12,1849.62,2,UPI,4.0
ORD71104,2023-03-05,Pooja Pillai,New,Male,62,North,Punjab,Ludhiana,Standard Room,AC,2,2710.14,0.2,4336.22,1490.41,260.21,0,Net Banking,3.0
ORD88419,2023-12-28,Yash Rao,Premium,Male,65,West,Rajasthan,Jaipur,Banquet/Event,Wedding Hall,1,112393.61,0.0,112393.61,29485.06,394.71,3,Credit Card,3.0
ORD61377,2024-05-12,Meera Joshi,New,Female,53,North,Punjab,Amritsar,Banquet/Event,Poolside Event,1,22308.46,0.05,21193.04,2200.12,968.73,2,Wallet,4.0
ORD19421,2023-03-06,Myra Nair,Regular,Female,18,North,Punjab,Ludhiana,Deluxe Room,Business,2,5374.33,0.1,9673.79,3363.35,1390.69,0,UPI,3.0
ORD10840,2024-03-10,Simran Pillai,Regular,Female,64,East,Odisha,Cuttack,Standard Room,AC,2,3921.89,0.1,7059.4,1932.81,1683.44,3,Net Banking,5.0
ORD23888,2024-03-20,Pari Patel,Regular,Female,57,East,West Bengal,Howrah,Banquet/Event,Wedding Hall,1,57502.08,0.05,54626.98,6289.7,246.13,0,Credit Card,4.0
ORD57475,2024-11-04,Varun Das,Regular,Male,21,West,Rajasthan,Jaipur,Standard Room,AC,5,3488.83,0.1,15699.74,3075.02,1648.08,0,Net Banking,1.0
ORD23148,2023-10-12,Riya Pillai,Regular,Male,58,East,West Bengal,Howrah,Banquet/Event,Wedding Hall,1,118577.03,0.2,94861.62,27020.17,595.98,2,Net Banking,3.0
ORD44065,2023-01-28,Aarav Chopra,Regular,Female,27,South,Kerala,Kochi,Banquet/Event,Rooftop Party,1,39949.35,0.1,35954.42,11270.62,1340.06,1,UPI,1.0
ORD22316,2023-11-21,Riya Mehta,Premium,Female,35,East,Bihar,Patna,Suite,Honeymoon Suite,2,9332.11,0.1,16797.8,3324.88,841.18,2,Credit Card,3.0
ORD60693,2023-06-03,Neha Singh,Premium,Male,31,North,Uttar Pradesh,Noida,Banquet/Event,Poolside Event,1,136375.87,0.1,122738.28,18679.19,866.67,0,Wallet,3.0
ORD57694,2023-09-19,Advait Joshi,Regular,Male,26,South,Kerala,Thiruvananthapuram,Suite,Honeymoon Suite,1,24376.02,0.1,21938.42,6470.79,1927.53,0,UPI,2.0
ORD94886,2023-03-08,Aman Kapoor,New,Male,35,South,Kerala,Thiruvananthapuram,Villa,1BHK Villa,2,21413.04,0.0,42826.08,10218.01,1351.62,0,Wallet,3.0
ORD32120,2024-02-12,Aditya Joshi,Premium,Male,61,West,Gujarat,Surat,Villa,Pool Villa,1,42684.08,0.15,36281.47,9827.43,1362.28,1,UPI,1.0
ORD59940,2024-10-05,Yash Verma,New,Female,45,South,Telangana,Warangal,Villa,1BHK Villa,1,23789.96,0.0,23789.96,4195.82,1647.95,3,Debit Card,1.0
ORD62164,2024-04-16,Yash Singh,Regular,Female,43,West,Rajasthan,Udaipur,Villa,Pool Villa,1,25372.69,0.15,21566.79,3862.29,1210.63,0,Credit Card,2.0
ORD53942,2023-03-24,Saanvi Malhotra,Regular,Female,59,East,West Bengal,Kolkata,Suite,Family Suite,3,19010.56,0.0,57031.68,4641.86,411.14,3,UPI,5.0
ORD85586,2023-01-21,Pooja Reddy,New,Male,30,North,Uttar Pradesh,Noida,Suite,Family Suite,2,21077.08,0.05,40046.45,3386.0,1201.61,3,Wallet,1.0
ORD63490,2023-09-06,Pari Gupta,New,Female,20,South,Telangana,Hyderabad,Villa,1BHK Villa,2,35382.83,0.1,63689.09,10059.63,1781.11,3,Debit Card,1.0
ORD67921,2023-08-12,Krishna Agarwal,Premium,Male,63,South,Kerala,Kochi,Villa,Pool Villa,2,55724.16,0.05,105875.9,23511.87,532.02,0,UPI,1.0
ORD54750,2024-07-19,Kiara Chopra,Regular,Male,39,West,Gujarat,Surat,Deluxe Room,City View,4,6760.82,0.1,24338.95,5040.34,738.05,1,Net Banking,5.0
ORD28793,2024-09-17,Neha Das,Regular,Female,36,East,West Bengal,Howrah,Standard Room,Double,2,3857.84,0.0,7715.68,2030.25,1438.67,3,Wallet,1.0
ORD20064,2024-07-30,Ayaan Agarwal,New,Male,54,South,Kerala,Kochi,Standard Room,Twin Sharing,3,3712.23,0.2,8909.35,1116.68,1411.84,2,Net Banking,5.0
ORD20013,2024-02-23,Aryan Singh,Premium,Male,42,East,Bihar,Patna,Standard Room,Single,3,2365.92,0.05,6742.87,853.49,1798.1,2,UPI,5.0
ORD29014,2023-02-15,Pari Reddy,New,Male,19,North,Delhi,New Delhi,Suite,Honeymoon Suite,3,15075.17,0.05,42964.23,7299.44,1031.58,2,Debit Card,3.0
ORD40407,2023-04-17,Tanya Mehta,Premium,Female,51,East,West Bengal,Kolkata,Suite,Junior Suite,1,22328.75,0.15,18979.44,3437.07,437.6,3,Debit Card,1.0
ORD97223,2024-06-14,Ira Malhotra,Regular,Male,39,South,Telangana,Hyderabad,Villa,1BHK Villa,2,28776.56,0.2,46042.5,-1515.42,1731.93,2,Debit Card,2.0
ORD30342,2023-11-17,Kabir Chopra,Regular,Male,48,North,Punjab,Amritsar,Villa,Beach Villa,2,32773.31,0.15,55714.63,10671.77,643.11,3,Wallet,5.0
ORD87853,2024-01-05,Reyansh Patel,Regular,Male,46,West,Gujarat,Ahmedabad,Standard Room,AC,5,3563.87,0.15,15146.45,2270.5,1042.86,3,Net Banking,5.0
ORD18008,2023-02-11,Arjun Kulkarni,Regular,Male,19,East,Jharkhand,Ranchi,Banquet/Event,Conference Hall,1,21246.06,0.2,16996.85,2662.45,1417.9,3,Net Banking,3.0
ORD27367,2024-06-24,Varun Singh,New,Female,51,South,Telangana,Warangal,Villa,2BHK Villa,2,58279.63,0.15,99075.37,18300.44,659.91,2,Credit Card,5.0
ORD31356,2024-05-10,Pooja Chopra,Regular,Male,24,East,Jharkhand,Ranchi,Deluxe Room,Pool View,4,4307.19,0.0,17228.76,3706.75,1563.78,0,UPI,3.0
ORD65509,2023-08-01,Anika Pillai,Premium,Male,21,North,Uttar Pradesh,Lucknow,Banquet/Event,Poolside Event,1,124302.35,0.2,99441.88,17245.69,1371.07,3,Net Banking,5.0
ORD66799,2024-10-15,Myra Iyer,New,Male,30,South,Karnataka,Bengaluru,Banquet/Event,Poolside Event,1,119062.22,0.05,113109.11,17124.19,802.32,0,Credit Card,2.0
ORD28040,2024-03-31,Neha Khan,Premium,Male,28,North,Haryana,Faridabad,Banquet/Event,Conference Hall,1,33888.8,0.05,32194.36,6306.78,1525.55,3,UPI,4.0
ORD68882,2023-12-25,Vivaan Das,Premium,Male,63,West,Rajasthan,Jaipur,Villa,1BHK Villa,1,39408.39,0.1,35467.55,9202.66,269.94,2,Wallet,5.0
ORD98622,2023-10-04,Kiara Singh,Premium,Male,35,West,Gujarat,Surat,Standard Room,AC,1,1976.88,0.05,1878.04,-77.88,1237.31,3,UPI,4.0
ORD77130,2024-02-06,Arjun Singh,Regular,Female,42,North,Delhi,New Delhi,Banquet/Event,Wedding Hall,1,73715.4,0.05,70029.63,16695.35,775.26,1,Net Banking,1.0
ORD50014,2024-12-27,Varun Agarwal,Regular,Male,46,North,Uttar Pradesh,Noida,Banquet/Event,Rooftop Party,1,41775.17,0.2,33420.14,11346.6,243.68,1,UPI,5.0
ORD57488,2023-03-08,Tanya Kulkarni,Premium,Male,32,West,Maharashtra,Pune,Deluxe Room,Pool View,1,5512.42,0.1,4961.18,500.81,1349.48,1,Wallet,4.0
ORD12445,2024-07-04,Isha Pillai,Regular,Male,59,North,Delhi,New Delhi,Suite,Presidential Suite,1,20271.24,0.05,19257.68,6687.68,1287.67,3,UPI,3.0
ORD31126,2023-09-30,Ananya Nair,Regular,Female,26,South,Telangana,Hyderabad,Banquet/Event,Poolside Event,1,140879.16,0.0,140879.16,26481.69,1640.6,3,Debit Card,4.0
ORD93793,2024-04-13,Vikram Iyer,New,Female,59,North,Uttar Pradesh,Lucknow,Villa,Hillside Villa,1,41057.35,0.0,41057.35,5392.27,1166.35,2,Wallet,3.0
ORD73463,2023-04-25,Kiara Mehta,New,Female,63,West,Maharashtra,Mumbai,Suite,Luxury Suite,2,23898.06,0.05,45406.31,9139.44,1872.21,1,Net Banking,1.0
ORD17638,2024-10-31,Simran Khan,Regular,Female,27,North,Haryana,Faridabad,Villa,Hillside Villa,1,54947.45,0.15,46705.33,4923.36,1623.43,1,Net Banking,4.0
ORD57189,2024-02-28,Kabir Pillai,Regular,Female,35,North,Delhi,New Delhi,Deluxe Room,City View,3,3554.83,0.0,10664.49,1964.41,217.0,1,Wallet,3.0
ORD28703,2023-07-12,Riya Bhatt,Regular,Female,60,South,Kerala,Thiruvananthapuram,Deluxe Room,Executive,1,6670.02,0.1,6003.02,2096.86,1034.88,3,Credit Card,4.0
ORD39961,2023-03-07,Aditya Sharma,New,Male,24,South,Telangana,Warangal,Villa,2BHK Villa,1,28331.23,0.05,26914.67,5916.04,1236.67,1,Debit Card,5.0
ORD62130,2023-08-22,Isha Khan,Premium,Male,46,South,Kerala,Kochi,Villa,1BHK Villa,2,22880.28,0.1,41184.5,3429.04,1495.29,3,UPI,4.0
ORD36733,2024-08-08,Pooja Malhotra,Regular,Female,64,North,Delhi,New Delhi,Villa,Pool Villa,2,24900.29,0.2,39840.46,9545.71,1100.47,1,Net Banking,1.0
ORD91898,2023-08-04,Arjun Singh,New,Male,48,West,Maharashtra,Pune,Standard Room,Twin Sharing,4,2273.5,0.0,9094.0,2317.5,200.77,0,Wallet,1.0
ORD19736,2024-03-01,Myra Malhotra,Premium,Female,23,East,Bihar,Patna,Villa,1BHK Villa,1,23312.44,0.15,19815.57,3935.26,1311.88,1,Credit Card,2.0
ORD64502,2024-06-25,Aryan Iyer,New,Male,51,North,Uttar Pradesh,Lucknow,Standard Room,Double,1,3858.34,0.2,3086.67,1077.42,1110.33,1,UPI,1.0
ORD80276,2024-04-28,Karan Agarwal,New,Male,28,East,West Bengal,Kolkata,Standard Room,Single,2,2426.04,0.05,4609.48,432.5,930.17,0,Credit Card,3.0
ORD43147,2023-11-26,Kavya Das,Regular,Male,38,East,Bihar,Patna,Banquet/Event,Small Meeting Room,1,73898.55,0.15,62813.77,9161.12,1728.96,1,Net Banking,2.0
ORD22467,2024-12-26,Vivaan Das,Regular,Male,22,South,Tamil Nadu,Coimbatore,Standard Room,AC,2,2557.64,0.1,4603.75,689.81,777.64,3,Net Banking,2.0
ORD25941,2023-06-09,Advait Nair,Regular,Female,32,West,Goa,Panaji,Suite,Luxury Suite,2,9777.26,0.15,16621.34,3711.71,1496.43,1,UPI,5.0
ORD90984,2023-05-07,Pooja Iyer,Regular,Female,43,North,Haryana,Gurugram,Suite,Presidential Suite,1,9709.72,0.1,8738.75,1976.4,1330.88,1,Net Banking,5.0
ORD14884,2024-06-13,Saanvi Bhatt,Regular,Female,57,East,West Bengal,Kolkata,Banquet/Event,Poolside Event,1,79237.55,0.15,67351.92,22999.93,555.49,3,Debit Card,3.0
ORD72775,2024-04-03,Ayaan Gupta,Regular,Male,24,South,Tamil Nadu,Chennai,Standard Room,Double,3,2998.27,0.05,8545.07,1801.87,772.33,2,Credit Card,1.0
ORD46139,2024-08-16,Priya Singh,Regular,Male,19,South,Karnataka,Bengaluru,Banquet/Event,Rooftop Party,1,124995.81,0.05,118746.02,40878.37,1904.16,2,Credit Card,5.0
ORD80095,2024-06-23,Aditya Kapoor,Premium,Female,28,East,Odisha,Bhubaneswar,Standard Room,Non-AC,4,3353.41,0.1,12072.28,1436.26,837.25,2,Wallet,3.0
ORD67552,2023-11-22,Tanya Rao,Premium,Female,39,North,Haryana,Faridabad,Villa,Hillside Villa,1,16599.44,0.15,14109.52,3054.69,1927.71,0,UPI,4.0
ORD92939,2023-08-17,Meera Kulkarni,Regular,Female,54,South,Karnataka,Mysuru,Deluxe Room,Pool View,1,5948.97,0.0,5948.97,590.02,1014.14,3,Credit Card,1.0
ORD30561,2023-11-28,Rahul Das,Regular,Female,38,East,Bihar,Patna,Suite,Junior Suite,2,23044.3,0.15,39175.31,9568.49,1328.15,1,UPI,3.0
ORD77545,2023-02-18,Vivaan Singh,New,Female,49,North,Punjab,Ludhiana,Banquet/Event,Rooftop Party,1,127895.04,0.1,115105.54,30380.92,1985.2,1,Net Banking,5.0
ORD57672,2024-06-14,Kabir Nair,Regular,Male,48,East,Odisha,Cuttack,Villa,1BHK Villa,2,24919.47,0.05,47346.99,9906.41,354.05,3,Wallet,4.0
ORD14851,2023-04-21,Neha Pillai,Regular,Female,45,East,West Bengal,Howrah,Standard Room,Non-AC,3,2285.16,0.2,5484.38,1035.54,984.33,0,Debit Card,1.0
ORD26914,2024-08-12,Advait Bhatt,Regular,Male,24,East,Jharkhand,Ranchi,Banquet/Event,Wedding Hall,1,51601.96,0.15,43861.67,4956.67,1525.64,0,Credit Card,5.0
ORD56631,2024-09-24,Karan Rao,Premium,Male,35,South,Karnataka,Mysuru,Deluxe Room,Executive,1,6859.8,0.15,5830.83,830.83,1011.67,0,Wallet,4.0
ORD40606,2024-11-29,Ishaan Das,New,Female,42,East,Odisha,Bhubaneswar,Villa,Hillside Villa,1,27292.2,0.2,21833.76,-548.03,914.75,2,Wallet,4.0
ORD89245,2023-02-03,Simran Gupta,Regular,Male,43,West,Rajasthan,Udaipur,Suite,Family Suite,2,20240.16,0.0,40480.32,9211.98,1588.32,2,Wallet,3.0
ORD57352,2024-07-01,Varun Das,New,Male,39,West,Rajasthan,Jaipur,Villa,Pool Villa,2,54927.8,0.05,104362.82,12336.15,841.95,2,Wallet,2.0
ORD27315,2024-05-17,Kabir Bhatt,Regular,Male,35,South,Tamil Nadu,Chennai,Suite,Presidential Suite,1,14613.61,0.1,13152.25,1788.36,684.38,0,Debit Card,2.0
ORD99691,2023-09-24,Zara Chopra,Premium,Male,58,East,West Bengal,Howrah,Banquet/Event,Conference Hall,1,135593.01,0.2,108474.41,30925.1,938.04,0,Credit Card,2.0
ORD82660,2024-01-15,Varun Sharma,Regular,Male,28,North,Haryana,Faridabad,Banquet/Event,Rooftop Party,1,129863.07,0.05,123369.92,20514.53,1734.74,3,Wallet,2.0
ORD68109,2024-05-10,Meera Joshi,Regular,Male,18,East,Jharkhand,Ranchi,Standard Room,Single,4,3366.05,0.15,11444.57,3387.3,1296.73,1,Wallet,3.0
ORD68954,2024-10-27,Vivaan Kapoor,Regular,Female,21,West,Goa,Panaji,Villa,Pool Villa,2,34997.24,0.2,55995.58,5547.35,1365.5,0,Debit Card,1.0
ORD65103,2023-02-12,Anika Khan,Regular,Male,63,North,Delhi,New Delhi,Suite,Family Suite,1,16593.09,0.15,14104.13,4240.52,1531.86,2,UPI,4.0
ORD97983,2023-05-17,Saanvi Singh,Regular,Male,23,South,Tamil Nadu,Coimbatore,Suite,Honeymoon Suite,2,18406.6,0.1,33131.88,3048.33,949.76,3,Net Banking,1.0
ORD68897,2024-10-21,Pooja Bhatt,Regular,Male,21,West,Maharashtra,Mumbai,Banquet/Event,Wedding Hall,1,116530.05,0.0,116530.05,11756.67,307.77,1,UPI,2.0
ORD44138,2024-02-19,Varun Verma,Regular,Female,65,West,Goa,Panaji,Suite,Junior Suite,2,12322.2,0.05,23412.18,6703.43,1737.71,1,UPI,4.0
ORD94866,2023-02-17,Ishaan Pillai,Premium,Male,24,West,Rajasthan,Udaipur,Standard Room,Non-AC,1,1985.42,0.1,1786.88,234.98,646.74,3,Wallet,4.0
ORD59559,2024-07-08,Isha Sharma,New,Male,40,East,Jharkhand,Jamshedpur,Standard Room,AC,1,3692.9,0.0,3692.9,1074.18,718.49,2,Credit Card,2.0
ORD37487,2024-06-14,Arjun Patel,Regular,Female,31,North,Punjab,Ludhiana,Villa,Beach Villa,1,50239.9,0.15,42703.92,10998.7,1997.85,1,Wallet,4.0
ORD21452,2024-09-24,Kabir Bhatt,Premium,Male,45,West,Rajasthan,Jaipur,Banquet/Event,Small Meeting Room,1,135455.66,0.05,128682.88,39561.14,1603.61,1,Wallet,2.0
ORD20295,2023-08-14,Meera Rao,Regular,Male,36,North,Uttar Pradesh,Noida,Suite,Presidential Suite,3,8123.69,0.2,19496.86,4109.35,1095.22,3,Credit Card,3.0
ORD71360,2024-11-21,Diya Nair,New,Female,53,East,Jharkhand,Jamshedpur,Standard Room,AC,5,2727.43,0.0,13637.15,4462.7,1085.82,2,Credit Card,2.0
ORD42335,2024-04-09,Kiara Nair,Regular,Female,35,South,Tamil Nadu,Coimbatore,Deluxe Room,Garden View,4,5137.9,0.2,16441.28,2699.27,716.35,0,Credit Card,1.0
ORD46341,2023-03-06,Nisha Rao,New,Male,36,South,Tamil Nadu,Chennai,Deluxe Room,Executive,3,5718.42,0.0,17155.26,4643.42,320.18,2,Credit Card,1.0
ORD35281,2023-01-29,Arjun Khan,Regular,Female,22,West,Rajasthan,Jaipur,Banquet/Event,Poolside Event,1,144508.24,0.1,130057.42,27334.57,1411.38,2,UPI,1.0
ORD35482,2023-06-23,Ananya Khan,Premium,Female,46,West,Gujarat,Surat,Standard Room,Twin Sharing,5,3842.36,0.2,15369.44,4117.39,904.82,0,Debit Card,5.0
ORD17559,2024-04-10,Isha Rao,Regular,Female,47,North,Punjab,Ludhiana,Deluxe Room,Pool View,2,4221.31,0.05,8020.49,1523.47,1081.07,2,UPI,2.0
ORD64201,2024-12-16,Kavya Khan,Premium,Male,50,South,Karnataka,Mysuru,Villa,Pool Villa,1,17087.03,0.15,14523.98,3653.3,1284.64,2,Net Banking,3.0
ORD22253,2024-04-20,Vihaan Kapoor,Premium,Female,33,West,Goa,Panaji,Standard Room,Non-AC,4,2419.03,0.15,8224.7,812.63,731.98,3,UPI,1.0
ORD50948,2023-09-26,Reyansh Das,Premium,Female,39,North,Haryana,Faridabad,Suite,Luxury Suite,3,12045.24,0.0,36135.72,3370.18,367.37,2,UPI,5.0
ORD99787,2024-02-13,Pooja Chopra,Regular,Male,28,West,Gujarat,Surat,Suite,Luxury Suite,3,9621.71,0.05,27421.87,3208.37,1394.32,1,Net Banking,2.0
ORD44537,2024-02-28,Aarav Nair,Regular,Male,48,North,Haryana,Faridabad,Villa,Beach Villa,2,27440.01,0.1,49392.02,15207.39,399.94,1,Credit Card,1.0
ORD51360,2023-04-10,Ayaan Sharma,Regular,Female,18,East,Jharkhand,Ranchi,Banquet/Event,Wedding Hall,1,105678.28,0.2,84542.62,15733.1,969.65,1,Net Banking,5.0
ORD37634,2024-11-06,Riya Das,New,Female,19,East,West Bengal,Kolkata,Deluxe Room,Pool View,4,7613.07,0.2,24361.82,6241.19,681.31,3,Credit Card,5.0
ORD65615,2024-05-07,Reyansh Iyer,New,Female,65,West,Rajasthan,Udaipur,Banquet/Event,Poolside Event,1,64911.1,0.2,51928.88,11404.06,1062.92,3,Wallet,1.0
ORD47889,2023-04-09,Nisha Kapoor,Regular,Female,59,North,Uttar Pradesh,Lucknow,Villa,Pool Villa,2,44116.53,0.05,83821.41,7295.16,1039.39,3,Credit Card,4.0
ORD12249,2024-09-16,Aarav Patel,Regular,Female,54,North,Uttar Pradesh,Noida,Standard Room,Twin Sharing,5,2016.04,0.15,8568.17,1541.82,972.14,3,Credit Card,5.0
ORD61381,2024-08-01,Kavya Das,Regular,Male,57,East,Odisha,Bhubaneswar,Banquet/Event,Wedding Hall,1,89035.58,0.2,71228.46,13384.4,960.37,0,Net Banking,5.0
ORD19725,2024-05-19,Rohan Nair,Regular,Female,19,East,Odisha,Cuttack,Suite,Junior Suite,3,18645.39,0.15,47545.74,9898.78,1033.38,2,Net Banking,1.0
ORD75229,2023-06-18,Diya Kapoor,Regular,Male,47,South,Karnataka,Mysuru,Standard Room,Non-AC,5,3159.26,0.2,12637.04,1523.03,294.64,3,Debit Card,3.0
ORD42643,2024-12-12,Reyansh Joshi,Premium,Male,61,East,Jharkhand,Ranchi,Suite,Honeymoon Suite,2,13930.42,0.15,23681.71,3845.59,607.76,3,UPI,3.0
ORD16827,2023-03-30,Sneha Malhotra,Premium,Female,57,West,Rajasthan,Jaipur,Suite,Presidential Suite,2,15487.68,0.05,29426.59,10046.48,1224.78,1,Net Banking,3.0
ORD93011,2024-10-21,Sneha Reddy,New,Female,48,South,Kerala,Kochi,Villa,1BHK Villa,2,45368.76,0.1,81663.77,25150.24,291.47,0,Debit Card,3.0
ORD25039,2023-09-04,Kabir Das,Regular,Male,46,West,Maharashtra,Pune,Suite,Family Suite,2,16655.38,0.1,29979.68,7965.98,1779.59,3,Net Banking,2.0
ORD83581,2024-08-01,Meera Singh,New,Female,52,South,Karnataka,Mysuru,Villa,2BHK Villa,1,46628.86,0.15,39634.53,13049.48,334.88,0,Net Banking,2.0
ORD36675,2023-02-05,Neha Pillai,Regular,Male,29,North,Delhi,New Delhi,Banquet/Event,Poolside Event,1,59049.78,0.2,47239.82,10383.74,811.25,1,UPI,2.0
ORD41030,2023-12-01,Aman Singh,New,Male,31,West,Maharashtra,Mumbai,Banquet/Event,Poolside Event,1,39455.66,0.1,35510.09,10879.93,682.56,3,UPI,5.0
ORD44428,2024-12-21,Rohan Mehta,Regular,Male,21,West,Rajasthan,Udaipur,Deluxe Room,City View,3,3637.02,0.0,10911.06,2329.72,1261.45,2,Net Banking,3.0
ORD88084,2024-04-08,Vivaan Khan,New,Male,54,South,Karnataka,Mysuru,Standard Room,Double,2,1893.65,0.05,3597.93,1080.58,761.82,3,UPI,1.0
ORD88456,2024-01-17,Vihaan Bhatt,Premium,Male,40,West,Goa,Panaji,Deluxe Room,City View,4,4921.89,0.1,17718.8,2299.04,1309.46,0,UPI,2.0
ORD91335,2024-10-03,Unknown,Regular,Female,61,North,Haryana,Faridabad,Suite,Junior Suite,1,21327.97,0.2,17062.38,3686.88,1424.81,3,UPI,5.0
ORD63863,2023-02-07,Vihaan Das,Regular,Female,32,West,Maharashtra,Pune,Standard Room,Single,1,3663.12,0.2,2930.5,751.65,1501.07,3,Net Banking,1.0
ORD19378,2024-06-24,Ishaan Mehta,Regular,Male,28,South,Karnataka,Bengaluru,Banquet/Event,Conference Hall,1,102645.93,0.1,92381.34,14905.59,1862.03,2,Debit Card,1.0
ORD74147,2024-03-16,Reyansh Kulkarni,Regular,Male,50,South,Tamil Nadu,Chennai,Villa,Hillside Villa,2,21568.39,0.1,38823.1,6446.13,1731.66,3,Credit Card,4.0
ORD87561,2024-07-20,Kiara Das,Premium,Male,25,East,Jharkhand,Ranchi,Suite,Junior Suite,2,16444.03,0.15,27954.85,3182.27,406.87,2,Wallet,2.0
ORD90465,2023-08-29,Isha Chopra,Regular,Female,47,West,Gujarat,Ahmedabad,Villa,Pool Villa,1,39265.85,0.2,31412.68,4640.96,919.35,3,Credit Card,1.0
ORD19116,2023-04-03,Arjun Joshi,Regular,Female,65,South,Kerala,Kochi,Standard Room,Single,3,1533.59,0.05,4370.73,645.61,393.72,2,Net Banking,4.0
ORD72289,2024-11-01,Tanya Gupta,Premium,Female,53,South,Telangana,Warangal,Banquet/Event,Wedding Hall,1,119013.49,0.05,113062.82,35992.86,1450.53,0,UPI,3.0
ORD41422,2023-03-03,Krishna Iyer,Premium,Female,31,West,Rajasthan,Udaipur,Villa,Pool Villa,2,41326.81,0.2,66122.9,7704.32,415.54,3,Wallet,3.0
ORD92578,2023-02-26,Isha Khan,Regular,Female,25,North,Haryana,Faridabad,Deluxe Room,Garden View,3,5999.27,0.1,16198.03,3961.81,908.99,2,Debit Card,4.0
ORD45583,2024-06-28,Krishna Verma,Premium,Male,40,South,Telangana,Hyderabad,Banquet/Event,Rooftop Party,1,96036.95,0.15,81631.41,6835.87,1638.87,0,Debit Card,5.0
ORD80793,2023-07-05,Isha Singh,New,Female,27,North,Haryana,Faridabad,Banquet/Event,Wedding Hall,1,20179.77,0.1,18161.79,1534.44,1850.07,3,Wallet,2.0
ORD26863,2024-05-26,Varun Reddy,Regular,Female,24,South,Karnataka,Mysuru,Deluxe Room,Business,2,7460.16,0.0,14920.32,3517.05,700.5,0,Wallet,2.0
ORD82769,2024-04-01,Aditya Rao,Regular,Female,45,South,Tamil Nadu,Coimbatore,Suite,Junior Suite,2,23110.63,0.0,46221.26,4137.41,1868.79,3,Wallet,5.0
ORD29393,2023-01-28,Anika Mehta,Premium,Female,49,East,Odisha,Cuttack,Deluxe Room,City View,4,4058.57,0.2,12987.42,1313.9,852.81,0,UPI,4.0
ORD21056,2023-09-18,Arjun Nair,New,Male,39,North,Uttar Pradesh,Noida,Banquet/Event,Conference Hall,1,52538.84,0.0,52538.84,11428.29,1947.28,0,Credit Card,3.0
ORD69607,2024-01-20,Nisha Bhatt,Regular,Female,44,North,Haryana,Faridabad,Suite,Honeymoon Suite,2,12867.88,0.1,23162.18,6354.84,1965.22,3,Net Banking,2.0
ORD54013,2023-11-24,Aryan Das,Regular,Female,37,North,Uttar Pradesh,Noida,Standard Room,Twin Sharing,1,3551.24,0.2,2840.99,657.32,1140.54,0,Net Banking,3.0
ORD19216,2023-12-21,Meera Kulkarni,Premium,Male,32,South,Telangana,Hyderabad,Villa,Pool Villa,1,50482.07,0.05,47957.97,8516.95,409.78,0,Net Banking,5.0
ORD57165,2023-09-05,Unknown,New,Female,49,East,Bihar,Patna,Villa,2BHK Villa,2,15544.77,0.0,31089.54,8657.78,406.58,3,Net Banking,4.0
ORD13653,2023-12-01,Ananya Mehta,Regular,Male,24,West,Maharashtra,Mumbai,Suite,Junior Suite,3,15920.26,0.0,47760.78,14374.57,853.46,1,Debit Card,4.0
ORD13234,2023-10-30,Krishna Joshi,New,Female,30,West,Maharashtra,Pune,Villa,Pool Villa,2,47983.35,0.05,91168.36,17644.72,1755.93,1,Credit Card,3.0
ORD83082,2024-08-29,Aditya Khan,New,Female,56,West,Maharashtra,Pune,Deluxe Room,Executive,1,5536.19,0.0,5536.19,1525.65,1808.06,2,Wallet,2.0
ORD98322,2024-06-22,Isha Rao,Premium,Female,64,North,Punjab,Amritsar,Deluxe Room,City View,4,7172.71,0.1,25821.76,6898.46,1751.17,1,Net Banking,4.0
ORD72185,2023-12-08,Aman Nair,New,Female,45,South,Telangana,Warangal,Deluxe Room,City View,2,5639.0,0.2,9022.4,2680.55,614.55,0,Net Banking,5.0
ORD66997,2023-08-20,Priya Singh,Premium,Male,55,North,Haryana,Gurugram,Banquet/Event,Rooftop Party,1,34529.22,0.0,34529.22,9715.28,1352.53,2,Wallet,2.0
ORD91766,2024-05-15,Isha Gupta,New,Female,18,South,Tamil Nadu,Coimbatore,Deluxe Room,Garden View,4,3740.3,0.2,11968.96,1682.68,853.09,1,Wallet,5.0
ORD10000,2024-12-20,Rahul Iyer,Premium,Male,53,South,Kerala,Kochi,Deluxe Room,Business,3,6847.02,0.0,20541.06,3209.48,960.94,2,Debit Card,2.0
ORD20563,2024-06-04,Aarav Kapoor,Premium,Female,24,East,Odisha,Cuttack,Villa,Beach Villa,2,58200.53,0.15,98940.9,30359.54,1260.21,2,Wallet,4.0
ORD93315,2024-02-19,Aman Kapoor,Regular,Female,21,South,Karnataka,Bengaluru,Deluxe Room,Business,1,5407.32,0.15,4596.22,-206.15,570.64,1,Net Banking,4.0
ORD16400,2023-01-20,Ananya Agarwal,Regular,Female,20,East,West Bengal,Howrah,Villa,Pool Villa,2,24579.57,0.1,44243.23,6306.58,1726.59,1,Debit Card,3.0
ORD63819,2023-05-02,Kiara Singh,Premium,Female,36,West,Gujarat,Surat,Standard Room,Double,1,2645.68,0.05,2513.4,409.49,1331.44,3,UPI,2.0
ORD92565,2023-10-02,Meera Joshi,Premium,Male,24,South,Karnataka,Mysuru,Standard Room,Non-AC,2,2365.21,0.15,4020.86,1013.62,1278.1,2,Credit Card,5.0
ORD63994,2023-02-15,Karan Nair,Regular,Male,57,East,West Bengal,Kolkata,Deluxe Room,City View,3,5862.25,0.0,17586.75,3626.19,662.69,1,UPI,1.0
ORD53091,2023-12-13,Myra Khan,Regular,Female,43,East,West Bengal,Howrah,Villa,Pool Villa,2,50866.14,0.2,81385.82,17796.44,528.59,3,Wallet,3.0
ORD61323,2024-08-23,Vivaan Verma,Regular,Female,47,East,West Bengal,Kolkata,Banquet/Event,Poolside Event,1,87540.61,0.2,70032.49,6067.51,1616.58,0,UPI,2.0
ORD28067,2024-06-28,Rohan Chopra,New,Female,65,West,Maharashtra,Pune,Deluxe Room,Garden View,2,4467.86,0.1,8042.15,2137.08,980.55,2,Credit Card,3.0
ORD82807,2024-05-07,Kabir Kulkarni,Premium,Female,53,South,Telangana,Hyderabad,Standard Room,Double,5,2685.92,0.15,11415.16,1165.83,978.17,3,Debit Card,5.0
ORD35695,2024-01-24,Pooja Chopra,New,Female,42,North,Uttar Pradesh,Lucknow,Standard Room,Single,1,1966.63,0.2,1573.3,491.64,312.3,2,Credit Card,2.0
ORD67168,2024-10-08,Ishaan Sharma,Regular,Female,25,East,Bihar,Patna,Suite,Honeymoon Suite,3,10202.86,0.15,26017.29,4595.62,1203.08,2,Debit Card,1.0
ORD97620,2024-05-09,Ananya Joshi,New,Female,32,West,Rajasthan,Udaipur,Deluxe Room,Executive,3,6545.95,0.2,15710.28,2400.54,1133.4,2,UPI,2.0
ORD79799,2023-07-16,Aryan Pillai,Premium,Female,33,West,Maharashtra,Pune,Banquet/Event,Wedding Hall,1,120464.13,0.15,102394.51,27010.54,1775.15,1,Wallet,2.0
ORD82736,2023-02-19,Vikram Verma,Premium,Female,46,South,Kerala,Thiruvananthapuram,Suite,Honeymoon Suite,2,20534.43,0.05,39015.42,6644.71,1570.51,0,Debit Card,1.0
ORD41013,2024-10-28,Anika Singh,Regular,Female,47,East,Odisha,Bhubaneswar,Suite,Family Suite,1,21601.66,0.1,19441.49,4857.76,326.13,1,Credit Card,2.0
ORD49231,2023-08-27,Rohan Pillai,Regular,Female,28,South,Karnataka,Mysuru,Standard Room,Single,2,3480.91,0.15,5917.55,562.35,781.67,0,Debit Card,2.0
ORD97264,2023-09-15,Vikram Kulkarni,Regular,Female,36,North,Haryana,Gurugram,Deluxe Room,Garden View,3,7796.56,0.05,22220.2,-876.48,1255.98,3,Credit Card,3.0
ORD17203,2024-05-24,Pari Verma,New,Male,58,East,West Bengal,Howrah,Suite,Presidential Suite,3,9814.5,0.05,27971.32,2597.22,478.25,0,UPI,5.0
ORD76142,2023-10-25,Isha Rao,Premium,Male,24,South,Kerala,Thiruvananthapuram,Suite,Family Suite,3,15065.02,0.15,38415.8,10098.35,1817.75,3,UPI,3.0
ORD99804,2024-01-13,Reyansh Verma,Regular,Female,33,North,Delhi,New Delhi,Banquet/Event,Poolside Event,1,71780.78,0.0,71780.78,11272.4,1550.07,2,Debit Card,3.0
ORD27589,2024-07-20,Meera Rao,Regular,Female,40,West,Rajasthan,Udaipur,Banquet/Event,Conference Hall,1,139899.77,0.15,118914.8,32083.75,945.93,0,Wallet,5.0
ORD21666,2024-06-05,Vikram Patel,Premium,Female,22,East,West Bengal,Kolkata,Banquet/Event,Small Meeting Room,1,82933.23,0.1,74639.91,12113.66,628.55,2,Credit Card,5.0
ORD85856,2024-12-11,Kabir Gupta,Regular,Female,50,East,Jharkhand,Ranchi,Standard Room,AC,2,3893.83,0.0,7787.66,1201.58,1200.55,1,Debit Card,4.0
ORD62332,2023-11-09,Ishaan Reddy,Premium,Female,32,East,Odisha,Bhubaneswar,Suite,Presidential Suite,2,23873.32,0.1,42971.98,14411.22,1436.96,1,UPI,4.0
ORD64800,2023-03-24,Kavya Chopra,New,Male,52,South,Kerala,Thiruvananthapuram,Suite,Honeymoon Suite,1,23783.18,0.05,22594.02,7902.56,430.6,3,Wallet,5.0
ORD30368,2023-04-13,Meera Kulkarni,New,Female,51,East,Bihar,Gaya,Villa,Pool Villa,1,16363.32,0.05,15545.15,3536.54,262.5,1,Credit Card,5.0
ORD49788,2023-12-11,Arjun Nair,Premium,Male,35,West,Gujarat,Ahmedabad,Standard Room,AC,3,3920.58,0.2,9409.39,246.41,1718.43,0,Net Banking,4.0
ORD32499,2024-10-05,Saanvi Chopra,Regular,Male,42,East,Jharkhand,Jamshedpur,Deluxe Room,Garden View,3,4757.8,0.0,14273.4,4357.21,1860.79,0,Credit Card,1.0
ORD92585,2023-09-29,Ananya Rao,New,Female,64,East,West Bengal,Howrah,Standard Room,Double,1,2008.0,0.1,1807.2,208.68,825.63,2,Wallet,2.0
ORD41642,2023-10-29,Simran Das,Regular,Female,52,East,Bihar,Patna,Villa,Hillside Villa,1,33859.18,0.05,32166.22,4412.8,1942.97,1,Wallet,3.0
ORD86976,2024-08-23,Kavya Joshi,Premium,Female,46,South,Telangana,Hyderabad,Banquet/Event,Poolside Event,1,125228.26,0.15,106444.02,31189.14,1346.33,1,Debit Card,3.0
ORD72132,2023-07-10,Dev Sharma,Regular,Male,41,North,Punjab,Amritsar,Deluxe Room,Pool View,4,7325.02,0.15,24905.07,8448.26,790.51,2,UPI,3.0
ORD46994,2024-04-01,Arjun Joshi,New,Female,22,South,Tamil Nadu,Coimbatore,Banquet/Event,Wedding Hall,1,46283.96,0.0,46283.96,4904.71,1503.63,0,Credit Card,4.0
ORD77792,2024-01-15,Kabir Pillai,Premium,Female,48,North,Haryana,Gurugram,Villa,1BHK Villa,2,58698.8,0.2,93918.08,8524.67,1092.28,1,Wallet,1.0
ORD99970,2023-08-21,Priya Malhotra,Premium,Male,21,South,Kerala,Kochi,Deluxe Room,Pool View,2,7143.52,0.2,11429.63,950.93,417.32,3,Wallet,3.0
ORD25886,2024-01-08,Ishaan Reddy,New,Female,45,East,Bihar,Gaya,Standard Room,Double,5,2606.07,0.1,11727.32,3756.72,1933.38,3,Wallet,1.0
ORD75017,2024-05-10,Pooja Das,Regular,Female,56,West,Gujarat,Surat,Suite,Presidential Suite,1,12223.32,0.15,10389.82,2440.55,1616.36,3,Credit Card,1.0
ORD13307,2023-07-08,Rohan Kulkarni,Premium,Female,19,South,Telangana,Warangal,Villa,2BHK Villa,1,38352.73,0.1,34517.46,3423.55,1524.7,3,Net Banking,3.0
ORD78849,2024-12-07,Zara Pillai,Regular,Female,36,North,Uttar Pradesh,Lucknow,Suite,Honeymoon Suite,3,14143.48,0.2,33944.35,183.65,1909.7,1,Net Banking,4.0
ORD59290,2023-07-27,Vivaan Iyer,Regular,Female,32,North,Haryana,Faridabad,Villa,1BHK Villa,1,30091.85,0.1,27082.67,4622.55,428.28,2,Wallet,5.0
ORD65826,2023-01-11,Aarav Rao,Regular,Female,52,West,Maharashtra,Pune,Banquet/Event,Small Meeting Room,1,104479.45,0.15,88807.53,30564.29,1019.84,2,Wallet,3.0
ORD67093,2023-01-02,Rohan Verma,Premium,Male,21,South,Tamil Nadu,Coimbatore,Suite,Luxury Suite,2,8794.23,0.05,16709.04,4212.75,1958.92,0,UPI,2.0
ORD69801,2024-01-05,Zara Kulkarni,Premium,Male,26,East,West Bengal,Howrah,Deluxe Room,Pool View,1,4001.97,0.0,4001.97,1322.56,1596.62,0,Wallet,4.0
ORD84438,2023-10-05,Kavya Verma,New,Female,32,North,Punjab,Amritsar,Deluxe Room,City View,1,7722.03,0.05,7335.93,2266.02,1283.93,1,Debit Card,5.0
ORD91187,2023-09-04,Reyansh Patel,Regular,Male,54,South,Telangana,Hyderabad,Villa,Hillside Villa,1,36409.23,0.15,30947.85,8341.14,1028.43,2,Net Banking,2.0
ORD85240,2023-11-17,Ayaan Joshi,Regular,Female,54,West,Rajasthan,Jaipur,Banquet/Event,Small Meeting Room,1,102137.36,0.2,81709.89,23059.82,1293.09,1,Debit Card,4.0
ORD80662,2024-12-23,Saanvi Pillai,Regular,Female,29,East,West Bengal,Howrah,Villa,Pool Villa,2,41051.63,0.1,73892.93,6918.15,1390.69,2,UPI,5.0
ORD28381,2023-01-15,Myra Gupta,Regular,Female,24,South,Karnataka,Mysuru,Deluxe Room,City View,3,4830.24,0.1,13041.65,4527.07,1280.67,0,UPI,3.0
ORD58409,2023-02-13,Dev Khan,Regular,Male,46,West,Goa,Panaji,Villa,Hillside Villa,2,50485.83,0.2,80777.33,15807.55,1892.46,2,Net Banking,3.0
ORD84432,2024-12-02,Saanvi Patel,Premium,Male,25,East,West Bengal,Howrah,Standard Room,AC,2,3203.32,0.15,5445.64,1441.37,1510.96,3,Wallet,3.0
ORD42479,2023-06-09,Kabir Reddy,Regular,Male,46,East,Odisha,Bhubaneswar,Villa,1BHK Villa,2,52632.29,0.15,89474.89,12356.91,1336.22,1,Wallet,1.0
ORD49546,2023-02-04,Ira Singh,Regular,Male,22,North,Uttar Pradesh,Lucknow,Suite,Junior Suite,2,14190.53,0.05,26962.01,5044.83,1878.78,0,Debit Card,3.0
ORD50461,2023-01-30,Kiara Rao,Premium,Female,21,East,Odisha,Cuttack,Deluxe Room,City View,1,7913.47,0.1,7122.12,2464.46,1624.51,2,Debit Card,5.0
ORD63589,2024-02-01,Pari Joshi,Regular,Male,55,South,Karnataka,Mysuru,Banquet/Event,Small Meeting Room,1,128749.41,0.1,115874.47,40117.82,1851.27,3,Credit Card,5.0
ORD73143,2023-01-01,Advait Kapoor,Regular,Female,48,North,Haryana,Faridabad,Deluxe Room,Executive,3,7181.0,0.1,19388.7,2958.24,916.44,1,Credit Card,3.0
ORD72430,2023-04-11,Pooja Patel,Premium,Female,37,West,Goa,Panaji,Villa,Hillside Villa,1,40685.69,0.05,38651.41,10894.67,1828.57,2,Debit Card,5.0
ORD61997,2024-11-21,Priya Chopra,Regular,Male,63,North,Punjab,Ludhiana,Banquet/Event,Wedding Hall,1,48633.68,0.0,48633.68,6616.27,1927.77,1,Net Banking,2.0
ORD48811,2024-12-26,Tanya Das,Premium,Male,65,North,Punjab,Ludhiana,Villa,Hillside Villa,1,40272.91,0.2,32218.33,10531.4,1186.9,1,Credit Card,5.0
ORD28361,2024-03-06,Neha Kapoor,Regular,Male,59,South,Tamil Nadu,Chennai,Standard Room,Single,5,1670.61,0.05,7935.4,1841.31,340.05,3,Net Banking,1.0
ORD38836,2023-10-22,Dev Patel,Regular,Female,29,South,Telangana,Hyderabad,Suite,Presidential Suite,3,10925.73,0.2,26221.75,5217.93,429.38,3,Credit Card,4.0
ORD85431,2023-12-30,Aryan Bhatt,Premium,Male,22,West,Gujarat,Surat,Banquet/Event,Wedding Hall,1,100640.09,0.2,80512.07,20166.16,1697.94,2,Credit Card,1.0
ORD11143,2024-02-22,Riya Das,Premium,Female,44,West,Rajasthan,Udaipur,Villa,1BHK Villa,2,31843.66,0.2,50949.86,16035.21,1237.16,0,UPI,2.0
ORD42258,2024-03-22,Neha Malhotra,New,Female,24,South,Karnataka,Bengaluru,Villa,Hillside Villa,2,33141.59,0.05,62969.02,8323.06,1472.04,0,Debit Card,5.0
ORD84659,2023-12-31,Diya Chopra,Regular,Female,41,South,Kerala,Kochi,Standard Room,Twin Sharing,4,3495.62,0.15,11885.11,3531.14,1355.93,1,Wallet,1.0
ORD95194,2024-10-24,Pari Chopra,Regular,Female,56,South,Telangana,Warangal,Deluxe Room,Pool View,3,4982.72,0.05,14200.75,1207.67,1969.61,1,Wallet,1.0
ORD76350,2023-09-22,Nisha Kapoor,Regular,Male,27,North,Uttar Pradesh,Lucknow,Standard Room,Twin Sharing,4,2058.86,0.1,7411.9,2191.22,801.59,3,UPI,4.0
ORD98346,2023-11-28,Saanvi Chopra,Regular,Male,53,West,Rajasthan,Jaipur,Deluxe Room,Pool View,2,5848.58,0.1,10527.44,1422.59,933.72,0,Net Banking,1.0
ORD60436,2023-03-17,Vivaan Bhatt,Regular,Male,34,South,Kerala,Kochi,Banquet/Event,Conference Hall,1,96869.76,0.2,77495.81,24120.63,1917.23,0,Wallet,1.0
ORD87126,2024-08-04,Anika Kulkarni,Regular,Female,55,East,Jharkhand,Jamshedpur,Standard Room,Non-AC,4,3288.38,0.05,12495.84,2428.45,543.09,1,UPI,4.0
ORD52002,2024-04-27,Varun Sharma,Regular,Male,21,North,Uttar Pradesh,Lucknow,Deluxe Room,Pool View,2,6297.87,0.1,11336.17,3671.19,685.76,0,UPI,1.0
ORD77259,2023-05-21,Reyansh Pillai,Regular,Female,23,West,Maharashtra,Pune,Deluxe Room,Business,4,6128.18,0.05,23287.08,3109.83,364.89,0,UPI,4.0
ORD32096,2023-10-10,Vihaan Reddy,Regular,Male,51,South,Karnataka,Mysuru,Standard Room,Non-AC,4,2924.83,0.2,9359.46,1708.61,1457.19,1,Debit Card,1.0
ORD83632,2023-04-23,Sneha Patel,New,Female,63,East,Odisha,Bhubaneswar,Deluxe Room,Garden View,1,3686.17,0.0,3686.17,695.39,1184.53,3,UPI,1.0
ORD28226,2023-09-11,Zara Rao,Regular,Male,43,East,Jharkhand,Jamshedpur,Villa,1BHK Villa,1,21014.13,0.2,16811.3,5528.44,1756.93,2,Credit Card,4.0
ORD12827,2023-07-16,Karan Mehta,Premium,Female,33,West,Gujarat,Ahmedabad,Standard Room,AC,3,2588.75,0.2,6213.0,647.06,1578.77,3,Net Banking,3.0
ORD52427,2023-08-30,Riya Chopra,Premium,Female,43,West,Rajasthan,Udaipur,Villa,1BHK Villa,1,54234.37,0.2,43387.5,13787.51,608.96,3,Debit Card,4.0
ORD13569,2023-11-15,Yash Kulkarni,Premium,Male,39,North,Haryana,Gurugram,Banquet/Event,Conference Hall,1,112434.25,0.2,89947.4,29676.96,913.16,3,Net Banking,1.0
ORD95400,2024-10-11,Neha Das,Regular,Male,44,South,Kerala,Kochi,Villa,2BHK Villa,2,31157.72,0.0,62315.44,15356.0,670.88,3,UPI,5.0
ORD31637,2023-12-04,Advait Pillai,Regular,Male,51,South,Karnataka,Mysuru,Banquet/Event,Rooftop Party,1,121798.16,0.15,103528.44,10167.27,1984.12,3,Net Banking,1.0
ORD25841,2024-01-08,Simran Reddy,New,Male,57,West,Gujarat,Surat,Deluxe Room,City View,4,3894.39,0.2,12462.05,1638.31,713.43,2,Wallet,3.0
ORD16977,2024-01-14,Aman Das,Regular,Male,38,East,Jharkhand,Jamshedpur,Banquet/Event,Conference Hall,1,133573.21,0.0,133573.21,20106.37,461.83,1,Debit Card,2.0
ORD75420,2024-03-02,Krishna Reddy,Regular,Female,59,West,Gujarat,Ahmedabad,Suite,Junior Suite,2,20559.31,0.2,32894.9,3210.34,1774.44,2,UPI,1.0
ORD23527,2023-08-03,Dev Reddy,Regular,Female,48,West,Rajasthan,Jaipur,Suite,Luxury Suite,2,22444.38,0.05,42644.32,3633.84,1712.63,1,Net Banking,5.0
ORD86595,2024-07-20,Yash Pillai,Premium,Male,32,North,Uttar Pradesh,Noida,Deluxe Room,Garden View,2,4317.55,0.2,6908.08,1569.37,592.81,1,Credit Card,1.0
ORD12716,2023-05-18,Tanya Mehta,Regular,Female,31,West,Maharashtra,Mumbai,Banquet/Event,Rooftop Party,1,24751.54,0.0,24751.54,7570.75,1344.68,2,UPI,1.0
ORD63553,2023-05-23,Varun Gupta,Premium,Male,65,North,Punjab,Ludhiana,Deluxe Room,Business,4,7057.89,0.05,26819.98,9189.65,1220.94,3,Net Banking,3.0
ORD71136,2023-08-14,Vikram Bhatt,Premium,Female,46,West,Gujarat,Ahmedabad,Standard Room,Twin Sharing,1,2456.28,0.2,1965.02,605.87,1252.21,1,UPI,1.0
ORD95529,2023-01-15,Riya Singh,Premium,Female,28,North,Punjab,Ludhiana,Standard Room,Twin Sharing,1,3684.95,0.0,3684.95,1033.71,201.4,0,Credit Card,2.0
ORD39561,2024-11-01,Diya Kulkarni,New,Male,51,East,Odisha,Cuttack,Villa,1BHK Villa,2,42833.77,0.0,85667.54,13979.4,258.9,2,Wallet,4.0
ORD13055,2023-10-14,Reyansh Iyer,Regular,Female,39,South,Kerala,Kochi,Standard Room,Double,2,2066.09,0.0,4132.18,1217.01,942.33,0,Credit Card,3.0
ORD31488,2023-08-16,Rohan Malhotra,New,Male,42,South,Karnataka,Mysuru,Villa,2BHK Villa,1,34496.31,0.1,31046.68,8778.8,374.36,3,Debit Card,5.0
ORD31169,2024-08-14,Aarav Iyer,Regular,Male,52,South,Tamil Nadu,Coimbatore,Villa,2BHK Villa,1,59891.68,0.05,56897.1,10037.35,1592.69,1,Net Banking,1.0
ORD82866,2023-09-15,Kabir Gupta,Premium,Female,42,South,Kerala,Thiruvananthapuram,Deluxe Room,Executive,2,5858.52,0.0,11717.04,1681.56,299.16,2,UPI,5.0
ORD79928,2024-06-27,Ananya Kapoor,New,Male,34,East,Bihar,Gaya,Suite,Junior Suite,3,8642.16,0.15,22037.51,7153.21,925.12,2,Wallet,3.0
ORD45548,2024-11-19,Pari Nair,Regular,Female,32,West,Maharashtra,Mumbai,Banquet/Event,Small Meeting Room,1,74566.26,0.05,70837.95,23722.94,556.68,0,Net Banking,3.0
ORD10175,2023-04-26,Unknown,Regular,Male,60,East,Odisha,Bhubaneswar,Suite,Family Suite,1,19684.22,0.15,16731.59,2447.0,339.33,3,Wallet,1.0
ORD76897,2024-02-13,Simran Kulkarni,Premium,Male,59,North,Haryana,Gurugram,Banquet/Event,Poolside Event,1,144635.55,0.0,144635.55,15289.34,1920.4,2,UPI,1.0
ORD63628,2023-06-19,Priya Sharma,Premium,Male,42,South,Kerala,Thiruvananthapuram,Standard Room,Twin Sharing,2,3266.43,0.2,5226.29,1067.82,343.67,0,Debit Card,3.0
ORD94332,2023-01-03,Tanya Joshi,Regular,Female,52,East,Bihar,Gaya,Banquet/Event,Poolside Event,1,89564.41,0.1,80607.97,26629.73,1981.98,0,Wallet,4.0
ORD55066,2023-08-30,Pari Sharma,Premium,Male,61,South,Telangana,Hyderabad,Standard Room,Twin Sharing,1,3314.87,0.05,3149.13,843.18,1711.35,2,Wallet,3.0
ORD42898,2024-02-22,Rahul Agarwal,Regular,Female,32,West,Gujarat,Surat,Standard Room,AC,2,1746.97,0.1,3144.55,762.98,932.57,3,UPI,4.0
ORD16952,2023-05-28,Krishna Pillai,Premium,Female,20,West,Maharashtra,Mumbai,Deluxe Room,Garden View,4,4702.48,0.05,17869.42,3444.25,779.74,2,Credit Card,3.0
ORD17310,2023-04-04,Saanvi Agarwal,Premium,Female,65,West,Rajasthan,Jaipur,Suite,Family Suite,1,13554.97,0.15,11521.72,1164.49,255.61,1,Net Banking,2.0
ORD15701,2024-11-29,Sneha Patel,Regular,Male,28,West,Maharashtra,Mumbai,Villa,Beach Villa,1,39512.01,0.0,39512.01,6605.58,1453.88,1,Wallet,4.0
ORD53897,2023-12-07,Simran Das,Regular,Female,56,South,Telangana,Warangal,Suite,Presidential Suite,3,20014.97,0.0,60044.91,18635.06,808.5,2,Net Banking,5.0
ORD48451,2024-11-15,Aman Reddy,Premium,Male,32,South,Tamil Nadu,Coimbatore,Suite,Presidential Suite,1,12485.32,0.2,9988.26,2731.81,1731.07,3,Credit Card,1.0
ORD28093,2023-12-24,Priya Mehta,Premium,Female,35,North,Uttar Pradesh,Noida,Standard Room,Non-AC,3,3873.08,0.1,10457.32,3277.2,379.27,2,Net Banking,3.0
ORD82979,2023-09-06,Saanvi Sharma,New,Male,53,North,Delhi,New Delhi,Banquet/Event,Poolside Event,1,117772.95,0.2,94218.36,14664.88,1315.84,2,UPI,3.0
ORD45750,2024-03-21,Priya Rao,Regular,Male,43,South,Tamil Nadu,Chennai,Deluxe Room,City View,2,7553.49,0.0,15106.98,236.98,1088.86,3,Wallet,1.0
ORD72694,2024-09-24,Neha Verma,Regular,Female,26,South,Telangana,Warangal,Suite,Luxury Suite,3,14540.89,0.05,41441.54,9704.77,520.48,0,Wallet,3.0
ORD44306,2023-11-23,Advait Singh,Regular,Male,24,North,Punjab,Ludhiana,Villa,Beach Villa,2,40272.32,0.2,64435.71,5859.74,1991.03,2,Debit Card,2.0
ORD66361,2024-06-03,Simran Pillai,Premium,Female,29,East,Odisha,Bhubaneswar,Banquet/Event,Conference Hall,1,72191.47,0.1,64972.32,20528.82,940.47,1,UPI,5.0
ORD59291,2023-11-26,Ananya Das,Regular,Female,63,South,Tamil Nadu,Coimbatore,Villa,1BHK Villa,1,55983.04,0.1,50384.74,16571.46,1282.85,0,UPI,5.0
ORD34369,2024-05-04,Vikram Agarwal,Premium,Male,29,North,Delhi,New Delhi,Suite,Junior Suite,1,21609.67,0.05,20529.19,4708.97,935.18,0,Debit Card,2.0
ORD53996,2023-11-27,Saanvi Kapoor,Regular,Female,30,South,Tamil Nadu,Coimbatore,Deluxe Room,Pool View,4,4285.91,0.05,16286.46,3716.47,669.04,2,Debit Card,1.0
ORD40867,2023-10-21,Priya Sharma,Regular,Male,30,South,Kerala,Thiruvananthapuram,Deluxe Room,City View,1,7977.69,0.0,7977.69,1558.89,764.24,1,Net Banking,3.0
ORD45993,2023-07-02,Reyansh Reddy,Premium,Female,51,East,West Bengal,Kolkata,Suite,Family Suite,2,13663.34,0.0,27326.68,2562.14,1101.13,1,Net Banking,4.0
ORD33737,2023-04-19,Ayaan Verma,Regular,Male,24,North,Haryana,Gurugram,Deluxe Room,Executive,4,4980.01,0.15,16932.03,2976.33,564.28,2,Net Banking,2.0
ORD33789,2023-11-22,Rohan Kapoor,Premium,Female,59,West,Maharashtra,Mumbai,Deluxe Room,Executive,2,7284.34,0.05,13840.25,1114.6,1552.72,0,Credit Card,3.0
ORD47768,2024-10-19,Nisha Gupta,Regular,Female,18,West,Goa,Panaji,Deluxe Room,Executive,3,6011.73,0.05,17133.43,3288.08,1751.87,0,Credit Card,3.0
ORD30980,2023-03-24,Pari Chopra,Regular,Male,57,East,Odisha,Cuttack,Banquet/Event,Small Meeting Room,1,55109.18,0.1,49598.26,6216.76,1588.79,0,UPI,4.0
ORD89877,2024-07-28,Diya Rao,Regular,Female,43,East,West Bengal,Howrah,Suite,Presidential Suite,3,18513.69,0.0,55541.07,9233.87,834.76,1,Net Banking,5.0
ORD83579,2024-04-26,Aarav Rao,Regular,Male,31,West,Maharashtra,Mumbai,Villa,Pool Villa,1,54062.85,0.1,48656.57,14717.04,437.45,3,Credit Card,3.0
ORD52964,2024-05-20,Kiara Nair,Regular,Male,60,North,Punjab,Ludhiana,Banquet/Event,Poolside Event,1,61138.37,0.0,61138.37,5860.45,270.15,3,Wallet,5.0
ORD96828,2024-11-18,Ira Rao,New,Male,20,North,Haryana,Gurugram,Villa,Hillside Villa,2,51537.79,0.0,103075.58,14591.66,884.87,0,Debit Card,2.0
ORD35803,2024-09-01,Rohan Sharma,New,Female,37,South,Tamil Nadu,Coimbatore,Deluxe Room,Pool View,3,7161.07,0.05,20409.05,5067.26,981.62,1,Credit Card,5.0
ORD39936,2024-07-02,Aryan Kulkarni,Premium,Male,56,East,Jharkhand,Jamshedpur,Standard Room,Double,3,2269.01,0.0,6807.03,1301.29,700.76,0,Debit Card,2.0
ORD89645,2023-06-05,Meera Mehta,Regular,Female,63,South,Kerala,Thiruvananthapuram,Villa,Hillside Villa,2,17770.04,0.05,33763.08,10296.68,1428.19,3,Credit Card,4.0
ORD37776,2024-04-13,Krishna Malhotra,Premium,Male,56,North,Punjab,Ludhiana,Standard Room,Twin Sharing,4,2789.76,0.0,11159.04,2601.97,203.69,1,Wallet,3.0
ORD57195,2023-03-20,Tanya Joshi,Regular,Female,27,South,Karnataka,Mysuru,Suite,Honeymoon Suite,2,11023.55,0.2,17637.68,2802.79,1800.19,2,Net Banking,5.0
ORD91111,2024-06-10,Sneha Bhatt,Premium,Female,45,North,Uttar Pradesh,Noida,Villa,Pool Villa,2,19432.91,0.0,38865.82,4021.52,1946.76,2,UPI,5.0
ORD87658,2024-07-28,Myra Mehta,Premium,Female,52,North,Punjab,Amritsar,Villa,Beach Villa,1,57602.74,0.15,48962.33,10176.56,1865.25,3,UPI,4.0
ORD98250,2024-08-15,Dev Agarwal,Regular,Female,24,South,Karnataka,Bengaluru,Suite,Honeymoon Suite,1,10237.9,0.05,9726.0,3125.73,729.87,1,Debit Card,4.0
ORD10099,2023-05-25,Aryan Kapoor,Regular,Male,23,North,Punjab,Ludhiana,Suite,Family Suite,2,23376.8,0.05,44415.92,13102.14,1691.05,2,UPI,1.0
ORD58486,2023-11-12,Unknown,Regular,Male,26,South,Karnataka,Mysuru,Banquet/Event,Conference Hall,1,130537.6,0.15,110956.96,31710.88,933.78,3,Credit Card,4.0
ORD84032,2024-10-17,Rohan Rao,Premium,Male,39,West,Rajasthan,Udaipur,Banquet/Event,Conference Hall,1,144753.07,0.05,137515.42,15826.44,1337.36,3,Net Banking,1.0
ORD43491,2023-12-03,Neha Joshi,Premium,Female,47,North,Haryana,Gurugram,Deluxe Room,Garden View,1,6476.54,0.0,6476.54,1033.8,1017.39,3,Debit Card,4.0
ORD66787,2023-08-01,Rohan Kulkarni,Regular,Male,31,North,Uttar Pradesh,Lucknow,Villa,Beach Villa,1,59912.11,0.0,59912.11,17952.42,1579.02,2,Credit Card,2.0
ORD27011,2023-01-02,Sneha Malhotra,Regular,Female,35,South,Tamil Nadu,Chennai,Villa,1BHK Villa,1,59246.51,0.15,50359.53,13270.89,1921.18,1,Wallet,2.0
ORD91984,2023-08-13,Ananya Joshi,Regular,Male,41,North,Delhi,New Delhi,Banquet/Event,Rooftop Party,1,149331.58,0.15,126931.84,25780.94,346.22,2,Net Banking,3.0
ORD73660,2023-02-28,Aditya Gupta,New,Male,43,North,Uttar Pradesh,Noida,Villa,Hillside Villa,2,29649.04,0.2,47438.46,9624.8,721.0,2,Wallet,4.0
ORD77059,2023-07-14,Kabir Mehta,Premium,Female,19,South,Tamil Nadu,Coimbatore,Standard Room,AC,3,3599.33,0.15,9178.29,1758.58,742.74,2,Debit Card,2.0
ORD74194,2024-07-23,Vihaan Rao,Premium,Male,28,East,Bihar,Patna,Standard Room,Twin Sharing,1,3498.27,0.2,2798.62,652.29,1735.98,3,UPI,1.0
ORD49559,2023-12-17,Myra Singh,New,Male,60,East,Jharkhand,Jamshedpur,Deluxe Room,Business,2,6620.9,0.1,11917.62,2640.14,1318.92,2,Net Banking,3.0
ORD67300,2023-04-10,Krishna Sharma,Premium,Female,25,East,West Bengal,Howrah,Standard Room,Double,2,2867.21,0.05,5447.7,-110.86,1769.89,3,Wallet,1.0
ORD75601,2023-02-13,Ishaan Iyer,Regular,Female,39,South,Tamil Nadu,Coimbatore,Standard Room,AC,3,3250.68,0.15,8289.23,2270.14,559.15,3,UPI,1.0
ORD33698,2024-04-02,Ananya Nair,New,Female,23,North,Delhi,New Delhi,Banquet/Event,Rooftop Party,1,20830.76,0.0,20830.76,3456.97,1905.29,1,Wallet,4.0
ORD62311,2023-04-27,Ishaan Kapoor,Premium,Male,57,West,Rajasthan,Udaipur,Banquet/Event,Small Meeting Room,1,80888.79,0.1,72799.91,17689.54,1515.53,0,UPI,2.0
ORD14671,2023-04-12,Tanya Verma,New,Male,28,South,Kerala,Kochi,Standard Room,Twin Sharing,5,2196.91,0.2,8787.64,1701.89,229.92,1,Credit Card,5.0
ORD71383,2023-04-11,Krishna Pillai,Premium,Male,52,East,Bihar,Patna,Deluxe Room,Executive,4,6887.1,0.15,23416.14,5478.45,760.5,1,UPI,2.0
ORD47963,2023-08-14,Aarav Agarwal,Regular,Male,65,South,Telangana,Warangal,Banquet/Event,Rooftop Party,1,50268.16,0.0,50268.16,10599.8,727.1,3,Wallet,5.0
ORD87861,2024-03-20,Vikram Reddy,New,Female,33,North,Haryana,Faridabad,Banquet/Event,Wedding Hall,1,45469.64,0.15,38649.19,10527.67,512.37,3,Credit Card,2.0
ORD61177,2024-07-12,Pari Gupta,Regular,Male,40,West,Rajasthan,Jaipur,Villa,1BHK Villa,2,38668.49,0.15,65736.43,15711.59,508.48,3,Debit Card,1.0
ORD36380,2024-03-09,Arjun Chopra,Regular,Female,22,South,Telangana,Warangal,Villa,2BHK Villa,1,15572.05,0.2,12457.64,2081.5,1173.1,1,Wallet,2.0
ORD90927,2024-12-19,Meera Singh,Regular,Female,32,North,Haryana,Faridabad,Standard Room,AC,5,2358.57,0.15,10023.92,3247.92,983.43,0,UPI,5.0
ORD84415,2023-09-13,Diya Singh,Regular,Female,18,South,Karnataka,Bengaluru,Banquet/Event,Small Meeting Room,1,75655.52,0.1,68089.97,13624.31,679.02,0,UPI,3.0
ORD38772,2023-11-02,Ira Verma,Premium,Male,57,North,Punjab,Ludhiana,Standard Room,Double,5,2820.38,0.15,11986.62,2004.8,657.94,1,UPI,3.0
ORD29225,2023-06-27,Priya Pillai,Regular,Male,33,South,Kerala,Kochi,Suite,Junior Suite,2,23037.51,0.1,41467.52,11480.5,1518.0,3,Wallet,5.0
ORD41059,2023-01-01,Advait Pillai,New,Male,19,East,West Bengal,Howrah,Banquet/Event,Small Meeting Room,1,49379.97,0.05,46910.97,16039.68,1424.56,1,UPI,5.0
ORD93674,2023-11-19,Sneha Khan,Regular,Male,45,East,Jharkhand,Jamshedpur,Suite,Presidential Suite,2,10780.95,0.1,19405.71,4785.54,1514.91,3,Credit Card,2.0
ORD73705,2024-07-28,Rahul Reddy,New,Female,44,North,Punjab,Ludhiana,Villa,Hillside Villa,1,32158.0,0.05,30550.1,3922.1,753.78,3,UPI,5.0
ORD87982,2024-07-06,Diya Reddy,Premium,Male,26,South,Telangana,Hyderabad,Villa,Beach Villa,1,46169.4,0.1,41552.46,10909.26,892.84,1,UPI,3.0
ORD20344,2024-03-10,Kiara Verma,Regular,Female,42,South,Tamil Nadu,Chennai,Villa,Beach Villa,2,47657.79,0.2,76252.46,8003.09,1011.25,2,Net Banking,1.0
ORD11525,2024-05-31,Kabir Kulkarni,New,Male,61,North,Punjab,Ludhiana,Standard Room,Double,5,2005.47,0.1,9024.61,3049.16,1780.0,0,Net Banking,1.0
ORD50810,2024-08-15,Kavya Sharma,Regular,Male,49,North,Delhi,New Delhi,Suite,Luxury Suite,3,18716.54,0.1,50534.66,12656.38,1274.5,1,Debit Card,2.0
ORD94339,2023-06-04,Vikram Bhatt,Regular,Female,64,South,Telangana,Hyderabad,Standard Room,Non-AC,5,3054.7,0.2,12218.8,2249.38,1767.34,2,UPI,3.0
ORD23394,2023-02-01,Ayaan Chopra,New,Female,63,West,Gujarat,Ahmedabad,Standard Room,Twin Sharing,3,2235.63,0.05,6371.55,907.01,849.9,0,Debit Card,2.0
ORD62141,2024-03-11,Neha Sharma,Regular,Male,19,South,Kerala,Kochi,Villa,Pool Villa,1,26813.91,0.0,26813.91,6868.92,1010.91,3,Debit Card,2.0
ORD24009,2024-08-01,Varun Khan,Premium,Female,29,South,Kerala,Thiruvananthapuram,Deluxe Room,City View,3,6189.5,0.05,17640.08,5499.93,543.79,3,UPI,3.0
ORD83564,2024-12-14,Ananya Chopra,Premium,Male,33,North,Uttar Pradesh,Lucknow,Standard Room,AC,5,3673.6,0.1,16531.2,5456.75,1211.07,1,UPI,1.0
ORD43725,2024-07-03,Ananya Patel,Regular,Male,31,North,Punjab,Ludhiana,Villa,Beach Villa,1,43845.57,0.0,43845.57,12510.57,354.25,3,Net Banking,5.0
ORD60016,2023-10-19,Arjun Pillai,New,Male,58,North,Haryana,Gurugram,Suite,Family Suite,3,23279.6,0.0,69838.8,23067.27,1713.55,1,Credit Card,4.0
ORD14775,2023-05-09,Aryan Gupta,Regular,Female,27,East,West Bengal,Howrah,Suite,Junior Suite,2,13679.49,0.1,24623.08,6546.03,379.51,3,Wallet,4.0
ORD24829,2023-05-11,Reyansh Patel,Regular,Male,41,East,Bihar,Patna,Standard Room,AC,1,2504.15,0.15,2128.53,594.24,1952.39,2,Debit Card,3.0
ORD47312,2024-01-31,Riya Joshi,New,Female,49,East,Bihar,Patna,Suite,Honeymoon Suite,1,20274.79,0.0,20274.79,2238.31,828.53,0,Wallet,4.0
ORD79030,2023-09-21,Myra Bhatt,Premium,Female,45,East,West Bengal,Kolkata,Deluxe Room,Executive,4,4595.67,0.2,14706.14,3838.49,1007.35,2,Net Banking,5.0
ORD56412,2024-03-03,Kavya Sharma,Regular,Male,28,West,Gujarat,Surat,Deluxe Room,City View,1,3845.32,0.15,3268.52,506.42,672.46,2,Debit Card,2.0
ORD14702,2024-11-15,Meera Verma,Regular,Male,47,North,Delhi,New Delhi,Banquet/Event,Wedding Hall,1,114864.31,0.0,114864.31,34057.83,1757.35,0,Net Banking,5.0
ORD12189,2023-08-26,Karan Malhotra,Regular,Female,48,North,Delhi,New Delhi,Standard Room,Twin Sharing,2,3653.57,0.15,6211.07,1359.04,1034.97,2,Net Banking,5.0
ORD89783,2024-11-02,Ira Rao,Premium,Female,22,West,Gujarat,Surat,Suite,Junior Suite,3,15694.86,0.15,40021.89,7984.96,1123.19,2,Credit Card,5.0
ORD88968,2023-04-30,Varun Reddy,Premium,Male,39,South,Telangana,Warangal,Banquet/Event,Poolside Event,1,79569.18,0.1,71612.26,13257.91,668.55,1,Net Banking,1.0
ORD37875,2023-06-01,Aditya Kulkarni,Regular,Female,24,East,Bihar,Gaya,Deluxe Room,City View,1,6068.38,0.05,5764.96,1074.64,892.15,2,Credit Card,3.0
ORD41836,2023-10-02,Ayaan Malhotra,Regular,Male,57,East,West Bengal,Kolkata,Villa,2BHK Villa,2,55350.93,0.15,94096.58,27840.03,1131.75,0,Wallet,3.0
ORD67387,2023-02-25,Pooja Malhotra,Regular,Female,36,West,Goa,Panaji,Standard Room,AC,4,3136.19,0.1,11290.28,1913.13,1768.99,3,Net Banking,1.0
ORD80114,2024-10-25,Simran Pillai,Premium,Male,53,South,Tamil Nadu,Coimbatore,Standard Room,Double,4,1931.78,0.2,6181.7,1616.69,1841.85,0,UPI,1.0
ORD96041,2023-08-03,Priya Bhatt,Regular,Male,45,North,Delhi,New Delhi,Suite,Honeymoon Suite,1,15517.61,0.05,14741.73,2398.87,1446.13,2,Wallet,5.0
ORD79828,2023-03-20,Myra Khan,Regular,Female,27,East,Jharkhand,Jamshedpur,Standard Room,Non-AC,3,3654.03,0.15,9317.78,2176.92,1643.74,0,Wallet,1.0
ORD77464,2023-06-07,Kiara Mehta,New,Female,49,West,Rajasthan,Udaipur,Suite,Honeymoon Suite,3,23960.22,0.1,64692.59,5788.0,620.71,2,UPI,3.0
ORD39158,2024-07-20,Kavya Kulkarni,Regular,Female,34,West,Goa,Panaji,Villa,2BHK Villa,2,17615.15,0.15,29945.76,4145.16,281.48,2,Debit Card,2.0
ORD20688,2024-01-28,Karan Chopra,Premium,Female,53,East,Jharkhand,Jamshedpur,Deluxe Room,Pool View,2,5339.66,0.15,9077.42,2528.88,1942.52,1,Net Banking,2.0
ORD12223,2024-05-29,Priya Patel,Regular,Female,60,West,Goa,Panaji,Standard Room,Single,5,2029.65,0.15,8626.01,1012.39,284.52,2,UPI,4.0
ORD35868,2024-10-27,Sneha Rao,Regular,Female,22,South,Tamil Nadu,Coimbatore,Villa,1BHK Villa,2,27781.26,0.05,52784.39,6976.95,1980.96,1,Debit Card,4.0
ORD18938,2023-10-07,Dev Khan,Premium,Female,63,North,Uttar Pradesh,Noida,Deluxe Room,Garden View,2,6868.31,0.2,10989.3,2395.8,1029.77,3,Net Banking,3.0
ORD91229,2023-04-26,Vikram Singh,Regular,Female,42,West,Gujarat,Ahmedabad,Villa,Hillside Villa,1,44197.83,0.05,41987.94,3509.76,1221.86,3,Wallet,3.0
ORD86532,2024-01-27,Varun Khan,Regular,Female,60,South,Kerala,Thiruvananthapuram,Standard Room,Twin Sharing,3,1842.92,0.1,4975.88,1525.56,323.47,1,UPI,3.0
ORD14765,2024-07-09,Ananya Khan,New,Male,59,West,Goa,Panaji,Suite,Junior Suite,1,16432.64,0.15,13967.74,4276.77,1481.79,1,Net Banking,2.0
ORD46862,2023-05-26,Nisha Patel,Regular,Male,54,South,Karnataka,Mysuru,Banquet/Event,Small Meeting Room,1,84348.54,0.1,75913.69,6351.89,1476.62,2,Wallet,2.0
ORD77511,2024-02-07,Reyansh Bhatt,Regular,Female,41,North,Punjab,Amritsar,Deluxe Room,City View,4,4111.59,0.15,13979.41,1727.02,536.98,3,Debit Card,4.0
ORD43813,2023-02-11,Pooja Bhatt,Regular,Female,23,West,Maharashtra,Pune,Banquet/Event,Small Meeting Room,1,135440.77,0.1,121896.69,31147.22,1193.77,2,Wallet,3.0
ORD47145,2023-06-11,Ira Reddy,Premium,Female,63,South,Karnataka,Mysuru,Banquet/Event,Small Meeting Room,1,139856.47,0.2,111885.18,10674.09,222.51,3,Net Banking,3.0
ORD90735,2023-04-08,Simran Khan,New,Male,36,South,Telangana,Hyderabad,Banquet/Event,Wedding Hall,1,106270.43,0.1,95643.39,19724.91,969.99,3,UPI,2.0
ORD90080,2023-04-24,Advait Kulkarni,Premium,Female,40,West,Gujarat,Ahmedabad,Standard Room,Twin Sharing,2,1746.03,0.0,3492.06,956.96,537.47,1,Credit Card,5.0
ORD44691,2024-11-19,Varun Kulkarni,Regular,Female,44,East,Odisha,Cuttack,Deluxe Room,Garden View,2,6871.19,0.1,12368.14,1635.03,251.62,0,UPI,3.0
ORD99246,2024-04-12,Diya Gupta,Premium,Female,63,East,West Bengal,Howrah,Standard Room,Double,4,2778.29,0.15,9446.19,2865.83,1458.73,1,UPI,4.0
ORD87788,2023-02-27,Anika Bhatt,Regular,Female,39,South,Kerala,Kochi,Deluxe Room,Business,3,3863.11,0.2,9271.46,2603.74,733.54,3,Net Banking,1.0
ORD21841,2023-08-05,Aman Iyer,Regular,Female,59,West,Rajasthan,Jaipur,Villa,2BHK Villa,1,42901.15,0.05,40756.09,8768.0,1848.92,2,Debit Card,3.0
ORD34025,2023-12-19,Kiara Kapoor,Regular,Female,27,East,Bihar,Patna,Villa,Hillside Villa,2,42290.34,0.2,67664.54,16140.64,923.74,0,Credit Card,4.0
ORD74004,2024-02-05,Anika Sharma,Regular,Female,37,South,Telangana,Hyderabad,Banquet/Event,Wedding Hall,1,20427.92,0.1,18385.13,5906.79,1678.15,2,Net Banking,1.0
ORD13236,2023-01-03,Varun Pillai,Regular,Female,32,North,Haryana,Gurugram,Banquet/Event,Conference Hall,1,98358.95,0.0,98358.95,10677.49,908.22,2,Wallet,1.0
ORD25822,2024-10-25,Vihaan Patel,Regular,Male,60,North,Punjab,Ludhiana,Banquet/Event,Conference Hall,1,113768.89,0.1,102392.0,14361.71,669.61,0,Net Banking,1.0
ORD34105,2024-06-17,Simran Chopra,Regular,Female,64,South,Tamil Nadu,Chennai,Standard Room,Single,3,3907.88,0.05,11137.46,2595.62,1241.84,1,Debit Card,4.0
ORD57065,2023-12-30,Ira Kapoor,Premium,Female,21,West,Maharashtra,Mumbai,Suite,Presidential Suite,3,24054.83,0.1,64948.04,5992.74,643.9,2,Credit Card,1.0
ORD74692,2023-06-13,Unknown,Regular,Male,43,North,Delhi,New Delhi,Deluxe Room,City View,2,3617.08,0.2,5787.33,1852.75,1411.05,2,Wallet,4.0
ORD61348,2023-08-09,Ishaan Bhatt,Regular,Male,26,East,Bihar,Patna,Suite,Honeymoon Suite,2,18554.98,0.0,37109.96,5052.59,1199.25,3,Credit Card,2.0
ORD26544,2024-11-15,Aditya Singh,Regular,Male,39,North,Delhi,New Delhi,Banquet/Event,Conference Hall,1,56969.76,0.1,51272.78,7482.26,360.34,3,Debit Card,5.0
ORD97155,2023-09-06,Anika Reddy,Premium,Female,29,South,Telangana,Warangal,Villa,Beach Villa,2,57237.49,0.2,91579.98,14571.53,1672.15,2,UPI,5.0
ORD69304,2023-03-29,Advait Bhatt,Premium,Female,24,East,Odisha,Bhubaneswar,Suite,Luxury Suite,1,14042.87,0.0,14042.87,3027.46,1666.05,3,UPI,1.0
ORD40168,2023-10-27,Dev Reddy,Premium,Male,36,West,Gujarat,Surat,Banquet/Event,Wedding Hall,1,74198.43,0.15,63068.67,7034.82,360.63,2,Net Banking,2.0
ORD79889,2023-05-08,Aditya Das,Regular,Female,62,South,Tamil Nadu,Chennai,Deluxe Room,Executive,1,4893.31,0.2,3914.65,1339.32,1687.02,1,Debit Card,5.0
ORD86440,2024-04-20,Riya Singh,Premium,Male,32,East,Jharkhand,Jamshedpur,Banquet/Event,Wedding Hall,1,74580.86,0.15,63393.73,20619.47,1427.97,3,UPI,2.0
ORD34696,2023-10-06,Krishna Kulkarni,New,Male,25,South,Tamil Nadu,Coimbatore,Banquet/Event,Rooftop Party,1,38854.21,0.05,36911.5,7182.93,287.9,1,UPI,3.0
ORD22092,2024-09-29,Vihaan Malhotra,New,Female,33,South,Kerala,Thiruvananthapuram,Banquet/Event,Rooftop Party,1,83819.52,0.0,83819.52,-583.31,619.19,0,Wallet,2.0
ORD92891,2024-07-03,Zara Rao,Premium,Male,31,South,Kerala,Thiruvananthapuram,Standard Room,Non-AC,2,2971.36,0.15,5051.31,1272.56,720.71,3,UPI,5.0
ORD49176,2023-04-02,Yash Patel,Premium,Male,54,West,Maharashtra,Pune,Villa,Beach Villa,2,41942.14,0.05,79690.07,8193.53,446.6,3,Net Banking,5.0
ORD62308,2023-04-23,Zara Chopra,Regular,Female,21,South,Kerala,Kochi,Standard Room,Single,1,2664.61,0.1,2398.15,730.7,1198.61,3,Net Banking,4.0
ORD15100,2024-09-01,Unknown,Premium,Male,28,East,West Bengal,Kolkata,Deluxe Room,Garden View,4,6790.71,0.05,25804.7,3386.82,1518.31,1,UPI,3.0
ORD67535,2024-09-21,Pooja Joshi,New,Male,19,West,Gujarat,Ahmedabad,Standard Room,Non-AC,1,2265.52,0.0,2265.52,415.57,902.41,1,UPI,1.0
ORD99403,2023-07-08,Myra Agarwal,Regular,Male,32,East,Jharkhand,Jamshedpur,Suite,Honeymoon Suite,2,16478.19,0.1,29660.74,6506.53,755.74,3,Credit Card,1.0
ORD63719,2023-11-02,Karan Kapoor,Premium,Female,34,North,Haryana,Faridabad,Suite,Junior Suite,1,13086.77,0.05,12432.43,1586.41,1736.78,2,Debit Card,2.0
ORD15131,2023-12-25,Tanya Reddy,Regular,Male,58,South,Kerala,Thiruvananthapuram,Villa,Pool Villa,1,54259.37,0.15,46120.46,12422.18,851.94,2,UPI,5.0
ORD97555,2024-11-03,Aarav Iyer,New,Male,40,East,Odisha,Bhubaneswar,Standard Room,Double,5,2790.49,0.05,13254.83,1288.38,273.76,3,UPI,3.0
ORD90805,2024-05-26,Varun Singh,Premium,Female,40,East,Odisha,Bhubaneswar,Standard Room,AC,2,3461.08,0.0,6922.16,1945.98,1690.05,2,Credit Card,4.0
ORD37564,2023-11-01,Aditya Khan,Regular,Female,56,East,West Bengal,Kolkata,Suite,Luxury Suite,2,16620.81,0.2,26593.3,6106.29,966.27,2,Credit Card,4.0
ORD93893,2024-11-14,Karan Joshi,Regular,Male,60,North,Punjab,Ludhiana,Villa,Hillside Villa,1,15050.42,0.15,12792.86,1469.25,1755.02,3,Net Banking,2.0
ORD33425,2023-01-12,Zara Mehta,Regular,Male,26,East,Odisha,Bhubaneswar,Standard Room,Non-AC,4,1914.87,0.05,7276.51,1150.35,1932.59,0,Wallet,5.0
ORD66994,2023-03-09,Kiara Reddy,New,Male,40,West,Maharashtra,Pune,Villa,Pool Villa,2,27197.32,0.2,43515.71,4255.35,251.78,0,Debit Card,2.0
ORD70395,2023-11-30,Yash Reddy,Regular,Male,30,East,Odisha,Cuttack,Banquet/Event,Conference Hall,1,114794.03,0.05,109054.33,15520.58,1944.77,2,Wallet,3.0
ORD48874,2023-03-30,Kiara Joshi,Premium,Male,55,West,Maharashtra,Mumbai,Banquet/Event,Conference Hall,1,92651.81,0.05,88019.22,12588.63,1181.22,3,Credit Card,1.0
ORD37881,2023-02-05,Pooja Bhatt,Regular,Female,31,North,Punjab,Amritsar,Standard Room,AC,5,3554.89,0.05,16885.73,3711.85,1987.81,2,Net Banking,2.0
ORD88029,2023-12-26,Simran Bhatt,Regular,Female,24,North,Haryana,Gurugram,Deluxe Room,Pool View,1,5222.04,0.0,5222.04,-195.4,641.06,2,Wallet,2.0
ORD86666,2024-09-10,Kabir Kapoor,Regular,Female,55,North,Uttar Pradesh,Lucknow,Banquet/Event,Wedding Hall,1,143573.15,0.0,143573.15,50048.69,1700.6,1,Credit Card,5.0
ORD68839,2024-11-18,Anika Kapoor,Premium,Female,31,South,Kerala,Thiruvananthapuram,Standard Room,AC,4,1573.13,0.1,5663.27,713.95,1027.61,2,UPI,2.0
ORD24855,2024-05-05,Isha Bhatt,Premium,Male,29,East,Odisha,Cuttack,Deluxe Room,Garden View,1,6919.1,0.0,6919.1,560.77,300.26,3,Debit Card,1.0
ORD44228,2024-11-14,Vihaan Agarwal,Regular,Male,29,South,Kerala,Thiruvananthapuram,Villa,Hillside Villa,2,29476.73,0.05,56005.79,6453.74,938.07,1,UPI,3.0
ORD69184,2023-12-08,Aryan Joshi,Regular,Female,47,North,Uttar Pradesh,Noida,Standard Room,Twin Sharing,2,1752.05,0.05,3328.89,1104.72,1616.09,0,Credit Card,5.0
ORD74339,2023-12-14,Priya Bhatt,Premium,Male,53,East,West Bengal,Kolkata,Deluxe Room,Executive,2,5360.84,0.15,9113.43,764.04,1067.95,3,UPI,2.0
ORD38136,2024-03-20,Nisha Chopra,New,Male,22,East,Jharkhand,Ranchi,Standard Room,AC,5,3202.27,0.15,13609.65,3366.61,510.68,3,Debit Card,1.0
ORD62373,2024-05-27,Ishaan Khan,Regular,Female,39,South,Karnataka,Mysuru,Deluxe Room,Garden View,1,4224.31,0.1,3801.88,499.97,1758.83,0,Net Banking,5.0
ORD12346,2023-02-24,Priya Singh,Regular,Female,18,East,Odisha,Bhubaneswar,Suite,Presidential Suite,2,19790.34,0.05,37601.65,6434.4,585.85,3,Wallet,3.0
ORD15695,2024-09-30,Ira Joshi,New,Female,34,East,West Bengal,Howrah,Deluxe Room,Garden View,4,6596.83,0.2,21109.86,6960.27,1505.13,0,Net Banking,1.0
ORD50624,2024-02-24,Sneha Pillai,Regular,Female,25,North,Uttar Pradesh,Noida,Suite,Family Suite,2,24451.75,0.0,48903.5,4657.22,1832.55,2,Net Banking,4.0
ORD84182,2024-05-18,Ayaan Nair,Regular,Female,46,South,Telangana,Warangal,Banquet/Event,Rooftop Party,1,104812.31,0.05,99571.69,31064.43,1856.31,0,Wallet,2.0
ORD35814,2023-04-19,Nisha Reddy,New,Male,37,South,Tamil Nadu,Chennai,Suite,Luxury Suite,1,14810.67,0.15,12589.07,3558.91,1837.14,1,Debit Card,1.0
ORD51179,2024-03-23,Varun Gupta,Premium,Female,22,North,Haryana,Faridabad,Suite,Luxury Suite,1,13835.84,0.0,13835.84,3557.26,1641.72,3,Credit Card,5.0
ORD23033,2024-08-20,Kiara Das,Regular,Female,23,South,Karnataka,Bengaluru,Standard Room,AC,4,2736.43,0.15,9303.86,2107.38,1154.43,0,Wallet,4.0
ORD25054,2023-11-01,Riya Mehta,Premium,Male,58,South,Telangana,Warangal,Deluxe Room,Business,1,5549.88,0.0,5549.88,1163.4,529.37,2,UPI,3.0
ORD66282,2024-06-26,Ayaan Kapoor,Regular,Male,57,East,Jharkhand,Jamshedpur,Banquet/Event,Small Meeting Room,1,146629.15,0.0,146629.15,51042.55,1235.46,2,Debit Card,3.0
ORD72874,2023-11-16,Nisha Iyer,Regular,Female,42,East,West Bengal,Howrah,Villa,2BHK Villa,1,27147.45,0.1,24432.71,3906.56,1012.13,2,Wallet,4.0
ORD87392,2024-05-16,Pari Joshi,Regular,Male,44,West,Gujarat,Surat,Suite,Junior Suite,2,24036.23,0.05,45668.84,12359.46,1789.26,2,Net Banking,1.0
ORD49527,2024-04-21,Ayaan Reddy,New,Female,45,North,Uttar Pradesh,Lucknow,Deluxe Room,Business,4,5936.86,0.05,22560.07,5924.64,926.9,3,Debit Card,3.0
ORD26750,2023-02-19,Riya Iyer,Premium,Male,53,South,Kerala,Kochi,Suite,Honeymoon Suite,1,12720.38,0.15,10812.32,2833.9,1693.68,2,Wallet,3.0
ORD57006,2024-02-13,Simran Rao,Premium,Female,44,North,Uttar Pradesh,Noida,Deluxe Room,Business,1,3554.69,0.2,2843.75,446.79,1948.05,0,Debit Card,3.0
ORD14414,2024-06-01,Rahul Chopra,Regular,Male,46,South,Kerala,Kochi,Suite,Luxury Suite,2,21123.98,0.1,38023.16,3114.53,1198.08,0,Net Banking,3.0
ORD85831,2024-08-31,Aarav Rao,Regular,Female,49,West,Goa,Panaji,Villa,2BHK Villa,1,27301.69,0.05,25936.61,176.32,1223.83,1,Net Banking,3.0
ORD29996,2024-04-04,Nisha Reddy,Regular,Female,18,South,Tamil Nadu,Chennai,Villa,Beach Villa,1,25435.36,0.2,20348.29,1785.2,590.66,0,Wallet,4.0
ORD40243,2023-02-16,Neha Pillai,Regular,Male,27,North,Uttar Pradesh,Noida,Villa,Hillside Villa,2,48233.48,0.1,86820.26,7269.3,457.81,3,Debit Card,3.0
ORD31584,2023-09-03,Yash Reddy,Regular,Male,28,West,Rajasthan,Jaipur,Villa,2BHK Villa,1,48302.3,0.1,43472.07,3863.8,228.88,0,Net Banking,1.0
ORD32476,2023-10-03,Vivaan Agarwal,Regular,Female,62,West,Rajasthan,Jaipur,Villa,Hillside Villa,1,38825.62,0.05,36884.34,8868.14,931.57,3,UPI,4.0
ORD24703,2024-01-29,Vivaan Verma,New,Female,52,South,Tamil Nadu,Chennai,Standard Room,AC,4,1697.41,0.05,6450.16,1938.64,887.07,1,Credit Card,2.0
ORD29243,2023-05-26,Isha Sharma,New,Male,56,South,Telangana,Hyderabad,Banquet/Event,Wedding Hall,1,93909.8,0.2,75127.84,6522.34,403.84,1,Debit Card,2.0
ORD32946,2023-07-17,Kabir Sharma,New,Male,59,East,Bihar,Gaya,Suite,Presidential Suite,1,22298.27,0.15,18953.53,3419.19,1035.82,1,Wallet,4.0
ORD31970,2023-05-07,Meera Malhotra,Premium,Male,50,East,Jharkhand,Ranchi,Standard Room,Non-AC,5,3172.06,0.15,13481.25,3621.9,545.94,3,Debit Card,1.0
ORD14012,2024-02-29,Krishna Patel,Premium,Female,32,South,Karnataka,Bengaluru,Deluxe Room,Pool View,1,4774.98,0.2,3819.98,931.35,1465.51,0,Credit Card,4.0
ORD51956,2023-05-09,Ira Joshi,Regular,Male,55,South,Telangana,Hyderabad,Banquet/Event,Conference Hall,1,31667.78,0.1,28501.0,4296.93,527.25,3,Net Banking,3.0
ORD43848,2024-12-14,Ishaan Rao,Regular,Female,28,North,Punjab,Ludhiana,Deluxe Room,Executive,3,7712.24,0.15,19666.21,2461.11,1486.32,2,Wallet,3.0
ORD67455,2024-10-10,Vihaan Khan,Premium,Female,31,North,Haryana,Gurugram,Banquet/Event,Conference Hall,1,87862.02,0.0,87862.02,10996.22,411.23,1,Credit Card,5.0
ORD48640,2023-12-19,Vivaan Agarwal,Regular,Male,21,East,Bihar,Gaya,Suite,Honeymoon Suite,3,13400.97,0.15,34172.47,8156.87,600.69,1,Credit Card,5.0
ORD31045,2023-02-10,Saanvi Gupta,Regular,Male,63,North,Punjab,Ludhiana,Banquet/Event,Conference Hall,1,41205.69,0.1,37085.12,7621.21,1723.69,2,Credit Card,2.0
ORD47826,2023-10-31,Unknown,Regular,Female,36,East,Bihar,Gaya,Suite,Junior Suite,1,21439.66,0.05,20367.68,2807.51,1309.5,3,Net Banking,5.0
ORD30379,2023-01-03,Advait Rao,Regular,Female,18,East,Odisha,Cuttack,Deluxe Room,Business,2,5041.96,0.1,9075.53,2322.19,520.7,1,Wallet,4.0
ORD57393,2024-02-19,Simran Joshi,New,Male,30,West,Gujarat,Surat,Banquet/Event,Conference Hall,1,33117.66,0.15,28150.01,7134.06,755.44,0,Credit Card,4.0
ORD30968,2024-08-25,Rahul Agarwal,New,Female,29,South,Kerala,Kochi,Standard Room,Twin Sharing,5,3002.34,0.0,15011.7,1242.7,719.69,0,Credit Card,4.0
ORD26184,2023-06-08,Anika Patel,Regular,Female,25,South,Karnataka,Bengaluru,Deluxe Room,Pool View,4,4124.64,0.0,16498.56,1921.23,1305.74,0,UPI,2.0
ORD40002,2023-05-31,Aryan Kulkarni,Regular,Male,46,East,Bihar,Patna,Suite,Family Suite,1,18058.21,0.0,18058.21,3958.02,1593.03,1,Credit Card,1.0
ORD46019,2024-05-22,Sneha Patel,Regular,Female,32,South,Karnataka,Mysuru,Suite,Family Suite,3,20793.21,0.05,59260.65,17407.82,1691.71,0,Wallet,1.0
ORD15092,2023-04-16,Vivaan Malhotra,Regular,Male,41,East,West Bengal,Howrah,Standard Room,Single,3,1700.83,0.2,4081.99,1407.44,334.44,2,Net Banking,4.0
ORD79156,2024-01-04,Unknown,New,Female,44,East,Jharkhand,Ranchi,Standard Room,Non-AC,1,2309.48,0.2,1847.58,483.47,284.75,0,Wallet,3.0
ORD73172,2024-05-06,Rahul Gupta,Regular,Female,36,South,Tamil Nadu,Coimbatore,Suite,Presidential Suite,2,18915.52,0.0,37831.04,6737.7,1115.87,0,UPI,3.0
ORD50919,2023-04-14,Varun Patel,Regular,Female,51,East,Odisha,Cuttack,Banquet/Event,Poolside Event,1,71143.95,0.05,67586.75,10671.29,1295.69,1,Debit Card,1.0
ORD95068,2023-04-25,Advait Singh,Premium,Male,54,North,Punjab,Amritsar,Suite,Honeymoon Suite,1,23072.64,0.15,19611.74,3602.27,1853.32,2,Debit Card,5.0
ORD44364,2024-10-25,Vihaan Chopra,Premium,Male,26,West,Goa,Panaji,Deluxe Room,Executive,1,3503.27,0.2,2802.62,323.32,845.49,3,Debit Card,4.0
ORD79738,2023-12-10,Aarav Bhatt,Premium,Male,41,North,Haryana,Gurugram,Suite,Family Suite,1,17873.76,0.2,14299.01,2912.08,1293.78,3,Wallet,3.0
ORD36894,2024-01-16,Ira Sharma,Premium,Female,20,East,Odisha,Bhubaneswar,Standard Room,Double,5,3760.18,0.05,17860.85,3071.92,272.51,3,Net Banking,1.0
ORD61403,2023-11-29,Diya Kulkarni,Regular,Female,20,West,Maharashtra,Mumbai,Standard Room,AC,3,2984.9,0.2,7163.76,1497.94,1413.39,0,Wallet,3.0
ORD90570,2024-01-19,Varun Malhotra,Regular,Male,35,South,Telangana,Warangal,Villa,2BHK Villa,1,53368.76,0.15,45363.45,3856.69,1624.72,2,Debit Card,3.0
ORD66859,2023-05-24,Meera Verma,Regular,Female,32,East,West Bengal,Kolkata,Suite,Honeymoon Suite,1,18512.73,0.15,15735.82,4018.0,482.64,2,Net Banking,2.0
ORD19373,2024-05-05,Aman Singh,Regular,Female,48,East,West Bengal,Howrah,Banquet/Event,Small Meeting Room,1,46349.53,0.2,37079.62,10560.83,750.34,1,Wallet,1.0
ORD20549,2024-05-04,Nisha Iyer,New,Male,40,East,Bihar,Gaya,Villa,Beach Villa,2,35082.27,0.1,63148.09,15014.94,839.05,2,UPI,3.0
ORD60738,2023-02-22,Aditya Malhotra,Premium,Male,19,East,West Bengal,Howrah,Standard Room,Twin Sharing,3,3986.61,0.05,11361.84,1556.77,1310.88,2,Debit Card,2.0
ORD47103,2023-12-28,Pooja Patel,New,Male,48,South,Telangana,Warangal,Banquet/Event,Poolside Event,1,132497.65,0.15,112623.0,17982.35,1838.88,0,Net Banking,5.0
ORD10624,2023-10-19,Neha Iyer,New,Female,20,West,Gujarat,Ahmedabad,Standard Room,Twin Sharing,1,3285.32,0.1,2956.79,344.68,601.67,1,UPI,1.0
ORD14495,2023-05-08,Diya Kapoor,Regular,Male,46,North,Uttar Pradesh,Noida,Banquet/Event,Poolside Event,1,114379.15,0.0,114379.15,39611.19,575.65,1,Debit Card,3.0
ORD50695,2024-01-28,Ananya Das,New,Female,19,South,Kerala,Kochi,Deluxe Room,Executive,3,7610.24,0.15,19406.11,5444.83,1821.26,0,Wallet,2.0
ORD21021,2024-04-05,Anika Gupta,Regular,Female,61,West,Rajasthan,Udaipur,Villa,1BHK Villa,2,52360.68,0.2,83777.09,23376.91,597.7,0,Debit Card,4.0
ORD61761,2024-01-26,Priya Iyer,Regular,Female,52,North,Delhi,New Delhi,Banquet/Event,Small Meeting Room,1,149493.85,0.2,119595.08,33434.02,1901.86,3,Wallet,3.0
ORD13364,2023-08-25,Yash Patel,Premium,Female,55,East,Bihar,Gaya,Suite,Luxury Suite,3,9247.17,0.2,22193.21,3721.99,838.79,2,Wallet,3.0
ORD26078,2023-12-24,Aryan Khan,Regular,Male,59,South,Kerala,Kochi,Standard Room,Non-AC,3,3261.84,0.1,8806.97,1207.15,432.6,2,Net Banking,5.0
ORD67178,2024-09-02,Ayaan Gupta,Regular,Male,65,South,Karnataka,Bengaluru,Suite,Luxury Suite,1,18073.21,0.05,17169.55,2377.04,1222.52,1,Debit Card,1.0
ORD14579,2024-11-26,Aryan Kulkarni,Premium,Female,46,East,West Bengal,Howrah,Suite,Luxury Suite,1,16957.38,0.05,16109.51,2987.03,1196.29,0,Wallet,2.0
ORD21776,2024-04-23,Karan Chopra,Regular,Male,25,South,Telangana,Hyderabad,Deluxe Room,City View,3,5371.01,0.1,14501.73,4924.47,1007.73,0,UPI,4.0
ORD15861,2023-05-12,Zara Joshi,Regular,Male,53,South,Kerala,Thiruvananthapuram,Banquet/Event,Small Meeting Room,1,127893.25,0.15,108709.26,24803.63,1272.67,1,Wallet,3.0
ORD79466,2024-03-27,Krishna Patel,Regular,Male,26,East,Jharkhand,Jamshedpur,Banquet/Event,Wedding Hall,1,99436.58,0.0,99436.58,10703.35,1172.27,3,Debit Card,1.0
ORD14572,2023-02-24,Pooja Kapoor,Premium,Female,32,North,Punjab,Amritsar,Banquet/Event,Small Meeting Room,1,121473.48,0.05,115399.81,23257.54,1142.63,2,Debit Card,3.0
ORD31134,2024-09-21,Advait Gupta,New,Male,36,South,Tamil Nadu,Coimbatore,Banquet/Event,Wedding Hall,1,56347.14,0.05,53529.78,15293.1,774.54,0,Credit Card,2.0
ORD31335,2023-10-29,Meera Iyer,Premium,Female,43,East,Odisha,Cuttack,Villa,Beach Villa,1,47640.72,0.2,38112.58,4016.09,1542.16,1,Wallet,1.0
ORD23484,2024-04-08,Vivaan Gupta,Regular,Male,60,West,Gujarat,Surat,Villa,Hillside Villa,2,41068.52,0.15,69816.48,19136.23,1280.9,1,UPI,4.0
ORD59632,2024-08-10,Karan Reddy,New,Female,44,North,Punjab,Amritsar,Villa,Pool Villa,2,44034.95,0.05,83666.4,22255.37,1743.43,3,Debit Card,3.0
ORD73146,2023-04-02,Isha Joshi,New,Male,55,North,Punjab,Amritsar,Deluxe Room,City View,2,5634.45,0.05,10705.45,1484.32,745.3,3,Credit Card,1.0
ORD58420,2023-06-07,Pari Rao,Regular,Female,25,East,Bihar,Gaya,Villa,1BHK Villa,1,40237.62,0.05,38225.74,8684.68,716.28,2,UPI,4.0
ORD46829,2024-12-02,Rahul Agarwal,Regular,Female,42,West,Rajasthan,Jaipur,Standard Room,AC,1,3622.86,0.2,2898.29,780.74,1504.52,3,Credit Card,1.0
ORD39124,2023-06-23,Varun Reddy,Premium,Female,63,East,Odisha,Cuttack,Banquet/Event,Poolside Event,1,47841.58,0.05,45449.5,12805.74,1803.58,1,Wallet,4.0
ORD17482,2023-11-28,Isha Bhatt,Regular,Male,59,East,West Bengal,Kolkata,Deluxe Room,Pool View,4,6227.36,0.0,24909.44,5034.65,1809.9,2,Debit Card,3.0
ORD31631,2024-06-14,Ira Malhotra,Regular,Male,34,West,Maharashtra,Pune,Villa,Beach Villa,2,29465.05,0.0,58930.1,14574.09,1439.38,0,Credit Card,2.0
ORD48479,2023-04-29,Aarav Pillai,Regular,Female,55,South,Tamil Nadu,Coimbatore,Suite,Family Suite,3,13776.2,0.1,37195.74,11630.75,869.47,0,Credit Card,5.0
ORD84623,2024-07-06,Ira Iyer,Regular,Female,27,South,Karnataka,Bengaluru,Villa,Pool Villa,1,54103.35,0.15,45987.85,12969.79,642.15,0,Wallet,3.0
ORD44413,2024-01-08,Nisha Malhotra,Regular,Male,36,South,Kerala,Thiruvananthapuram,Banquet/Event,Conference Hall,1,138329.23,0.05,131412.77,24403.4,1737.78,0,Wallet,1.0
ORD80778,2023-02-02,Anika Iyer,Regular,Male,65,North,Uttar Pradesh,Lucknow,Deluxe Room,Pool View,3,6612.22,0.15,16861.16,2739.16,902.21,3,Credit Card,3.0
ORD86258,2023-03-26,Aditya Nair,Regular,Male,54,West,Rajasthan,Jaipur,Villa,1BHK Villa,2,48818.29,0.2,78109.26,9368.19,1229.77,0,Wallet,3.0
ORD48171,2024-11-18,Kavya Das,Premium,Female,49,South,Karnataka,Mysuru,Villa,2BHK Villa,2,43565.25,0.0,87130.5,11037.16,702.31,0,UPI,2.0
ORD26468,2024-01-21,Kavya Kapoor,Premium,Female,41,East,Jharkhand,Jamshedpur,Suite,Honeymoon Suite,2,17344.05,0.1,31219.29,4943.93,205.98,3,Credit Card,1.0
ORD18801,2024-05-11,Aman Das,Regular,Male,58,South,Tamil Nadu,Coimbatore,Suite,Presidential Suite,3,12760.75,0.2,30625.8,8019.71,1604.14,1,UPI,4.0
ORD92813,2024-10-08,Pari Agarwal,Regular,Female,51,West,Rajasthan,Jaipur,Suite,Luxury Suite,3,13447.79,0.15,34291.86,10211.17,1606.16,3,Wallet,4.0
ORD75712,2024-12-06,Rahul Bhatt,New,Female,40,West,Maharashtra,Pune,Standard Room,Single,4,2001.8,0.15,6806.12,1650.76,235.79,2,Wallet,3.0
ORD41392,2024-12-09,Vivaan Singh,Regular,Female,37,West,Gujarat,Surat,Suite,Junior Suite,3,19994.6,0.1,53985.42,6932.16,1293.56,1,Net Banking,2.0
ORD46334,2023-08-03,Neha Singh,Premium,Female,60,North,Haryana,Faridabad,Villa,2BHK Villa,1,53214.72,0.0,53214.72,6507.57,656.17,2,Debit Card,2.0
ORD80619,2024-07-29,Simran Reddy,Regular,Female,64,South,Tamil Nadu,Coimbatore,Suite,Honeymoon Suite,1,13610.48,0.1,12249.43,3617.14,596.7,3,Wallet,1.0
ORD22394,2023-11-20,Meera Singh,Regular,Male,38,South,Karnataka,Mysuru,Standard Room,AC,1,2488.05,0.0,2488.05,387.9,1399.44,0,Net Banking,3.0
ORD93163,2023-04-17,Kiara Khan,Regular,Female,33,South,Karnataka,Mysuru,Suite,Family Suite,2,14127.58,0.1,25429.64,8841.39,733.3,0,Credit Card,4.0
ORD80598,2023-05-17,Ishaan Pillai,Regular,Male,37,East,West Bengal,Kolkata,Standard Room,Non-AC,4,2359.67,0.05,8966.75,2247.02,253.45,0,Wallet,2.0
ORD97284,2023-11-26,Pari Rao,Premium,Male,32,South,Kerala,Thiruvananthapuram,Villa,Hillside Villa,1,46136.21,0.05,43829.4,11640.66,995.6,1,UPI,1.0
ORD59891,2023-07-28,Aman Gupta,Regular,Female,46,North,Haryana,Faridabad,Suite,Presidential Suite,3,22573.31,0.1,60947.94,19548.49,1435.03,3,UPI,1.0
ORD47993,2024-04-24,Ishaan Das,Regular,Female,36,East,Bihar,Gaya,Standard Room,AC,1,3341.06,0.15,2839.9,827.21,1794.56,0,UPI,1.0
ORD99518,2023-04-15,Karan Reddy,Regular,Female,41,South,Kerala,Thiruvananthapuram,Standard Room,Single,3,1849.1,0.0,5547.3,1715.63,1005.41,0,Debit Card,1.0
ORD17156,2023-04-07,Meera Nair,New,Male,50,South,Karnataka,Mysuru,Suite,Presidential Suite,3,10550.47,0.1,28486.27,4078.05,215.05,3,Debit Card,2.0
